-- MySQL dump 10.13  Distrib 8.0.19, for Linux (x86_64)
--
-- Host: localhost    Database: vk
-- ------------------------------------------------------
-- Server version	8.0.19

/*!40101 SET @OLD_CHARACTER_SET_CLIENT=@@CHARACTER_SET_CLIENT */;
/*!40101 SET @OLD_CHARACTER_SET_RESULTS=@@CHARACTER_SET_RESULTS */;
/*!40101 SET @OLD_COLLATION_CONNECTION=@@COLLATION_CONNECTION */;
/*!50503 SET NAMES utf8mb4 */;
/*!40103 SET @OLD_TIME_ZONE=@@TIME_ZONE */;
/*!40103 SET TIME_ZONE='+00:00' */;
/*!40014 SET @OLD_UNIQUE_CHECKS=@@UNIQUE_CHECKS, UNIQUE_CHECKS=0 */;
/*!40014 SET @OLD_FOREIGN_KEY_CHECKS=@@FOREIGN_KEY_CHECKS, FOREIGN_KEY_CHECKS=0 */;
/*!40101 SET @OLD_SQL_MODE=@@SQL_MODE, SQL_MODE='NO_AUTO_VALUE_ON_ZERO' */;
/*!40111 SET @OLD_SQL_NOTES=@@SQL_NOTES, SQL_NOTES=0 */;

--
-- Table structure for table `communities`
--

DROP TABLE IF EXISTS `communities`;
/*!40101 SET @saved_cs_client     = @@character_set_client */;
/*!50503 SET character_set_client = utf8mb4 */;
CREATE TABLE `communities` (
  `id` int unsigned NOT NULL AUTO_INCREMENT,
  `name` varchar(150) CHARACTER SET utf8 COLLATE utf8_unicode_ci NOT NULL,
  PRIMARY KEY (`id`),
  UNIQUE KEY `name` (`name`),
  UNIQUE KEY `communities_name_idx` (`name`)
) ENGINE=InnoDB AUTO_INCREMENT=192 DEFAULT CHARSET=utf8 COLLATE=utf8_unicode_ci;
/*!40101 SET character_set_client = @saved_cs_client */;

--
-- Dumping data for table `communities`
--

LOCK TABLES `communities` WRITE;
/*!40000 ALTER TABLE `communities` DISABLE KEYS */;
INSERT INTO `communities` VALUES (1,'accusantium'),(2,'commodi'),(3,'culpa'),(4,'delectus'),(5,'dolor'),(6,'dolores'),(7,'est'),(8,'et'),(9,'fugiat'),(10,'id'),(11,'magnam'),(12,'molestias'),(13,'non'),(14,'pariatur'),(15,'quas'),(16,'qui'),(17,'totam'),(18,'ut'),(19,'vero'),(20,'vitae');
/*!40000 ALTER TABLE `communities` ENABLE KEYS */;
UNLOCK TABLES;

--
-- Table structure for table `communities_users`
--

DROP TABLE IF EXISTS `communities_users`;
/*!40101 SET @saved_cs_client     = @@character_set_client */;
/*!50503 SET character_set_client = utf8mb4 */;
CREATE TABLE `communities_users` (
  `community_id` int unsigned NOT NULL,
  `user_id` int unsigned NOT NULL,
  PRIMARY KEY (`community_id`,`user_id`),
  KEY `communities_users_user_id_fk` (`user_id`),
  CONSTRAINT `communities_users_community_id_fk` FOREIGN KEY (`community_id`) REFERENCES `communities` (`id`) ON DELETE CASCADE,
  CONSTRAINT `communities_users_user_id_fk` FOREIGN KEY (`user_id`) REFERENCES `users` (`id`) ON DELETE CASCADE
) ENGINE=InnoDB DEFAULT CHARSET=utf8 COLLATE=utf8_unicode_ci;
/*!40101 SET character_set_client = @saved_cs_client */;

--
-- Dumping data for table `communities_users`
--

LOCK TABLES `communities_users` WRITE;
/*!40000 ALTER TABLE `communities_users` DISABLE KEYS */;
INSERT INTO `communities_users` VALUES (9,1),(3,3),(9,4),(5,5),(3,8),(16,8),(8,10),(9,10),(14,10),(2,14),(14,14),(16,14),(10,15),(3,17),(4,17),(1,19),(8,22),(16,22),(3,23),(5,25),(19,27),(8,30),(13,30),(7,31),(16,31),(1,32),(5,32),(7,33),(15,33),(3,36),(8,38),(11,39),(19,39),(1,42),(2,42),(14,42),(15,43),(17,43),(16,44),(19,45),(18,46),(4,47),(11,47),(1,51),(8,52),(20,56),(19,57),(7,58),(18,58),(4,59),(11,59),(7,60),(10,60),(19,60),(8,62),(12,62),(13,63),(12,66),(12,69),(14,71),(1,73),(12,73),(3,74),(12,74),(14,76),(17,76),(18,78),(9,79),(1,81),(5,82),(19,82),(1,84),(6,84),(6,85),(19,85),(12,87),(9,89),(13,89),(10,90),(16,90),(4,91),(12,91),(15,91),(16,91),(20,91),(10,92),(19,92),(1,93),(7,93),(9,94),(3,96),(19,96),(14,97),(1,98),(20,98),(3,99),(19,99),(5,100),(10,100),(11,102),(10,103),(20,103),(2,104),(19,104),(5,105),(18,106),(4,107),(4,108),(15,108),(6,109),(5,110),(16,110),(16,111),(17,112),(1,114),(4,115),(13,116),(20,116),(10,117),(7,118),(13,118),(14,119),(4,121),(11,122),(3,124),(10,125),(5,126),(20,127),(14,128),(5,129),(2,130),(11,131),(14,131),(8,132),(19,133),(7,135),(12,135),(4,136),(13,137),(8,140),(3,141),(16,142),(3,143),(11,143),(8,144),(18,146),(1,147),(15,147),(1,149),(7,149),(11,149),(20,149),(5,150),(6,151),(14,151),(2,153),(10,154),(3,155),(13,155),(10,156),(3,158),(6,158),(15,160),(5,161),(1,162),(7,162),(1,163),(2,164),(3,164),(14,165),(16,165),(18,166),(8,167),(18,167),(6,169),(7,170),(17,172),(16,174),(17,174),(1,176),(2,177),(8,177),(1,178),(6,179),(10,179),(12,180),(20,182),(11,183),(13,184),(12,190),(13,191),(17,191),(9,193),(13,196),(18,196),(19,196),(8,197),(1,198),(13,198),(4,199),(7,199),(1,200),(10,200),(11,202),(17,202),(2,203),(13,203),(9,204),(18,207),(2,209),(5,212),(3,214),(7,215),(20,215),(14,216),(15,217),(19,219),(16,220),(18,220),(5,221),(10,222),(19,223),(5,224),(11,224),(13,224),(14,224),(19,224),(2,225),(8,225),(12,225),(6,226),(7,226),(10,226),(2,227),(4,227),(20,229),(2,231),(2,233),(16,233),(17,233),(15,234),(20,235),(3,239),(7,239),(17,239),(9,240),(5,241),(14,241),(8,243),(1,244),(19,245),(13,246),(13,247),(14,247),(11,248),(13,248),(16,248),(8,250),(5,251),(1,252),(19,252),(15,253),(11,256),(1,257),(11,257),(9,258),(11,258),(4,264),(7,264),(8,264),(11,264),(20,265),(4,267),(12,267),(15,267),(3,269),(6,272),(2,274),(16,274),(17,274),(3,275),(19,276),(16,278),(20,278),(3,285),(18,285),(20,286),(1,287),(9,287),(13,287),(10,288),(7,289),(11,289),(12,292),(18,292),(19,292),(3,296),(5,298),(4,299),(13,299),(13,302),(15,302),(19,303),(19,305),(12,306),(17,306),(20,306),(8,309),(14,309),(2,310),(6,310),(11,310),(14,310),(2,311),(8,311),(18,311),(20,311),(3,312),(7,312),(3,314),(5,315),(12,316),(20,316),(14,318),(1,319),(16,319),(12,320),(18,320),(16,322),(1,323),(3,323),(9,324),(3,325),(8,325),(12,325),(4,326),(13,326),(14,327),(15,328),(9,332),(3,333),(7,334),(13,334),(14,334),(11,336),(11,337),(11,339),(6,340),(10,342),(12,342),(10,343),(11,343),(4,345),(8,346),(10,346),(8,349),(18,349),(5,350),(12,350),(16,350),(9,351),(5,352),(20,354),(13,357),(6,360),(10,360),(13,361),(4,362),(4,363),(3,365),(7,366),(9,366),(3,368),(4,369),(10,369),(4,370),(10,370),(10,371),(8,372),(11,372),(15,372),(18,373),(12,377),(8,378),(5,379),(10,379),(16,379),(4,380),(2,383),(3,383),(8,386),(17,386),(19,386),(13,387),(8,388),(18,390),(3,391),(2,392),(3,393),(15,393),(15,396),(1,400),(7,401),(9,402),(15,402),(17,402),(19,402),(8,404),(17,404),(7,406),(10,406),(14,408),(15,412),(20,412),(1,414),(9,414),(9,416),(10,417),(6,418),(7,418),(11,418),(17,418),(18,419),(12,421),(19,421),(19,422),(7,423),(5,424),(11,424),(16,424),(20,424),(2,425),(11,425),(2,426),(12,426),(16,427),(6,431),(3,432),(4,432),(13,436),(14,437),(12,438),(10,439),(16,439),(13,440),(9,441),(5,442),(8,443),(6,444),(3,446),(7,446),(12,446),(10,448),(8,452),(12,452),(11,455),(17,456),(5,460),(13,460),(17,460),(17,461),(17,463),(2,466),(19,466),(17,470),(3,471),(14,471),(3,472),(19,473),(16,474),(20,474),(10,475),(14,478),(5,479),(4,480),(5,480),(3,482),(6,483),(19,483),(12,484),(16,485),(18,485),(2,486),(3,486),(8,486),(10,486),(16,486),(19,486),(10,487),(17,488),(5,490),(8,491),(3,492),(6,494),(13,494),(14,494),(19,494),(19,495),(9,496),(20,497);
/*!40000 ALTER TABLE `communities_users` ENABLE KEYS */;
UNLOCK TABLES;

--
-- Table structure for table `friendship`
--

DROP TABLE IF EXISTS `friendship`;
/*!40101 SET @saved_cs_client     = @@character_set_client */;
/*!50503 SET character_set_client = utf8mb4 */;
CREATE TABLE `friendship` (
  `user_id` int unsigned NOT NULL,
  `friend_id` int unsigned NOT NULL,
  `status_id` int unsigned DEFAULT NULL,
  `requested_at` datetime DEFAULT CURRENT_TIMESTAMP,
  `confirmed_at` datetime DEFAULT NULL,
  PRIMARY KEY (`user_id`,`friend_id`),
  KEY `friendship_status_id_fk` (`status_id`),
  KEY `friendship_friend_id_idx` (`friend_id`),
  CONSTRAINT `friendship_friend_id_fk` FOREIGN KEY (`friend_id`) REFERENCES `users` (`id`) ON DELETE CASCADE,
  CONSTRAINT `friendship_status_id_fk` FOREIGN KEY (`status_id`) REFERENCES `friendship_statuses` (`id`) ON DELETE SET NULL,
  CONSTRAINT `friendship_user_id_fk` FOREIGN KEY (`user_id`) REFERENCES `users` (`id`) ON DELETE CASCADE
) ENGINE=InnoDB DEFAULT CHARSET=utf8 COLLATE=utf8_unicode_ci;
/*!40101 SET character_set_client = @saved_cs_client */;

--
-- Dumping data for table `friendship`
--

LOCK TABLES `friendship` WRITE;
/*!40000 ALTER TABLE `friendship` DISABLE KEYS */;
INSERT INTO `friendship` VALUES (1,461,1,'2011-05-12 16:10:35','1979-03-29 12:43:30'),(2,395,1,'1980-05-18 05:46:47','2010-07-01 16:27:51'),(3,24,2,'2015-06-11 12:53:50','2001-01-31 10:58:57'),(3,242,1,'1975-01-11 06:55:22','2009-07-20 04:46:45'),(3,436,2,'1970-08-21 06:34:50','1984-09-08 06:18:49'),(4,177,1,'2009-03-26 18:32:51','1980-05-03 00:10:43'),(4,411,1,'2008-08-11 05:14:42','2016-09-24 20:06:43'),(5,186,1,'2014-11-22 20:20:06','2002-02-01 07:21:32'),(6,358,1,'2014-11-06 13:16:38','2003-06-25 22:49:20'),(7,101,1,'2004-06-21 17:15:26','1996-03-21 22:25:40'),(7,426,2,'2005-08-16 08:27:50','1998-05-15 17:37:58'),(8,8,2,'1997-04-18 16:34:35','1973-04-11 07:47:44'),(8,235,1,'1985-04-08 20:24:36','1972-04-13 13:26:32'),(11,253,2,'2016-02-04 17:55:56','1989-02-12 16:39:46'),(12,95,2,'1970-01-14 00:49:02','2014-12-16 09:25:09'),(14,45,2,'1996-05-31 13:03:32','1991-06-03 11:22:04'),(14,97,2,'1997-03-26 05:46:13','2000-09-10 04:55:02'),(14,127,1,'2005-08-30 20:27:06','1985-11-25 05:19:30'),(16,311,2,'2018-09-11 15:56:11','1981-08-21 09:43:36'),(17,129,1,'1975-01-02 03:03:49','1996-03-23 14:29:19'),(19,169,1,'1998-11-04 02:17:14','1992-10-16 06:20:13'),(23,66,2,'1991-03-21 23:43:48','1975-02-15 06:24:39'),(25,320,1,'2008-04-28 18:17:16','2002-09-25 08:01:20'),(26,281,2,'1978-02-02 08:05:05','1993-06-01 03:46:04'),(27,171,2,'1980-08-18 01:10:23','1981-02-25 12:13:55'),(28,178,1,'1981-09-29 08:31:19','2002-01-01 09:20:44'),(28,213,1,'1984-10-01 17:03:46','2002-05-28 17:31:39'),(30,298,1,'2014-07-03 05:30:47','2013-01-25 05:57:07'),(31,292,1,'2012-08-19 06:26:07','1994-05-19 10:00:40'),(32,383,2,'1990-11-08 10:25:01','1977-06-01 16:26:25'),(33,115,2,'1990-06-20 12:40:52','1989-08-16 07:28:27'),(33,470,1,'2005-11-07 21:01:48','2004-02-13 03:19:33'),(34,241,2,'1971-08-06 00:30:54','1974-07-16 12:32:35'),(34,323,1,'1980-04-17 14:54:23','2006-10-26 05:52:01'),(34,453,1,'2004-12-17 16:46:31','1980-12-02 15:19:43'),(35,245,2,'2003-04-18 04:25:35','1970-05-03 23:01:44'),(36,368,2,'1988-02-04 08:36:57','2001-05-08 03:36:39'),(37,40,1,'1989-03-15 10:09:41','2001-09-10 15:31:21'),(37,46,2,'1982-09-17 04:27:21','2011-07-12 11:42:20'),(39,158,2,'1986-04-06 12:23:11','1981-02-07 22:36:01'),(40,11,2,'2004-03-21 03:22:53','2002-10-27 10:48:18'),(42,97,2,'1997-06-08 21:04:38','1985-05-02 22:05:29'),(43,7,2,'1983-08-28 14:06:20','1991-11-12 08:42:42'),(45,12,1,'2013-03-17 15:59:27','1978-03-03 10:35:49'),(45,491,1,'1979-07-04 05:25:13','2019-02-02 14:15:01'),(47,296,2,'1991-05-14 02:07:21','1975-09-12 23:26:28'),(48,496,2,'2008-01-08 18:43:54','2005-09-09 18:24:10'),(49,238,1,'2007-08-20 21:14:17','2005-11-23 10:52:50'),(50,101,1,'2008-07-22 04:21:58','1988-04-14 15:11:28'),(50,248,2,'1974-05-30 20:28:31','1996-08-14 02:05:49'),(50,331,1,'1998-09-18 13:02:28','2011-08-13 04:32:38'),(52,94,1,'2001-09-12 23:28:51','2005-10-17 13:50:15'),(52,457,2,'2006-05-01 18:30:49','2016-09-10 11:36:53'),(56,418,2,'1989-08-25 01:05:44','2010-06-21 17:56:47'),(58,36,2,'1977-08-27 09:54:27','1985-07-30 17:50:56'),(58,129,2,'2007-04-14 23:04:36','1970-06-07 02:06:41'),(59,157,1,'1987-11-13 11:04:37','1995-09-13 07:48:52'),(60,375,1,'1971-05-02 15:23:43','1976-12-15 20:51:40'),(62,12,2,'1987-08-29 03:38:06','1990-07-16 00:03:22'),(63,147,2,'1979-08-27 14:48:39','1974-12-28 11:24:05'),(65,326,1,'1979-10-02 18:20:08','1995-04-05 08:27:33'),(66,124,1,'1984-09-15 03:57:22','1990-12-01 09:48:47'),(67,130,1,'2015-10-20 18:05:37','1990-05-04 11:24:27'),(67,197,1,'2009-12-09 17:14:25','1990-10-23 14:59:18'),(69,182,2,'2003-09-03 18:48:54','1995-08-07 20:20:16'),(71,299,1,'1977-06-24 00:26:40','1987-08-23 20:31:51'),(72,171,2,'2013-06-29 20:07:20','2006-05-14 07:21:55'),(73,350,1,'1974-09-18 04:40:28','2016-07-28 05:12:05'),(74,147,1,'1985-08-03 22:50:07','1990-10-05 09:55:41'),(77,132,1,'1970-07-05 01:45:06','1987-09-21 03:34:44'),(78,500,1,'1984-12-13 00:28:57','1978-01-09 15:11:46'),(81,220,2,'1973-07-08 16:40:13','1976-12-12 21:13:59'),(81,402,1,'2008-09-16 13:20:19','2003-03-21 11:29:21'),(82,399,1,'2000-10-29 03:41:40','1985-03-12 01:30:49'),(82,494,2,'2014-05-07 08:27:28','2008-05-30 06:54:45'),(83,117,1,'1980-12-30 12:19:22','2015-06-12 06:53:11'),(84,327,2,'1988-03-13 02:27:09','1974-07-16 09:33:46'),(85,227,2,'2009-02-19 04:48:08','2004-07-15 11:29:26'),(85,497,2,'2006-09-23 14:10:20','1993-09-07 02:54:20'),(86,168,2,'1973-04-22 01:21:32','1992-10-20 04:50:06'),(87,191,1,'1983-07-09 19:08:08','2008-10-22 02:17:47'),(87,317,1,'1980-03-10 14:56:44','1988-07-23 05:05:14'),(91,68,2,'1993-07-05 06:51:04','2018-02-19 13:19:21'),(92,57,2,'2013-12-06 21:30:53','1970-10-10 19:05:14'),(92,80,1,'1974-01-07 12:25:42','1998-01-15 22:13:16'),(92,427,1,'2013-11-10 12:31:38','2014-05-10 22:02:27'),(92,453,1,'2016-09-30 18:27:03','1999-12-16 20:30:36'),(93,129,2,'1970-02-09 15:25:47','1982-10-05 18:46:40'),(93,171,2,'1973-07-14 17:01:16','1974-03-10 16:16:26'),(93,299,1,'1990-06-23 16:14:27','2003-12-12 21:04:33'),(94,112,1,'2017-02-15 07:13:07','1996-03-02 23:18:03'),(95,2,2,'2012-02-28 18:55:18','1974-05-18 16:07:13'),(96,148,2,'2006-03-20 02:27:38','1975-06-25 23:32:28'),(97,168,1,'2005-08-28 23:06:39','2016-09-27 18:22:51'),(97,443,1,'2006-04-01 03:49:03','2016-06-30 02:47:15'),(98,78,1,'1982-03-07 08:11:55','2014-07-24 01:44:04'),(98,430,1,'1994-06-12 09:31:39','2001-04-28 16:08:58'),(99,9,1,'1985-01-30 08:22:01','1976-10-19 22:34:07'),(99,240,2,'2019-04-30 18:12:36','1974-07-06 05:08:22'),(99,258,2,'1993-01-13 11:50:29','1976-01-16 19:41:59'),(101,218,2,'1976-03-23 19:02:10','2002-03-12 14:21:27'),(102,287,1,'1984-02-25 06:22:44','1984-12-23 20:26:47'),(102,320,1,'1971-12-07 14:47:30','1975-04-28 12:47:24'),(105,473,2,'1995-06-05 21:05:16','2007-12-01 19:32:16'),(107,464,2,'2002-02-02 23:55:01','1979-04-23 18:59:52'),(108,57,2,'2017-04-19 13:32:37','2012-09-06 21:23:04'),(108,494,1,'1978-02-20 15:45:35','2017-08-06 13:23:43'),(109,72,1,'2015-02-04 00:22:21','2000-12-26 19:15:04'),(109,268,2,'1982-04-26 13:37:29','2000-03-09 21:53:47'),(111,114,2,'1976-01-24 06:32:29','2005-02-14 03:44:49'),(113,338,2,'1972-04-04 00:00:42','2007-12-21 02:53:23'),(115,234,1,'1997-10-28 22:55:28','2003-01-14 15:43:20'),(115,333,1,'1991-01-15 11:19:12','1988-06-11 13:44:55'),(115,388,2,'2000-03-25 19:08:21','2011-09-23 19:32:19'),(117,5,2,'2016-06-18 05:54:23','2010-01-14 04:34:44'),(118,113,2,'2013-08-20 18:07:11','1986-02-26 16:01:53'),(119,186,2,'2004-10-25 21:36:16','2015-08-16 18:27:10'),(119,236,1,'1988-09-12 15:07:54','1983-08-09 06:07:17'),(119,346,2,'2007-03-05 01:39:12','1976-07-14 16:38:13'),(119,361,1,'2018-10-24 15:39:41','1987-09-25 23:38:34'),(120,463,2,'1998-05-20 02:36:01','1999-02-07 06:29:29'),(121,367,1,'2009-09-09 09:36:30','1971-04-14 13:00:22'),(122,246,2,'2018-09-23 05:36:01','1992-12-03 19:27:45'),(122,463,2,'1981-08-16 23:39:32','2009-07-08 17:54:24'),(123,357,1,'1973-05-07 03:11:34','2004-01-11 11:36:27'),(126,283,1,'1998-12-29 21:26:03','1991-07-19 10:09:14'),(129,283,1,'2017-08-09 06:04:12','2002-02-23 07:41:00'),(130,279,2,'2018-01-05 10:59:42','1983-07-18 10:39:48'),(132,251,2,'1981-09-01 16:55:16','2004-05-04 16:22:04'),(136,169,2,'1971-02-20 04:10:47','1973-08-12 02:51:10'),(137,172,1,'2011-12-22 01:22:49','2001-07-04 05:16:15'),(138,126,2,'2016-12-13 18:16:45','1995-11-29 08:17:03'),(142,261,2,'1985-06-22 17:48:10','2018-01-14 14:07:21'),(143,181,1,'2010-12-23 23:15:53','1972-10-24 14:56:25'),(143,234,1,'2013-03-31 02:38:23','2017-05-31 21:39:32'),(147,71,2,'1997-04-28 03:03:04','1994-02-18 07:31:28'),(149,39,1,'1981-12-11 17:57:29','1993-04-20 03:38:16'),(149,265,2,'1971-05-08 08:57:39','2010-02-06 20:17:18'),(150,334,2,'2017-01-27 14:40:28','2014-07-17 04:09:55'),(152,68,2,'2009-01-07 15:11:21','2009-03-04 13:11:27'),(152,111,2,'1991-04-21 03:45:22','2009-02-19 18:24:26'),(154,229,2,'1976-02-25 07:44:33','2013-04-08 07:51:43'),(158,441,2,'1972-12-16 18:08:30','1977-12-01 18:41:31'),(160,120,1,'1990-09-18 11:59:40','1995-09-28 02:42:18'),(161,327,1,'1977-08-10 22:57:37','2011-05-11 17:10:45'),(162,288,2,'1979-05-16 03:03:10','1983-10-15 00:54:15'),(162,373,1,'1993-05-14 00:21:48','1975-03-29 23:03:21'),(162,456,2,'2019-03-15 13:10:17','1996-08-06 22:05:04'),(162,481,2,'1971-12-20 02:05:29','2013-11-22 12:42:51'),(163,369,1,'1987-08-14 02:11:33','1970-01-28 04:27:45'),(164,458,1,'2004-03-13 08:26:27','1998-11-28 19:11:39'),(168,120,2,'1981-08-04 21:08:31','1979-11-18 23:00:57'),(169,65,1,'1994-08-23 01:51:24','1975-10-11 14:52:23'),(171,339,1,'2004-09-26 04:54:53','1987-11-19 18:06:08'),(171,343,2,'1975-01-25 16:02:28','1976-08-16 11:04:20'),(172,371,2,'1997-10-17 13:13:08','1982-06-04 01:37:29'),(172,387,2,'2015-02-23 03:24:59','2010-03-30 00:20:05'),(173,55,1,'2014-10-19 11:37:02','1980-03-07 02:37:51'),(173,496,2,'2012-08-26 01:06:49','1996-12-03 11:26:23'),(176,327,1,'1986-10-27 03:03:50','1984-07-18 05:08:56'),(177,418,1,'2004-05-02 11:09:09','2002-07-27 20:16:57'),(180,244,1,'1995-05-21 15:45:19','2010-05-11 06:59:55'),(181,169,2,'1991-07-24 02:12:54','1983-09-21 06:06:18'),(182,222,2,'1997-07-26 05:08:04','1995-11-10 04:15:51'),(183,121,1,'1987-12-18 18:23:35','2003-11-16 03:09:54'),(183,281,2,'1982-06-09 15:27:16','2002-02-27 01:21:17'),(184,71,1,'1993-09-07 22:55:56','2009-04-14 23:28:02'),(184,401,2,'2006-07-26 13:30:10','1978-10-23 09:38:39'),(184,443,1,'1976-08-04 06:47:33','2017-08-05 06:25:25'),(187,145,2,'1998-07-27 22:58:31','2006-12-05 13:45:35'),(190,111,1,'1990-01-10 12:09:44','2008-05-16 07:04:32'),(191,354,2,'1989-01-02 23:09:37','1977-09-28 19:32:41'),(192,89,1,'1987-11-26 19:55:16','1999-03-23 16:00:32'),(192,300,1,'1989-09-02 01:17:46','2005-03-23 20:49:52'),(192,432,1,'2009-02-25 13:19:47','1984-05-31 02:14:23'),(194,149,2,'1974-01-07 06:16:35','1987-12-31 17:37:16'),(194,188,1,'2003-04-27 16:11:17','1998-01-27 15:31:18'),(194,200,2,'1992-06-15 01:30:14','1980-04-07 16:12:26'),(194,345,2,'1987-10-26 23:11:56','1979-05-09 03:03:39'),(194,395,2,'2002-01-01 17:06:29','1996-11-19 01:34:56'),(196,373,2,'1974-04-13 01:16:16','1993-02-15 16:18:23'),(196,456,2,'1982-03-25 16:05:19','1980-09-21 00:20:46'),(199,50,1,'1980-05-19 20:59:56','1995-11-01 05:19:53'),(199,432,1,'1989-09-30 09:25:04','2007-09-25 06:03:49'),(200,173,2,'2003-12-23 15:46:51','1992-01-31 13:42:14'),(201,477,1,'2011-01-01 13:39:22','1984-04-15 23:18:40'),(202,282,2,'1980-02-24 18:44:47','1990-11-01 14:39:12'),(206,75,1,'1983-01-30 01:01:37','1997-09-14 10:36:42'),(206,246,1,'2011-10-16 09:14:51','1982-08-21 01:21:17'),(206,482,2,'2019-10-08 16:50:34','1997-11-04 01:09:30'),(208,26,2,'2009-06-22 03:27:35','2004-09-28 05:51:36'),(210,69,2,'1982-08-25 01:03:52','2015-05-01 15:49:24'),(210,211,1,'1988-08-04 08:21:42','2015-03-10 15:00:08'),(215,180,1,'1974-05-05 14:58:04','1972-08-30 05:37:11'),(215,200,1,'2010-12-10 06:24:12','2004-03-06 16:25:56'),(215,368,1,'2000-10-27 01:40:48','2002-10-14 06:14:02'),(216,280,2,'1996-07-18 06:52:38','1993-03-27 21:12:25'),(216,295,2,'2011-08-29 12:07:34','1995-02-27 05:33:22'),(217,172,2,'1993-05-31 02:10:22','2004-11-28 05:39:46'),(218,123,2,'2017-08-28 15:56:57','1997-12-22 04:42:49'),(220,97,2,'1996-08-12 08:09:09','2001-08-07 10:28:02'),(221,46,1,'1986-10-02 14:10:41','2010-02-23 09:55:23'),(222,353,2,'1981-02-11 10:09:01','1981-08-25 00:24:17'),(223,133,1,'1980-04-07 20:32:58','1991-04-10 01:13:26'),(225,159,1,'2009-03-27 18:39:45','2005-05-26 17:39:45'),(225,275,1,'2007-11-06 23:03:59','2009-11-03 06:05:33'),(226,124,2,'2007-11-04 19:14:16','1997-09-09 19:23:44'),(226,251,2,'1976-04-28 06:31:23','2018-09-08 08:27:13'),(226,431,1,'2000-12-01 07:01:41','1971-01-27 18:22:38'),(227,142,2,'2003-10-17 19:29:00','1979-07-08 10:51:45'),(227,253,1,'2018-02-16 03:15:43','1971-07-27 09:39:02'),(228,144,1,'2019-07-16 03:44:38','1976-12-16 21:16:34'),(229,388,1,'2019-04-29 23:15:11','2002-12-03 11:57:51'),(230,45,1,'1998-03-12 08:25:21','1998-08-13 14:15:33'),(230,157,2,'1977-01-28 15:56:04','1992-06-15 22:04:17'),(230,414,2,'1979-05-06 20:28:27','1992-06-05 15:10:10'),(230,423,1,'1977-08-28 14:21:53','1970-09-17 19:14:34'),(232,333,2,'1994-08-17 21:42:15','1973-12-05 07:57:00'),(234,48,1,'2006-08-17 12:08:39','1980-11-10 08:09:12'),(236,186,1,'1980-01-26 17:08:32','1982-01-15 03:18:23'),(236,211,2,'1987-01-27 02:18:18','2007-03-30 04:50:07'),(237,1,2,'1974-12-22 13:16:15','2007-07-16 19:36:00'),(237,280,2,'2008-01-17 03:59:56','2010-03-20 05:18:10'),(237,344,2,'1974-09-09 11:52:57','2014-07-22 10:51:33'),(240,237,2,'1995-11-01 03:25:22','2013-06-23 21:01:52'),(240,331,1,'2008-04-30 05:21:24','2005-05-30 23:27:01'),(241,3,2,'2000-04-28 05:16:40','1988-01-25 10:36:53'),(242,62,2,'1997-06-21 18:34:21','1972-04-26 18:18:41'),(243,327,1,'2019-11-05 00:32:52','1995-02-18 07:46:32'),(247,38,1,'1972-09-22 18:01:02','1988-07-01 05:45:11'),(248,122,2,'2019-04-14 05:37:59','1988-11-29 05:44:44'),(249,136,1,'1986-11-25 19:30:44','1970-04-02 14:17:39'),(250,221,2,'1981-09-05 10:21:47','1982-01-20 13:29:35'),(250,232,2,'1987-07-01 12:30:16','2018-11-06 23:53:28'),(250,470,1,'1988-04-01 19:35:24','2005-08-18 02:28:56'),(251,346,1,'1974-12-28 17:11:14','2009-07-16 01:03:42'),(252,94,2,'2019-07-14 13:16:06','2002-05-16 03:29:07'),(253,226,1,'1982-06-28 20:00:44','1998-08-25 23:51:32'),(254,106,2,'1973-07-07 08:08:42','1981-07-01 14:46:16'),(254,426,2,'2003-02-20 19:57:34','2006-12-06 06:58:02'),(255,52,2,'2015-03-30 07:18:11','1989-02-16 05:59:17'),(256,37,2,'2002-04-16 01:34:57','2012-12-17 13:47:17'),(256,45,1,'1975-02-17 20:27:28','1984-11-05 10:14:41'),(256,318,1,'1986-03-31 14:45:23','1987-04-17 18:17:40'),(257,68,1,'2006-03-01 19:19:55','2004-01-16 03:27:27'),(257,171,2,'1988-05-21 13:05:51','2009-01-04 18:10:04'),(258,94,2,'1987-03-14 22:33:57','2004-01-29 22:24:23'),(258,471,2,'2006-04-01 10:24:14','2014-07-26 14:33:54'),(263,28,1,'2002-01-18 13:01:14','2011-05-17 04:21:10'),(263,382,2,'2019-02-06 15:36:04','1980-08-18 20:37:47'),(264,116,1,'1986-09-18 23:53:33','1974-12-29 11:20:19'),(265,388,1,'2014-10-02 13:35:22','2006-07-10 21:57:00'),(266,74,2,'1993-04-06 17:26:50','1987-06-05 18:43:51'),(266,250,1,'1983-10-22 22:42:24','2005-02-17 07:55:06'),(266,330,2,'2006-09-13 16:25:24','2018-01-05 07:26:36'),(267,15,1,'1989-05-02 10:00:09','1985-11-16 05:13:22'),(267,314,1,'1975-02-22 04:44:31','1988-04-02 19:49:07'),(270,267,1,'1996-09-02 06:47:31','1985-04-16 04:25:55'),(270,408,2,'2013-12-15 06:44:48','1996-10-31 11:00:32'),(271,338,1,'1996-03-22 14:33:55','1998-06-26 23:05:52'),(271,344,1,'1972-12-11 05:59:29','1993-06-06 01:49:12'),(272,288,2,'1971-09-01 13:30:55','1979-07-11 12:50:16'),(274,29,1,'2007-06-06 14:22:15','2006-04-23 17:48:49'),(274,326,2,'1976-06-24 02:07:18','1970-09-19 07:20:24'),(275,41,1,'1998-10-13 07:23:47','1971-10-18 15:43:38'),(276,34,1,'2016-07-06 11:41:32','1986-07-07 06:51:10'),(276,38,2,'1996-11-17 12:51:11','1981-07-26 23:54:54'),(276,412,1,'1977-11-22 18:35:04','1973-09-29 15:24:40'),(278,37,2,'1978-12-20 12:00:57','1980-12-20 22:27:56'),(278,268,1,'2007-03-19 08:12:26','2001-07-12 20:15:41'),(279,379,1,'1998-07-02 16:57:35','1999-08-02 05:20:37'),(281,8,1,'1976-11-26 15:07:25','2012-07-18 03:22:32'),(282,321,1,'2010-04-23 00:26:03','1998-04-23 11:44:17'),(282,476,1,'2002-09-02 15:37:57','1990-03-14 14:27:46'),(283,194,1,'2015-05-03 09:11:28','2000-12-08 01:07:33'),(283,264,2,'1974-03-15 22:25:31','1988-12-28 20:25:54'),(285,179,1,'2001-06-13 22:08:45','1994-03-29 05:18:24'),(286,81,1,'2017-10-07 12:38:51','1991-06-23 11:55:30'),(288,26,1,'2011-04-21 22:59:26','2013-04-14 00:20:36'),(288,434,2,'1976-02-06 02:55:33','1978-08-12 10:17:31'),(289,438,2,'1995-12-01 20:34:12','1994-12-29 09:33:34'),(291,7,2,'1995-05-17 16:12:43','2019-04-22 00:53:06'),(292,3,1,'1983-10-09 04:18:56','1986-05-10 20:58:58'),(292,315,2,'1982-09-10 21:47:57','1995-09-12 21:05:25'),(293,58,2,'1976-08-08 01:51:19','1998-09-24 22:24:17'),(293,96,1,'2003-10-25 18:32:20','2014-11-12 11:16:05'),(295,473,2,'1984-12-11 03:13:13','1987-04-10 10:36:10'),(298,116,1,'2014-04-29 20:45:49','1970-04-24 13:27:47'),(298,245,1,'1973-10-20 11:03:46','1982-07-24 21:27:38'),(302,127,1,'1988-08-19 10:26:52','1974-01-29 18:28:24'),(302,297,2,'1988-07-17 03:06:26','1999-08-12 01:38:51'),(304,14,2,'1995-05-16 18:26:50','1978-01-23 05:36:22'),(304,219,1,'1990-07-26 07:50:55','1971-03-12 08:41:32'),(304,488,2,'1984-03-22 06:30:03','1979-08-15 00:18:49'),(305,49,2,'1993-09-08 14:31:09','2006-03-17 04:22:14'),(305,178,1,'2009-12-24 01:39:18','2001-08-25 06:19:56'),(306,2,2,'1994-02-24 10:50:59','1972-11-01 17:33:48'),(309,92,1,'1998-08-25 07:46:04','1975-02-03 20:53:29'),(311,158,1,'1990-03-08 21:41:24','1971-05-02 15:49:08'),(312,280,2,'1998-04-14 11:41:03','1978-01-08 20:16:30'),(317,100,2,'1971-11-28 21:11:47','1974-01-04 19:04:03'),(317,113,1,'1982-03-26 07:50:25','2012-10-16 06:35:35'),(318,313,1,'2016-06-28 07:02:45','1977-11-16 23:57:07'),(319,398,2,'1990-01-11 20:24:12','1990-06-29 16:10:30'),(319,447,1,'2015-04-10 10:55:51','2004-12-13 18:37:00'),(320,145,2,'1999-02-10 10:07:16','2012-12-04 17:17:47'),(321,292,2,'1971-01-12 04:32:56','2010-12-10 07:25:51'),(321,309,1,'1972-08-05 16:34:47','2000-03-27 00:46:12'),(321,447,1,'1994-11-08 10:55:49','1983-02-18 13:12:14'),(322,21,2,'1990-10-04 15:42:55','1984-04-20 13:26:12'),(322,159,2,'2000-02-12 02:07:46','1976-01-30 10:10:26'),(322,244,2,'2018-11-18 10:40:45','1975-04-29 19:13:47'),(322,402,2,'1987-06-09 05:15:26','2000-06-23 03:55:37'),(322,473,1,'1991-04-08 19:24:03','2006-10-21 03:07:13'),(323,112,1,'1986-09-29 00:25:30','1971-11-06 07:16:29'),(323,326,1,'2011-07-27 15:54:51','1990-05-10 04:13:17'),(324,419,2,'2018-02-22 08:25:51','2011-12-04 01:09:54'),(325,432,1,'2016-10-11 10:43:26','2017-08-26 08:31:36'),(326,73,2,'1985-04-30 08:30:06','1983-11-14 18:47:05'),(326,204,2,'1987-01-31 21:59:15','2018-12-19 04:29:15'),(326,247,2,'1971-12-21 09:44:27','2012-11-02 07:53:41'),(326,289,2,'2019-05-31 13:18:45','1995-09-18 17:33:35'),(328,494,2,'1971-05-24 06:29:59','1970-08-06 08:56:24'),(329,166,1,'1986-03-04 15:03:28','1990-12-31 13:08:43'),(331,418,2,'1985-10-07 14:18:52','2012-02-01 19:46:16'),(334,181,2,'2006-06-20 01:54:06','1999-03-07 18:31:42'),(335,288,1,'1973-05-18 10:10:41','1973-02-14 11:32:16'),(338,337,1,'1991-03-03 05:57:49','1995-03-27 19:40:55'),(339,82,1,'1998-03-25 18:23:36','1972-07-21 17:34:19'),(339,94,2,'2013-11-13 03:21:50','1987-09-08 18:48:34'),(340,449,1,'1971-02-13 14:02:30','2008-08-27 09:33:03'),(344,220,1,'2019-12-12 20:44:38','2000-01-19 09:34:50'),(344,229,1,'2003-04-10 10:39:16','1978-12-26 00:47:43'),(345,181,2,'2018-07-08 11:49:49','2008-03-01 09:06:06'),(346,95,1,'1984-03-02 00:18:39','2001-10-31 23:14:42'),(346,328,1,'2006-10-19 13:39:31','2012-10-26 14:46:21'),(346,401,2,'1990-03-10 10:04:54','2003-06-14 06:25:36'),(349,136,2,'2014-06-01 09:06:03','1978-11-22 11:19:48'),(349,230,2,'1997-10-22 17:59:36','2014-10-03 23:45:29'),(350,260,1,'1987-09-13 08:48:36','1989-09-20 21:48:17'),(351,156,2,'2004-03-17 19:15:27','1972-02-24 16:35:58'),(352,155,2,'2017-09-25 10:29:16','1998-02-17 09:22:00'),(353,181,2,'1983-08-10 00:24:22','1982-10-21 07:15:06'),(355,114,1,'1976-05-05 17:34:39','1970-10-04 01:34:20'),(355,432,2,'2017-01-25 23:49:34','1993-12-02 19:46:01'),(355,471,2,'2008-06-02 13:30:24','1997-08-14 03:43:37'),(355,486,1,'2000-01-17 19:36:24','1983-05-17 01:27:28'),(357,31,1,'2011-10-26 18:45:10','2008-12-28 11:19:17'),(357,120,1,'1992-10-28 01:51:09','1979-07-14 19:45:22'),(358,8,1,'2001-04-09 18:29:06','1972-06-21 02:46:20'),(359,230,2,'1989-10-04 01:00:48','2008-09-26 22:54:47'),(359,319,1,'1995-08-21 15:46:40','1980-08-17 18:51:15'),(360,9,1,'1998-09-15 06:20:58','2013-10-08 21:11:00'),(361,190,2,'1971-03-23 03:31:48','1990-08-08 09:00:19'),(362,74,2,'1993-04-06 22:21:08','1990-05-17 10:46:19'),(362,256,1,'2009-02-11 21:20:00','2005-09-13 01:01:11'),(365,439,2,'1972-01-18 04:44:05','2010-02-16 10:07:37'),(365,452,1,'1991-09-07 05:10:16','1978-06-04 00:34:08'),(366,333,2,'1998-09-16 11:39:50','2019-10-08 20:06:07'),(366,371,1,'2004-11-02 07:57:14','1994-12-20 03:39:28'),(367,468,2,'1971-02-02 07:23:39','1981-06-02 04:02:39'),(368,186,2,'1970-07-08 06:09:34','2004-06-21 17:44:26'),(369,67,2,'1988-11-28 02:27:49','2004-05-09 10:28:09'),(369,73,2,'1985-11-30 17:53:48','1983-09-03 03:52:04'),(369,229,1,'1973-02-13 21:11:52','1970-05-17 16:06:44'),(369,273,2,'2002-04-11 10:21:15','1997-03-27 02:18:35'),(370,82,1,'2000-02-24 01:21:01','2018-09-25 08:44:23'),(370,172,2,'1970-01-25 12:09:37','2014-02-04 10:30:31'),(370,308,2,'1997-09-09 14:01:21','1991-03-25 01:56:15'),(371,318,1,'2011-10-19 18:33:26','1983-03-13 02:53:34'),(372,208,1,'2014-05-22 14:51:36','1978-03-03 17:34:03'),(372,288,2,'2013-02-17 13:21:50','1981-08-09 17:18:36'),(374,335,1,'2008-07-20 16:52:39','2011-06-18 21:10:49'),(375,82,1,'2015-08-07 17:45:14','1977-04-26 18:07:38'),(375,344,1,'1984-11-16 12:33:29','1987-10-30 04:14:14'),(376,250,2,'2003-01-15 22:08:46','1994-04-10 13:08:45'),(377,264,1,'1973-07-23 00:57:13','1996-05-10 20:05:10'),(378,374,2,'1984-10-03 05:44:24','1985-11-27 06:45:39'),(379,496,1,'1983-07-14 10:02:02','2001-08-13 09:44:51'),(380,220,1,'2011-09-28 02:17:50','1995-06-20 11:19:00'),(381,123,2,'1980-10-24 00:26:32','2006-11-23 21:54:47'),(381,163,1,'2008-05-24 04:16:19','2010-02-22 18:49:32'),(381,284,2,'1991-05-25 03:51:21','2005-08-21 05:07:41'),(384,214,1,'2009-05-13 19:35:52','2002-05-16 01:58:58'),(384,438,2,'2009-08-29 05:34:41','2003-05-18 05:15:20'),(385,205,2,'1970-03-10 19:26:09','1979-08-01 13:28:05'),(388,63,2,'1982-04-26 10:15:55','1987-11-27 17:06:45'),(389,489,2,'1973-11-14 01:09:07','2007-09-12 02:42:17'),(391,36,1,'2007-09-20 06:49:25','1992-03-28 15:01:28'),(391,210,2,'2015-03-23 05:53:57','1984-09-21 07:01:29'),(392,274,2,'2017-04-04 01:50:43','1997-08-07 06:38:05'),(396,38,2,'1977-10-27 03:14:32','1990-12-13 15:02:49'),(401,85,2,'1990-01-07 06:27:36','1995-01-28 12:30:53'),(401,110,1,'2000-05-05 00:25:40','2001-03-06 14:05:15'),(401,126,1,'2009-09-30 05:52:17','1975-05-17 11:50:00'),(402,289,1,'1974-04-14 19:04:19','1994-11-17 22:17:01'),(403,472,1,'1977-06-16 14:12:58','2003-09-27 02:22:12'),(404,490,2,'1979-03-10 23:21:04','1999-02-25 05:29:26'),(406,217,2,'1976-06-27 12:29:56','1998-10-25 08:17:19'),(407,55,1,'1984-08-24 11:42:42','2019-08-06 19:26:17'),(408,17,2,'1991-07-09 04:44:11','2010-10-08 00:07:47'),(409,350,1,'2003-09-12 02:42:09','1989-05-06 12:44:25'),(410,144,1,'1976-01-06 14:09:02','1972-11-02 23:24:26'),(412,348,1,'1987-02-26 06:12:08','2008-06-03 16:28:54'),(412,386,1,'1977-06-27 20:10:14','1976-08-25 16:37:45'),(413,9,2,'2000-07-19 16:28:57','1976-05-04 06:01:48'),(413,65,1,'2007-10-29 19:32:54','1973-05-24 14:40:56'),(415,5,1,'2017-04-23 12:14:49','2006-12-30 09:21:26'),(416,418,1,'1994-12-23 11:44:51','1991-02-09 04:16:04'),(416,468,2,'1975-08-24 22:19:28','2011-03-07 02:12:58'),(417,88,2,'1985-12-18 23:05:36','2003-08-15 01:11:48'),(417,444,1,'1985-06-28 06:54:26','2013-04-19 10:15:48'),(418,337,1,'1990-02-16 15:06:30','2010-06-19 11:02:53'),(420,154,1,'2007-11-28 14:39:38','1988-11-15 06:47:47'),(420,497,1,'2010-11-28 05:11:04','2007-12-03 12:58:07'),(422,76,2,'2013-06-15 20:58:19','1993-06-24 03:02:05'),(423,349,2,'2012-07-07 00:34:11','1988-08-16 11:27:52'),(423,482,1,'1982-03-25 19:17:40','1977-02-11 15:53:52'),(423,489,2,'1971-06-10 01:36:49','1987-05-12 07:36:57'),(424,218,1,'2002-05-23 10:08:37','1978-07-28 14:01:51'),(424,289,1,'1993-01-09 15:03:55','1984-05-28 03:10:04'),(425,251,1,'1973-04-08 15:32:10','1978-12-11 03:53:15'),(427,257,1,'2008-05-30 14:31:28','1996-04-25 17:20:54'),(428,215,1,'1977-12-27 22:37:14','1986-09-09 14:56:56'),(429,133,1,'2013-04-06 07:06:25','1970-08-04 22:30:39'),(429,250,1,'1992-07-05 15:46:21','2014-08-17 13:39:24'),(433,93,1,'2008-11-30 07:55:23','2008-03-26 07:29:48'),(433,258,2,'1992-10-08 17:12:31','1976-08-28 17:41:54'),(433,303,2,'1972-08-06 04:19:03','1972-07-31 01:22:28'),(434,116,2,'1993-03-12 01:18:11','1983-02-09 18:04:11'),(434,139,2,'1977-02-18 16:36:39','2017-11-05 18:24:30'),(435,180,1,'1999-10-27 03:21:53','1981-08-19 18:56:06'),(436,200,1,'1993-06-15 01:36:05','1989-06-03 20:57:07'),(436,393,2,'1991-12-17 20:58:30','2011-04-26 06:16:38'),(437,426,2,'2013-10-31 06:49:25','1993-09-07 18:33:15'),(438,184,2,'2008-02-21 19:41:25','2018-09-27 20:35:43'),(440,327,2,'1986-12-25 05:17:11','1991-09-24 07:32:30'),(441,418,1,'2008-12-08 12:37:43','1991-03-16 23:45:40'),(442,135,2,'1995-03-31 02:02:03','2009-07-06 03:51:37'),(445,431,1,'1981-02-22 23:40:50','2014-11-02 23:01:49'),(446,147,1,'1983-06-05 20:50:05','1978-05-21 05:22:29'),(446,216,2,'1975-02-01 11:05:07','1970-04-08 01:33:54'),(449,132,1,'1988-05-10 07:45:11','2014-06-01 05:01:35'),(449,356,2,'1973-12-02 09:18:08','2016-02-12 06:10:47'),(450,358,2,'2013-06-04 06:02:51','2000-05-27 15:34:59'),(451,475,1,'2003-11-16 18:47:57','2011-11-30 18:41:50'),(452,10,1,'1980-11-08 17:28:17','1972-05-10 12:59:55'),(453,320,1,'1981-06-27 01:59:04','2016-10-29 10:52:03'),(454,68,1,'1992-05-26 15:04:09','2005-06-18 06:55:35'),(454,406,1,'1997-03-04 07:12:54','1990-03-11 21:22:02'),(455,383,2,'1980-02-28 02:10:18','1993-07-21 13:48:47'),(457,28,1,'2016-10-23 05:06:01','1984-03-26 06:39:06'),(457,368,2,'1987-02-17 12:07:06','2005-10-04 18:46:01'),(458,153,2,'1976-01-18 03:57:00','2012-11-02 06:53:55'),(459,387,2,'2001-05-10 03:10:16','1983-03-30 01:19:10'),(459,428,1,'2014-04-02 15:45:56','1980-05-20 08:43:37'),(460,51,2,'1983-06-01 16:46:19','2002-05-18 21:20:51'),(461,142,1,'1984-01-10 20:00:28','1976-06-19 16:30:29'),(461,318,1,'1974-03-22 16:56:41','1998-11-18 05:22:26'),(462,136,2,'2019-02-14 23:30:29','1980-09-27 08:10:43'),(462,282,1,'1970-06-26 06:25:36','1972-05-30 19:45:08'),(462,469,2,'1979-11-04 22:52:01','1996-10-23 17:28:28'),(465,303,2,'2016-05-03 04:25:55','1971-08-14 10:59:57'),(465,460,1,'1984-12-16 22:50:42','2011-12-22 23:21:10'),(466,227,2,'1988-12-03 17:35:52','1974-03-04 19:34:25'),(467,45,2,'2003-01-30 03:49:09','1987-03-22 09:52:35'),(467,129,1,'1970-11-28 20:08:54','2000-07-26 04:42:35'),(468,126,1,'2014-04-13 20:44:23','1993-04-13 04:31:22'),(468,472,2,'2009-07-10 01:13:00','1972-01-02 11:13:57'),(469,459,1,'2004-07-15 22:16:31','2015-11-24 22:07:03'),(470,17,1,'1971-08-26 02:29:50','2013-08-22 19:02:09'),(471,166,1,'1980-11-05 22:47:58','1974-02-05 17:06:10'),(472,257,2,'1993-10-02 19:30:51','2004-03-02 15:11:14'),(472,358,2,'1996-09-18 14:52:39','1977-05-24 10:44:21'),(474,167,1,'2008-12-26 02:39:57','2015-08-23 23:45:13'),(474,326,2,'1983-11-15 00:38:02','1996-04-07 20:16:40'),(474,332,1,'2011-04-18 15:13:16','1977-08-21 21:49:17'),(475,117,2,'2011-10-06 02:31:47','1971-01-20 22:23:55'),(475,339,1,'1981-03-05 18:20:51','2014-01-29 15:43:08'),(476,36,2,'1975-12-05 06:29:43','1987-10-14 02:51:40'),(476,331,1,'1990-03-28 06:22:35','1973-02-02 09:11:37'),(476,427,1,'1982-04-27 18:54:48','1973-01-23 17:02:44'),(477,89,2,'2012-02-25 10:11:07','1993-07-23 22:02:18'),(477,469,1,'2012-03-19 11:27:42','2011-08-16 11:23:45'),(480,325,2,'2017-03-10 20:49:33','2003-12-03 17:37:47'),(481,150,1,'2002-07-19 02:41:07','1986-05-24 17:36:16'),(482,271,2,'1984-05-15 06:18:28','1984-05-18 01:49:26'),(483,433,2,'1981-12-20 08:29:44','1990-06-03 03:29:21'),(484,85,1,'2008-03-27 06:21:29','1979-08-05 19:23:32'),(484,116,2,'1981-09-01 00:59:39','2001-10-10 02:57:27'),(485,143,1,'1998-01-08 21:42:00','1976-03-26 07:38:32'),(488,166,1,'1986-03-08 18:42:14','1974-01-15 04:51:12'),(489,85,1,'1971-11-23 13:41:49','1995-12-19 12:42:46'),(490,16,1,'2016-05-07 03:26:50','1978-08-27 13:14:07'),(493,192,1,'1975-11-17 08:17:04','2017-07-28 22:51:40'),(493,308,2,'2006-10-25 10:07:20','1973-05-30 03:07:21'),(494,93,1,'2007-05-20 03:39:25','1976-03-13 05:10:02'),(496,184,2,'1979-04-07 05:08:37','2007-07-13 17:03:32'),(497,86,1,'1995-12-10 04:28:08','1988-07-27 08:45:01'),(498,98,1,'1988-02-23 21:59:12','1984-04-09 22:38:02');
/*!40000 ALTER TABLE `friendship` ENABLE KEYS */;
UNLOCK TABLES;

--
-- Table structure for table `friendship_statuses`
--

DROP TABLE IF EXISTS `friendship_statuses`;
/*!40101 SET @saved_cs_client     = @@character_set_client */;
/*!50503 SET character_set_client = utf8mb4 */;
CREATE TABLE `friendship_statuses` (
  `id` int unsigned NOT NULL AUTO_INCREMENT,
  `name` varchar(150) CHARACTER SET utf8 COLLATE utf8_unicode_ci NOT NULL,
  PRIMARY KEY (`id`),
  UNIQUE KEY `name` (`name`)
) ENGINE=InnoDB AUTO_INCREMENT=4 DEFAULT CHARSET=utf8 COLLATE=utf8_unicode_ci;
/*!40101 SET character_set_client = @saved_cs_client */;

--
-- Dumping data for table `friendship_statuses`
--

LOCK TABLES `friendship_statuses` WRITE;
/*!40000 ALTER TABLE `friendship_statuses` DISABLE KEYS */;
INSERT INTO `friendship_statuses` VALUES (2,'Confirmed'),(3,'Interrupted'),(1,'Requested');
/*!40000 ALTER TABLE `friendship_statuses` ENABLE KEYS */;
UNLOCK TABLES;

--
-- Table structure for table `likes`
--

DROP TABLE IF EXISTS `likes`;
/*!40101 SET @saved_cs_client     = @@character_set_client */;
/*!50503 SET character_set_client = utf8mb4 */;
CREATE TABLE `likes` (
  `id` int unsigned NOT NULL AUTO_INCREMENT,
  `user_id` int unsigned DEFAULT NULL,
  `target_id` int unsigned NOT NULL,
  `target_type_id` int unsigned DEFAULT NULL,
  `created_at` datetime DEFAULT CURRENT_TIMESTAMP,
  PRIMARY KEY (`id`),
  KEY `likes_user_id_fk` (`user_id`),
  KEY `likes_target_type_id_fk` (`target_type_id`),
  KEY `likes_target_id_idx` (`target_id`),
  CONSTRAINT `likes_target_id_fk` FOREIGN KEY (`target_id`) REFERENCES `users` (`id`) ON DELETE CASCADE,
  CONSTRAINT `likes_target_type_id_fk` FOREIGN KEY (`target_type_id`) REFERENCES `target_types` (`id`) ON DELETE SET NULL,
  CONSTRAINT `likes_user_id_fk` FOREIGN KEY (`user_id`) REFERENCES `users` (`id`) ON DELETE SET NULL
) ENGINE=InnoDB AUTO_INCREMENT=1001 DEFAULT CHARSET=utf8mb4 COLLATE=utf8mb4_0900_ai_ci;
/*!40101 SET character_set_client = @saved_cs_client */;

--
-- Dumping data for table `likes`
--

LOCK TABLES `likes` WRITE;
/*!40000 ALTER TABLE `likes` DISABLE KEYS */;
INSERT INTO `likes` VALUES (1,15,90,1,'2020-01-17 16:28:21'),(2,63,92,3,'2020-01-17 16:28:21'),(3,90,30,4,'2020-01-17 16:28:21'),(4,9,5,4,'2020-01-17 16:28:21'),(5,76,86,4,'2020-01-17 16:28:21'),(6,33,72,3,'2020-01-17 16:28:21'),(7,86,48,4,'2020-01-17 16:28:21'),(8,69,94,3,'2020-01-17 16:28:21'),(9,40,6,1,'2020-01-17 16:28:21'),(10,29,18,4,'2020-01-17 16:28:21'),(11,48,37,2,'2020-01-17 16:28:21'),(12,90,28,3,'2020-01-17 16:28:21'),(13,68,28,2,'2020-01-17 16:28:21'),(14,89,42,2,'2020-01-17 16:28:21'),(15,74,50,2,'2020-01-17 16:28:21'),(16,94,81,1,'2020-01-17 16:28:21'),(17,73,96,3,'2020-01-17 16:28:21'),(18,11,73,2,'2020-01-17 16:28:21'),(19,43,19,3,'2020-01-17 16:28:21'),(20,63,22,1,'2020-01-17 16:28:21'),(21,37,23,1,'2020-01-17 16:28:21'),(22,46,19,3,'2020-01-17 16:28:21'),(23,31,83,1,'2020-01-17 16:28:21'),(24,56,16,1,'2020-01-17 16:28:21'),(25,18,47,4,'2020-01-17 16:28:21'),(26,58,51,4,'2020-01-17 16:28:21'),(27,44,80,3,'2020-01-17 16:28:21'),(28,3,7,2,'2020-01-17 16:28:21'),(29,18,3,3,'2020-01-17 16:28:21'),(30,1,17,4,'2020-01-17 16:28:21'),(31,62,59,1,'2020-01-17 16:28:21'),(32,79,58,3,'2020-01-17 16:28:21'),(33,94,10,3,'2020-01-17 16:28:21'),(34,95,82,1,'2020-01-17 16:28:21'),(35,63,49,3,'2020-01-17 16:28:21'),(36,24,57,1,'2020-01-17 16:28:21'),(37,84,88,4,'2020-01-17 16:28:21'),(38,70,90,2,'2020-01-17 16:28:21'),(39,16,66,4,'2020-01-17 16:28:21'),(40,22,56,1,'2020-01-17 16:28:21'),(41,95,36,4,'2020-01-17 16:28:21'),(42,68,56,3,'2020-01-17 16:28:21'),(43,94,51,3,'2020-01-17 16:28:21'),(44,11,37,3,'2020-01-17 16:28:21'),(45,50,93,1,'2020-01-17 16:28:21'),(46,95,28,3,'2020-01-17 16:28:21'),(47,91,89,3,'2020-01-17 16:28:21'),(48,87,22,2,'2020-01-17 16:28:21'),(49,80,53,1,'2020-01-17 16:28:21'),(50,59,22,2,'2020-01-17 16:28:21'),(51,91,61,2,'2020-01-17 16:28:21'),(52,75,80,3,'2020-01-17 16:28:21'),(53,28,19,1,'2020-01-17 16:28:21'),(54,89,16,1,'2020-01-17 16:28:21'),(55,15,37,2,'2020-01-17 16:28:21'),(56,91,31,4,'2020-01-17 16:28:21'),(57,11,12,2,'2020-01-17 16:28:21'),(58,4,35,3,'2020-01-17 16:28:21'),(59,97,2,1,'2020-01-17 16:28:21'),(60,91,97,1,'2020-01-17 16:28:21'),(61,68,5,1,'2020-01-17 16:28:21'),(62,77,27,1,'2020-01-17 16:28:21'),(63,51,34,1,'2020-01-17 16:28:21'),(64,76,31,2,'2020-01-17 16:28:21'),(65,52,73,1,'2020-01-17 16:28:21'),(66,17,62,3,'2020-01-17 16:28:21'),(67,8,62,4,'2020-01-17 16:28:21'),(68,45,66,4,'2020-01-17 16:28:21'),(69,67,57,4,'2020-01-17 16:28:21'),(70,45,75,2,'2020-01-17 16:28:21'),(71,64,7,2,'2020-01-17 16:28:21'),(72,81,84,4,'2020-01-17 16:28:21'),(73,30,21,1,'2020-01-17 16:28:21'),(74,14,20,3,'2020-01-17 16:28:21'),(75,40,17,3,'2020-01-17 16:28:21'),(76,73,69,2,'2020-01-17 16:28:21'),(77,23,37,1,'2020-01-17 16:28:21'),(78,68,93,3,'2020-01-17 16:28:21'),(79,12,86,4,'2020-01-17 16:28:21'),(80,14,85,4,'2020-01-17 16:28:21'),(81,61,55,4,'2020-01-17 16:28:21'),(82,90,78,1,'2020-01-17 16:28:21'),(83,58,34,4,'2020-01-17 16:28:21'),(84,78,99,3,'2020-01-17 16:28:21'),(85,14,83,3,'2020-01-17 16:28:21'),(86,16,58,2,'2020-01-17 16:28:21'),(87,33,39,4,'2020-01-17 16:28:21'),(88,66,39,4,'2020-01-17 16:28:21'),(89,68,48,2,'2020-01-17 16:28:21'),(90,26,27,3,'2020-01-17 16:28:21'),(91,99,26,2,'2020-01-17 16:28:21'),(92,89,43,2,'2020-01-17 16:28:21'),(93,5,85,1,'2020-01-17 16:28:21'),(94,85,2,3,'2020-01-17 16:28:21'),(95,53,9,4,'2020-01-17 16:28:21'),(96,11,89,1,'2020-01-17 16:28:21'),(97,4,76,3,'2020-01-17 16:28:21'),(98,17,76,2,'2020-01-17 16:28:21'),(99,16,93,1,'2020-01-17 16:28:21'),(100,5,74,3,'2020-01-17 16:28:21'),(101,55,9,4,'2020-01-17 16:28:21'),(102,60,66,2,'2020-01-17 16:28:21'),(103,46,85,4,'2020-01-17 16:28:21'),(104,78,27,1,'2020-01-17 16:28:21'),(105,34,62,1,'2020-01-17 16:28:21'),(106,35,62,1,'2020-01-17 16:28:21'),(107,45,5,4,'2020-01-17 16:28:21'),(108,35,5,1,'2020-01-17 16:28:21'),(109,87,72,4,'2020-01-17 16:28:21'),(110,82,10,1,'2020-01-17 16:28:21'),(111,90,36,1,'2020-01-17 16:28:21'),(112,45,92,2,'2020-01-17 16:28:21'),(113,50,75,1,'2020-01-17 16:28:21'),(114,91,84,2,'2020-01-17 16:28:21'),(115,91,6,3,'2020-01-17 16:28:21'),(116,61,37,1,'2020-01-17 16:28:21'),(117,95,72,3,'2020-01-17 16:28:21'),(118,49,23,3,'2020-01-17 16:28:21'),(119,85,10,4,'2020-01-17 16:28:21'),(120,52,71,4,'2020-01-17 16:28:21'),(121,64,36,4,'2020-01-17 16:28:21'),(122,23,54,4,'2020-01-17 16:28:21'),(123,38,88,2,'2020-01-17 16:28:21'),(124,69,66,1,'2020-01-17 16:28:21'),(125,12,91,1,'2020-01-17 16:28:21'),(126,22,51,4,'2020-01-17 16:28:21'),(127,98,17,4,'2020-01-17 16:28:21'),(128,13,87,4,'2020-01-17 16:28:21'),(129,11,72,2,'2020-01-17 16:28:21'),(130,19,15,1,'2020-01-17 16:28:21'),(131,25,81,2,'2020-01-17 16:28:21'),(132,18,93,1,'2020-01-17 16:28:21'),(133,63,90,3,'2020-01-17 16:28:21'),(134,23,40,2,'2020-01-17 16:28:21'),(135,25,36,1,'2020-01-17 16:28:21'),(136,19,79,2,'2020-01-17 16:28:21'),(137,55,59,2,'2020-01-17 16:28:21'),(138,65,38,4,'2020-01-17 16:28:21'),(139,64,30,3,'2020-01-17 16:28:21'),(140,13,83,3,'2020-01-17 16:28:21'),(141,19,72,1,'2020-01-17 16:28:21'),(142,4,9,2,'2020-01-17 16:28:21'),(143,22,21,2,'2020-01-17 16:28:21'),(144,29,28,3,'2020-01-17 16:28:21'),(145,76,24,4,'2020-01-17 16:28:21'),(146,90,71,4,'2020-01-17 16:28:21'),(147,18,28,4,'2020-01-17 16:28:21'),(148,58,24,2,'2020-01-17 16:28:21'),(149,48,6,4,'2020-01-17 16:28:21'),(150,19,32,1,'2020-01-17 16:28:21'),(151,9,40,3,'2020-01-17 16:28:21'),(152,41,89,1,'2020-01-17 16:28:21'),(153,40,35,3,'2020-01-17 16:28:21'),(154,61,47,2,'2020-01-17 16:28:21'),(155,3,67,1,'2020-01-17 16:28:21'),(156,25,51,4,'2020-01-17 16:28:21'),(157,29,16,4,'2020-01-17 16:28:21'),(158,8,65,1,'2020-01-17 16:28:21'),(159,10,45,4,'2020-01-17 16:28:21'),(160,45,37,2,'2020-01-17 16:28:21'),(161,24,77,1,'2020-01-17 16:28:21'),(162,36,38,4,'2020-01-17 16:28:21'),(163,99,48,2,'2020-01-17 16:28:21'),(164,55,54,1,'2020-01-17 16:28:21'),(165,61,92,3,'2020-01-17 16:28:21'),(166,100,73,3,'2020-01-17 16:28:21'),(167,9,49,1,'2020-01-17 16:28:21'),(168,27,92,4,'2020-01-17 16:28:21'),(169,9,13,2,'2020-01-17 16:28:21'),(170,55,56,1,'2020-01-17 16:28:21'),(171,7,89,1,'2020-01-17 16:28:21'),(172,56,4,3,'2020-01-17 16:28:21'),(173,52,100,2,'2020-01-17 16:28:21'),(174,11,30,1,'2020-01-17 16:28:21'),(175,79,52,1,'2020-01-17 16:28:21'),(176,62,38,1,'2020-01-17 16:28:21'),(177,10,34,2,'2020-01-17 16:28:21'),(178,88,27,3,'2020-01-17 16:28:21'),(179,65,18,4,'2020-01-17 16:28:21'),(180,11,77,3,'2020-01-17 16:28:21'),(181,30,91,3,'2020-01-17 16:28:21'),(182,49,52,1,'2020-01-17 16:28:21'),(183,5,86,1,'2020-01-17 16:28:21'),(184,16,35,1,'2020-01-17 16:28:21'),(185,22,33,4,'2020-01-17 16:28:21'),(186,96,80,1,'2020-01-17 16:28:21'),(187,25,86,3,'2020-01-17 16:28:21'),(188,12,98,3,'2020-01-17 16:28:21'),(189,71,97,3,'2020-01-17 16:28:21'),(190,53,58,2,'2020-01-17 16:28:21'),(191,87,38,2,'2020-01-17 16:28:21'),(192,22,29,4,'2020-01-17 16:28:21'),(193,5,87,1,'2020-01-17 16:28:21'),(194,50,83,3,'2020-01-17 16:28:21'),(195,71,62,4,'2020-01-17 16:28:21'),(196,99,4,1,'2020-01-17 16:28:21'),(197,97,21,1,'2020-01-17 16:28:21'),(198,94,34,4,'2020-01-17 16:28:21'),(199,32,100,1,'2020-01-17 16:28:21'),(200,12,54,2,'2020-01-17 16:28:21'),(201,98,93,3,'2020-01-17 16:28:21'),(202,83,96,2,'2020-01-17 16:28:21'),(203,71,57,3,'2020-01-17 16:28:21'),(204,96,59,1,'2020-01-17 16:28:21'),(205,61,80,1,'2020-01-17 16:28:21'),(206,46,78,2,'2020-01-17 16:28:21'),(207,17,34,1,'2020-01-17 16:28:21'),(208,87,79,2,'2020-01-17 16:28:21'),(209,45,12,2,'2020-01-17 16:28:21'),(210,98,10,3,'2020-01-17 16:28:21'),(211,42,48,1,'2020-01-17 16:28:21'),(212,9,14,2,'2020-01-17 16:28:21'),(213,66,3,1,'2020-01-17 16:28:21'),(214,81,51,1,'2020-01-17 16:28:21'),(215,5,87,1,'2020-01-17 16:28:21'),(216,47,70,1,'2020-01-17 16:28:21'),(217,32,32,3,'2020-01-17 16:28:21'),(218,25,33,4,'2020-01-17 16:28:21'),(219,38,28,1,'2020-01-17 16:28:21'),(220,35,3,1,'2020-01-17 16:28:21'),(221,39,65,1,'2020-01-17 16:28:21'),(222,45,2,3,'2020-01-17 16:28:21'),(223,53,48,4,'2020-01-17 16:28:21'),(224,58,47,3,'2020-01-17 16:28:21'),(225,65,43,1,'2020-01-17 16:28:21'),(226,51,7,4,'2020-01-17 16:28:21'),(227,83,71,1,'2020-01-17 16:28:21'),(228,24,97,1,'2020-01-17 16:28:21'),(229,74,31,2,'2020-01-17 16:28:21'),(230,60,9,3,'2020-01-17 16:28:21'),(231,93,73,4,'2020-01-17 16:28:21'),(232,3,63,1,'2020-01-17 16:28:21'),(233,27,27,3,'2020-01-17 16:28:21'),(234,74,18,3,'2020-01-17 16:28:21'),(235,75,79,3,'2020-01-17 16:28:21'),(236,95,76,4,'2020-01-17 16:28:21'),(237,47,47,4,'2020-01-17 16:28:21'),(238,36,91,2,'2020-01-17 16:28:21'),(239,69,99,4,'2020-01-17 16:28:21'),(240,32,1,1,'2020-01-17 16:28:21'),(241,37,61,4,'2020-01-17 16:28:21'),(242,88,58,1,'2020-01-17 16:28:21'),(243,50,73,1,'2020-01-17 16:28:21'),(244,65,71,3,'2020-01-17 16:28:21'),(245,92,75,4,'2020-01-17 16:28:21'),(246,66,33,3,'2020-01-17 16:28:21'),(247,44,11,1,'2020-01-17 16:28:21'),(248,90,74,4,'2020-01-17 16:28:21'),(249,71,59,4,'2020-01-17 16:28:21'),(250,29,2,1,'2020-01-17 16:28:21'),(251,9,75,2,'2020-01-17 16:28:21'),(252,14,25,4,'2020-01-17 16:28:21'),(253,44,68,1,'2020-01-17 16:28:21'),(254,34,48,2,'2020-01-17 16:28:21'),(255,29,42,1,'2020-01-17 16:28:21'),(256,88,71,4,'2020-01-17 16:28:21'),(257,30,85,2,'2020-01-17 16:28:21'),(258,9,46,1,'2020-01-17 16:28:21'),(259,82,98,2,'2020-01-17 16:28:21'),(260,14,45,4,'2020-01-17 16:28:21'),(261,75,29,1,'2020-01-17 16:28:21'),(262,6,73,2,'2020-01-17 16:28:21'),(263,9,9,1,'2020-01-17 16:28:21'),(264,59,44,2,'2020-01-17 16:28:21'),(265,71,34,3,'2020-01-17 16:28:21'),(266,77,16,2,'2020-01-17 16:28:21'),(267,93,20,1,'2020-01-17 16:28:21'),(268,47,70,1,'2020-01-17 16:28:21'),(269,26,7,3,'2020-01-17 16:28:21'),(270,60,32,4,'2020-01-17 16:28:21'),(271,91,21,2,'2020-01-17 16:28:21'),(272,93,69,3,'2020-01-17 16:28:21'),(273,34,62,1,'2020-01-17 16:28:21'),(274,63,85,2,'2020-01-17 16:28:21'),(275,23,5,3,'2020-01-17 16:28:21'),(276,77,8,1,'2020-01-17 16:28:21'),(277,11,32,2,'2020-01-17 16:28:21'),(278,41,23,4,'2020-01-17 16:28:21'),(279,93,85,2,'2020-01-17 16:28:21'),(280,76,39,3,'2020-01-17 16:28:21'),(281,24,16,1,'2020-01-17 16:28:21'),(282,75,61,4,'2020-01-17 16:28:21'),(283,7,2,4,'2020-01-17 16:28:21'),(284,33,1,1,'2020-01-17 16:28:21'),(285,28,21,1,'2020-01-17 16:28:21'),(286,29,90,3,'2020-01-17 16:28:21'),(287,38,3,1,'2020-01-17 16:28:21'),(288,96,75,4,'2020-01-17 16:28:21'),(289,6,70,2,'2020-01-17 16:28:21'),(290,52,63,3,'2020-01-17 16:28:21'),(291,4,41,4,'2020-01-17 16:28:21'),(292,53,78,2,'2020-01-17 16:28:21'),(293,20,7,3,'2020-01-17 16:28:21'),(294,52,33,1,'2020-01-17 16:28:21'),(295,60,61,1,'2020-01-17 16:28:21'),(296,41,32,2,'2020-01-17 16:28:21'),(297,77,79,3,'2020-01-17 16:28:21'),(298,83,24,3,'2020-01-17 16:28:21'),(299,76,71,2,'2020-01-17 16:28:21'),(300,22,27,3,'2020-01-17 16:28:21'),(301,56,77,1,'2020-01-17 16:28:21'),(302,60,42,2,'2020-01-17 16:28:21'),(303,37,85,1,'2020-01-17 16:28:21'),(304,16,36,2,'2020-01-17 16:28:21'),(305,50,54,1,'2020-01-17 16:28:21'),(306,33,9,2,'2020-01-17 16:28:21'),(307,93,32,4,'2020-01-17 16:28:21'),(308,8,99,3,'2020-01-17 16:28:21'),(309,44,17,2,'2020-01-17 16:28:21'),(310,98,39,1,'2020-01-17 16:28:21'),(311,89,39,2,'2020-01-17 16:28:21'),(312,22,27,3,'2020-01-17 16:28:21'),(313,53,66,3,'2020-01-17 16:28:21'),(314,54,57,1,'2020-01-17 16:28:21'),(315,51,81,3,'2020-01-17 16:28:21'),(316,12,7,4,'2020-01-17 16:28:21'),(317,70,55,3,'2020-01-17 16:28:21'),(318,56,86,3,'2020-01-17 16:28:21'),(319,57,96,1,'2020-01-17 16:28:21'),(320,51,30,4,'2020-01-17 16:28:21'),(321,1,8,2,'2020-01-17 16:28:21'),(322,63,100,1,'2020-01-17 16:28:21'),(323,60,64,2,'2020-01-17 16:28:21'),(324,3,96,3,'2020-01-17 16:28:21'),(325,73,48,1,'2020-01-17 16:28:21'),(326,56,21,2,'2020-01-17 16:28:21'),(327,4,22,4,'2020-01-17 16:28:21'),(328,10,65,4,'2020-01-17 16:28:21'),(329,74,90,1,'2020-01-17 16:28:21'),(330,51,81,3,'2020-01-17 16:28:21'),(331,14,16,2,'2020-01-17 16:28:21'),(332,40,85,1,'2020-01-17 16:28:21'),(333,68,28,2,'2020-01-17 16:28:21'),(334,79,98,3,'2020-01-17 16:28:21'),(335,70,89,2,'2020-01-17 16:28:21'),(336,16,69,4,'2020-01-17 16:28:21'),(337,83,18,2,'2020-01-17 16:28:21'),(338,50,27,4,'2020-01-17 16:28:21'),(339,49,87,4,'2020-01-17 16:28:21'),(340,69,87,2,'2020-01-17 16:28:21'),(341,69,69,2,'2020-01-17 16:28:21'),(342,68,33,3,'2020-01-17 16:28:21'),(343,15,87,4,'2020-01-17 16:28:21'),(344,75,15,2,'2020-01-17 16:28:21'),(345,90,7,3,'2020-01-17 16:28:21'),(346,10,51,2,'2020-01-17 16:28:21'),(347,74,94,2,'2020-01-17 16:28:21'),(348,55,32,4,'2020-01-17 16:28:21'),(349,81,18,2,'2020-01-17 16:28:21'),(350,82,68,4,'2020-01-17 16:28:21'),(351,51,80,2,'2020-01-17 16:28:21'),(352,7,86,1,'2020-01-17 16:28:21'),(353,84,93,1,'2020-01-17 16:28:21'),(354,88,98,2,'2020-01-17 16:28:21'),(355,44,35,2,'2020-01-17 16:28:21'),(356,15,42,3,'2020-01-17 16:28:21'),(357,93,71,4,'2020-01-17 16:28:21'),(358,75,43,4,'2020-01-17 16:28:21'),(359,9,82,4,'2020-01-17 16:28:21'),(360,69,95,3,'2020-01-17 16:28:21'),(361,50,49,4,'2020-01-17 16:28:21'),(362,25,42,2,'2020-01-17 16:28:21'),(363,42,6,1,'2020-01-17 16:28:21'),(364,15,55,2,'2020-01-17 16:28:21'),(365,82,19,2,'2020-01-17 16:28:21'),(366,86,86,3,'2020-01-17 16:28:21'),(367,83,11,1,'2020-01-17 16:28:21'),(368,96,61,1,'2020-01-17 16:28:21'),(369,1,52,3,'2020-01-17 16:28:21'),(370,29,74,4,'2020-01-17 16:28:21'),(371,88,95,1,'2020-01-17 16:28:21'),(372,56,54,1,'2020-01-17 16:28:21'),(373,58,75,1,'2020-01-17 16:28:21'),(374,88,29,4,'2020-01-17 16:28:21'),(375,15,34,1,'2020-01-17 16:28:21'),(376,19,20,2,'2020-01-17 16:28:21'),(377,60,68,3,'2020-01-17 16:28:21'),(378,94,89,3,'2020-01-17 16:28:21'),(379,46,40,3,'2020-01-17 16:28:21'),(380,90,63,2,'2020-01-17 16:28:21'),(381,37,49,2,'2020-01-17 16:28:21'),(382,15,75,2,'2020-01-17 16:28:21'),(383,35,80,4,'2020-01-17 16:28:21'),(384,19,21,2,'2020-01-17 16:28:21'),(385,68,99,4,'2020-01-17 16:28:21'),(386,68,61,4,'2020-01-17 16:28:21'),(387,5,32,2,'2020-01-17 16:28:21'),(388,18,63,3,'2020-01-17 16:28:21'),(389,3,38,4,'2020-01-17 16:28:21'),(390,89,3,2,'2020-01-17 16:28:21'),(391,31,12,3,'2020-01-17 16:28:21'),(392,82,21,3,'2020-01-17 16:28:21'),(393,23,42,2,'2020-01-17 16:28:21'),(394,83,87,4,'2020-01-17 16:28:21'),(395,77,21,3,'2020-01-17 16:28:21'),(396,4,100,4,'2020-01-17 16:28:21'),(397,31,94,4,'2020-01-17 16:28:21'),(398,8,7,1,'2020-01-17 16:28:21'),(399,23,88,3,'2020-01-17 16:28:21'),(400,85,17,2,'2020-01-17 16:28:21'),(401,80,22,3,'2020-01-17 16:28:21'),(402,83,2,3,'2020-01-17 16:28:21'),(403,11,65,4,'2020-01-17 16:28:21'),(404,64,42,1,'2020-01-17 16:28:21'),(405,57,34,4,'2020-01-17 16:28:21'),(406,85,32,1,'2020-01-17 16:28:21'),(407,26,15,4,'2020-01-17 16:28:21'),(408,44,24,4,'2020-01-17 16:28:21'),(409,72,93,2,'2020-01-17 16:28:21'),(410,68,90,2,'2020-01-17 16:28:21'),(411,58,54,4,'2020-01-17 16:28:21'),(412,18,2,3,'2020-01-17 16:28:21'),(413,65,62,1,'2020-01-17 16:28:21'),(414,86,84,3,'2020-01-17 16:28:21'),(415,65,33,3,'2020-01-17 16:28:21'),(416,46,25,4,'2020-01-17 16:28:21'),(417,40,51,2,'2020-01-17 16:28:21'),(418,13,64,4,'2020-01-17 16:28:21'),(419,8,99,3,'2020-01-17 16:28:21'),(420,53,54,1,'2020-01-17 16:28:21'),(421,90,20,2,'2020-01-17 16:28:21'),(422,85,38,2,'2020-01-17 16:28:21'),(423,56,75,1,'2020-01-17 16:28:21'),(424,18,65,3,'2020-01-17 16:28:21'),(425,44,17,3,'2020-01-17 16:28:21'),(426,12,2,3,'2020-01-17 16:28:21'),(427,49,34,1,'2020-01-17 16:28:21'),(428,6,63,4,'2020-01-17 16:28:21'),(429,5,27,1,'2020-01-17 16:28:21'),(430,21,43,3,'2020-01-17 16:28:21'),(431,33,6,2,'2020-01-17 16:28:21'),(432,42,11,2,'2020-01-17 16:28:21'),(433,11,66,4,'2020-01-17 16:28:21'),(434,97,86,2,'2020-01-17 16:28:21'),(435,33,49,2,'2020-01-17 16:28:21'),(436,86,90,4,'2020-01-17 16:28:21'),(437,82,40,3,'2020-01-17 16:28:21'),(438,40,45,1,'2020-01-17 16:28:21'),(439,75,68,1,'2020-01-17 16:28:21'),(440,70,5,1,'2020-01-17 16:28:21'),(441,65,76,4,'2020-01-17 16:28:21'),(442,91,2,2,'2020-01-17 16:28:21'),(443,70,46,1,'2020-01-17 16:28:21'),(444,45,73,2,'2020-01-17 16:28:21'),(445,41,6,1,'2020-01-17 16:28:21'),(446,15,57,2,'2020-01-17 16:28:21'),(447,17,73,1,'2020-01-17 16:28:21'),(448,49,3,3,'2020-01-17 16:28:21'),(449,24,21,2,'2020-01-17 16:28:21'),(450,1,7,2,'2020-01-17 16:28:21'),(451,29,56,4,'2020-01-17 16:28:21'),(452,93,88,3,'2020-01-17 16:28:21'),(453,40,14,3,'2020-01-17 16:28:21'),(454,17,26,4,'2020-01-17 16:28:21'),(455,30,3,1,'2020-01-17 16:28:21'),(456,14,95,2,'2020-01-17 16:28:21'),(457,78,90,1,'2020-01-17 16:28:21'),(458,10,2,4,'2020-01-17 16:28:21'),(459,96,38,1,'2020-01-17 16:28:21'),(460,97,77,4,'2020-01-17 16:28:21'),(461,34,91,3,'2020-01-17 16:28:21'),(462,88,81,2,'2020-01-17 16:28:21'),(463,62,85,2,'2020-01-17 16:28:21'),(464,40,83,4,'2020-01-17 16:28:21'),(465,16,3,3,'2020-01-17 16:28:21'),(466,10,60,3,'2020-01-17 16:28:21'),(467,63,8,3,'2020-01-17 16:28:21'),(468,33,9,2,'2020-01-17 16:28:21'),(469,7,93,2,'2020-01-17 16:28:21'),(470,34,44,1,'2020-01-17 16:28:21'),(471,48,92,1,'2020-01-17 16:28:21'),(472,5,75,3,'2020-01-17 16:28:21'),(473,69,69,2,'2020-01-17 16:28:21'),(474,83,98,2,'2020-01-17 16:28:21'),(475,5,6,1,'2020-01-17 16:28:21'),(476,56,35,1,'2020-01-17 16:28:21'),(477,23,98,1,'2020-01-17 16:28:21'),(478,4,61,4,'2020-01-17 16:28:21'),(479,85,43,3,'2020-01-17 16:28:21'),(480,70,69,2,'2020-01-17 16:28:21'),(481,68,33,3,'2020-01-17 16:28:21'),(482,8,56,3,'2020-01-17 16:28:21'),(483,2,50,2,'2020-01-17 16:28:21'),(484,51,34,1,'2020-01-17 16:28:21'),(485,73,21,4,'2020-01-17 16:28:21'),(486,56,26,3,'2020-01-17 16:28:21'),(487,38,1,4,'2020-01-17 16:28:21'),(488,46,60,3,'2020-01-17 16:28:21'),(489,24,38,1,'2020-01-17 16:28:21'),(490,77,29,1,'2020-01-17 16:28:21'),(491,81,62,3,'2020-01-17 16:28:21'),(492,48,40,3,'2020-01-17 16:28:21'),(493,61,33,4,'2020-01-17 16:28:21'),(494,14,23,3,'2020-01-17 16:28:21'),(495,87,22,2,'2020-01-17 16:28:21'),(496,68,99,4,'2020-01-17 16:28:21'),(497,52,90,4,'2020-01-17 16:28:21'),(498,90,74,4,'2020-01-17 16:28:21'),(499,75,74,2,'2020-01-17 16:28:21'),(500,15,33,1,'2020-01-17 16:28:21'),(501,95,17,4,'2020-01-17 16:28:21'),(502,41,11,2,'2020-01-17 16:28:21'),(503,16,88,4,'2020-01-17 16:28:21'),(504,4,39,4,'2020-01-17 16:28:21'),(505,89,2,2,'2020-01-17 16:28:21'),(506,9,15,2,'2020-01-17 16:28:21'),(507,83,77,2,'2020-01-17 16:28:21'),(508,57,71,4,'2020-01-17 16:28:21'),(509,95,32,3,'2020-01-17 16:28:21'),(510,71,35,3,'2020-01-17 16:28:21'),(511,94,92,4,'2020-01-17 16:28:21'),(512,8,8,1,'2020-01-17 16:28:21'),(513,48,99,2,'2020-01-17 16:28:21'),(514,42,66,1,'2020-01-17 16:28:21'),(515,26,15,4,'2020-01-17 16:28:21'),(516,29,59,1,'2020-01-17 16:28:21'),(517,74,36,3,'2020-01-17 16:28:21'),(518,85,50,4,'2020-01-17 16:28:21'),(519,25,38,1,'2020-01-17 16:28:21'),(520,53,24,3,'2020-01-17 16:28:21'),(521,34,84,1,'2020-01-17 16:28:21'),(522,34,20,4,'2020-01-17 16:28:21'),(523,13,81,3,'2020-01-17 16:28:21'),(524,79,2,3,'2020-01-17 16:28:21'),(525,54,52,4,'2020-01-17 16:28:21'),(526,42,9,1,'2020-01-17 16:28:21'),(527,72,1,4,'2020-01-17 16:28:21'),(528,38,25,1,'2020-01-17 16:28:21'),(529,80,64,4,'2020-01-17 16:28:21'),(530,3,79,4,'2020-01-17 16:28:21'),(531,78,42,4,'2020-01-17 16:28:21'),(532,54,39,2,'2020-01-17 16:28:21'),(533,49,47,4,'2020-01-17 16:28:21'),(534,81,51,1,'2020-01-17 16:28:21'),(535,13,22,3,'2020-01-17 16:28:21'),(536,91,42,2,'2020-01-17 16:28:21'),(537,55,65,3,'2020-01-17 16:28:21'),(538,97,8,3,'2020-01-17 16:28:21'),(539,32,6,2,'2020-01-17 16:28:21'),(540,53,63,3,'2020-01-17 16:28:21'),(541,76,19,3,'2020-01-17 16:28:21'),(542,74,73,2,'2020-01-17 16:28:21'),(543,90,25,3,'2020-01-17 16:28:21'),(544,100,35,3,'2020-01-17 16:28:21'),(545,62,90,3,'2020-01-17 16:28:21'),(546,39,11,2,'2020-01-17 16:28:21'),(547,48,31,1,'2020-01-17 16:28:21'),(548,50,24,3,'2020-01-17 16:28:21'),(549,72,55,3,'2020-01-17 16:28:21'),(550,16,11,1,'2020-01-17 16:28:21'),(551,91,40,1,'2020-01-17 16:28:21'),(552,5,51,2,'2020-01-17 16:28:21'),(553,37,72,2,'2020-01-17 16:28:21'),(554,28,90,3,'2020-01-17 16:28:21'),(555,72,54,3,'2020-01-17 16:28:21'),(556,98,35,4,'2020-01-17 16:28:21'),(557,88,3,2,'2020-01-17 16:28:21'),(558,37,38,4,'2020-01-17 16:28:21'),(559,74,39,3,'2020-01-17 16:28:21'),(560,29,36,4,'2020-01-17 16:28:21'),(561,67,50,2,'2020-01-17 16:28:21'),(562,93,16,1,'2020-01-17 16:28:21'),(563,64,10,3,'2020-01-17 16:28:21'),(564,65,46,2,'2020-01-17 16:28:21'),(565,38,82,4,'2020-01-17 16:28:21'),(566,39,1,4,'2020-01-17 16:28:21'),(567,40,35,3,'2020-01-17 16:28:21'),(568,60,41,2,'2020-01-17 16:28:21'),(569,4,41,4,'2020-01-17 16:28:21'),(570,40,21,4,'2020-01-17 16:28:21'),(571,59,42,2,'2020-01-17 16:28:21'),(572,32,66,2,'2020-01-17 16:28:21'),(573,64,22,1,'2020-01-17 16:28:21'),(574,28,81,1,'2020-01-17 16:28:21'),(575,64,54,4,'2020-01-17 16:28:21'),(576,33,25,2,'2020-01-17 16:28:21'),(577,61,20,1,'2020-01-17 16:28:21'),(578,37,26,1,'2020-01-17 16:28:21'),(579,4,69,2,'2020-01-17 16:28:21'),(580,70,40,4,'2020-01-17 16:28:21'),(581,42,31,2,'2020-01-17 16:28:21'),(582,55,87,3,'2020-01-17 16:28:21'),(583,73,65,1,'2020-01-17 16:28:21'),(584,25,14,4,'2020-01-17 16:28:21'),(585,25,46,3,'2020-01-17 16:28:21'),(586,20,47,3,'2020-01-17 16:28:21'),(587,24,99,1,'2020-01-17 16:28:21'),(588,13,98,3,'2020-01-17 16:28:21'),(589,59,45,2,'2020-01-17 16:28:21'),(590,85,94,1,'2020-01-17 16:28:21'),(591,80,63,3,'2020-01-17 16:28:21'),(592,85,99,2,'2020-01-17 16:28:21'),(593,9,18,3,'2020-01-17 16:28:21'),(594,74,71,2,'2020-01-17 16:28:21'),(595,43,20,3,'2020-01-17 16:28:21'),(596,2,90,2,'2020-01-17 16:28:21'),(597,61,63,2,'2020-01-17 16:28:21'),(598,73,66,1,'2020-01-17 16:28:21'),(599,63,77,4,'2020-01-17 16:28:21'),(600,46,45,4,'2020-01-17 16:28:21'),(601,85,72,1,'2020-01-17 16:28:21'),(602,3,2,1,'2020-01-17 16:28:21'),(603,2,4,1,'2020-01-17 16:28:21'),(604,52,23,3,'2020-01-17 16:28:21'),(605,20,26,3,'2020-01-17 16:28:21'),(606,73,55,3,'2020-01-17 16:28:21'),(607,5,63,4,'2020-01-17 16:28:21'),(608,3,21,4,'2020-01-17 16:28:21'),(609,1,28,2,'2020-01-17 16:28:21'),(610,94,61,1,'2020-01-17 16:28:21'),(611,26,66,2,'2020-01-17 16:28:21'),(612,50,99,2,'2020-01-17 16:28:21'),(613,31,16,4,'2020-01-17 16:28:21'),(614,95,8,3,'2020-01-17 16:28:21'),(615,56,11,4,'2020-01-17 16:28:21'),(616,94,15,4,'2020-01-17 16:28:21'),(617,12,85,4,'2020-01-17 16:28:21'),(618,84,58,2,'2020-01-17 16:28:21'),(619,8,28,1,'2020-01-17 16:28:21'),(620,8,81,4,'2020-01-17 16:28:21'),(621,67,89,2,'2020-01-17 16:28:21'),(622,46,3,3,'2020-01-17 16:28:21'),(623,62,89,3,'2020-01-17 16:28:21'),(624,11,89,1,'2020-01-17 16:28:21'),(625,95,36,4,'2020-01-17 16:28:21'),(626,57,6,3,'2020-01-17 16:28:21'),(627,82,30,1,'2020-01-17 16:28:21'),(628,20,94,1,'2020-01-17 16:28:21'),(629,67,5,1,'2020-01-17 16:28:21'),(630,98,21,1,'2020-01-17 16:28:21'),(631,90,19,1,'2020-01-17 16:28:21'),(632,62,36,4,'2020-01-17 16:28:21'),(633,66,43,1,'2020-01-17 16:28:21'),(634,55,25,3,'2020-01-17 16:28:21'),(635,25,42,2,'2020-01-17 16:28:21'),(636,44,19,3,'2020-01-17 16:28:21'),(637,49,62,3,'2020-01-17 16:28:21'),(638,29,52,4,'2020-01-17 16:28:21'),(639,22,83,2,'2020-01-17 16:28:21'),(640,82,70,1,'2020-01-17 16:28:21'),(641,19,76,1,'2020-01-17 16:28:21'),(642,79,31,1,'2020-01-17 16:28:21'),(643,92,6,3,'2020-01-17 16:28:21'),(644,60,33,4,'2020-01-17 16:28:21'),(645,26,73,4,'2020-01-17 16:28:21'),(646,13,4,4,'2020-01-17 16:28:21'),(647,94,24,2,'2020-01-17 16:28:21'),(648,24,1,2,'2020-01-17 16:28:21'),(649,53,73,1,'2020-01-17 16:28:21'),(650,8,24,4,'2020-01-17 16:28:21'),(651,94,91,3,'2020-01-17 16:28:21'),(652,81,93,1,'2020-01-17 16:28:21'),(653,29,78,1,'2020-01-17 16:28:21'),(654,87,20,2,'2020-01-17 16:28:21'),(655,34,53,3,'2020-01-17 16:28:21'),(656,55,87,3,'2020-01-17 16:28:21'),(657,83,9,4,'2020-01-17 16:28:21'),(658,46,44,4,'2020-01-17 16:28:21'),(659,81,58,2,'2020-01-17 16:28:21'),(660,44,88,1,'2020-01-17 16:28:21'),(661,73,43,4,'2020-01-17 16:28:21'),(662,43,31,2,'2020-01-17 16:28:21'),(663,37,6,1,'2020-01-17 16:28:21'),(664,83,53,1,'2020-01-17 16:28:21'),(665,21,54,1,'2020-01-17 16:28:21'),(666,82,84,3,'2020-01-17 16:28:21'),(667,1,94,3,'2020-01-17 16:28:21'),(668,49,46,4,'2020-01-17 16:28:21'),(669,70,3,1,'2020-01-17 16:28:21'),(670,19,75,1,'2020-01-17 16:28:21'),(671,77,24,4,'2020-01-17 16:28:21'),(672,64,57,4,'2020-01-17 16:28:21'),(673,92,80,1,'2020-01-17 16:28:21'),(674,86,55,1,'2020-01-17 16:28:21'),(675,3,76,3,'2020-01-17 16:28:21'),(676,14,65,4,'2020-01-17 16:28:21'),(677,12,15,2,'2020-01-17 16:28:21'),(678,44,6,4,'2020-01-17 16:28:21'),(679,71,63,4,'2020-01-17 16:28:21'),(680,1,13,3,'2020-01-17 16:28:21'),(681,55,97,1,'2020-01-17 16:28:21'),(682,4,61,4,'2020-01-17 16:28:21'),(683,92,74,4,'2020-01-17 16:28:21'),(684,46,48,1,'2020-01-17 16:28:21'),(685,70,40,4,'2020-01-17 16:28:21'),(686,27,66,2,'2020-01-17 16:28:21'),(687,39,54,3,'2020-01-17 16:28:21'),(688,95,19,1,'2020-01-17 16:28:21'),(689,99,60,1,'2020-01-17 16:28:21'),(690,33,56,4,'2020-01-17 16:28:21'),(691,29,7,2,'2020-01-17 16:28:21'),(692,11,17,3,'2020-01-17 16:28:21'),(693,1,53,3,'2020-01-17 16:28:21'),(694,55,85,3,'2020-01-17 16:28:21'),(695,43,34,2,'2020-01-17 16:28:21'),(696,13,34,2,'2020-01-17 16:28:21'),(697,57,88,3,'2020-01-17 16:28:21'),(698,84,12,1,'2020-01-17 16:28:21'),(699,91,38,1,'2020-01-17 16:28:21'),(700,75,22,4,'2020-01-17 16:28:21'),(701,53,13,1,'2020-01-17 16:28:21'),(702,77,77,3,'2020-01-17 16:28:21'),(703,29,88,3,'2020-01-17 16:28:21'),(704,5,63,1,'2020-01-17 16:28:21'),(705,12,58,3,'2020-01-17 16:28:21'),(706,94,10,3,'2020-01-17 16:28:21'),(707,92,67,3,'2020-01-17 16:28:21'),(708,85,52,1,'2020-01-17 16:28:21'),(709,75,55,2,'2020-01-17 16:28:21'),(710,77,40,3,'2020-01-17 16:28:21'),(711,21,2,2,'2020-01-17 16:28:21'),(712,10,19,3,'2020-01-17 16:28:21'),(713,78,87,4,'2020-01-17 16:28:21'),(714,34,72,3,'2020-01-17 16:28:21'),(715,76,4,4,'2020-01-17 16:28:21'),(716,37,14,3,'2020-01-17 16:28:21'),(717,51,77,2,'2020-01-17 16:28:21'),(718,38,86,1,'2020-01-17 16:28:21'),(719,20,52,1,'2020-01-17 16:28:21'),(720,51,51,4,'2020-01-17 16:28:21'),(721,45,26,4,'2020-01-17 16:28:21'),(722,98,3,1,'2020-01-17 16:28:21'),(723,98,24,1,'2020-01-17 16:28:21'),(724,54,95,1,'2020-01-17 16:28:21'),(725,71,21,4,'2020-01-17 16:28:21'),(726,89,72,4,'2020-01-17 16:28:21'),(727,53,82,3,'2020-01-17 16:28:21'),(728,12,4,4,'2020-01-17 16:28:21'),(729,9,89,1,'2020-01-17 16:28:21'),(730,35,14,3,'2020-01-17 16:28:21'),(731,74,80,4,'2020-01-17 16:28:21'),(732,46,97,2,'2020-01-17 16:28:21'),(733,50,6,4,'2020-01-17 16:28:21'),(734,64,89,3,'2020-01-17 16:28:21'),(735,4,56,3,'2020-01-17 16:28:21'),(736,73,57,3,'2020-01-17 16:28:21'),(737,68,37,4,'2020-01-17 16:28:21'),(738,86,90,4,'2020-01-17 16:28:21'),(739,86,56,1,'2020-01-17 16:28:21'),(740,36,17,4,'2020-01-17 16:28:21'),(741,35,40,4,'2020-01-17 16:28:21'),(742,67,40,4,'2020-01-17 16:28:21'),(743,69,51,2,'2020-01-17 16:28:21'),(744,92,10,3,'2020-01-17 16:28:21'),(745,38,68,1,'2020-01-17 16:28:21'),(746,19,21,2,'2020-01-17 16:28:21'),(747,66,94,3,'2020-01-17 16:28:21'),(748,65,16,4,'2020-01-17 16:28:21'),(749,71,2,4,'2020-01-17 16:28:21'),(750,83,23,3,'2020-01-17 16:28:21'),(751,41,20,4,'2020-01-17 16:28:21'),(752,19,68,4,'2020-01-17 16:28:21'),(753,12,8,1,'2020-01-17 16:28:21'),(754,91,47,3,'2020-01-17 16:28:21'),(755,68,55,3,'2020-01-17 16:28:21'),(756,79,88,1,'2020-01-17 16:28:21'),(757,54,60,2,'2020-01-17 16:28:21'),(758,95,70,3,'2020-01-17 16:28:21'),(759,6,40,4,'2020-01-17 16:28:21'),(760,94,22,1,'2020-01-17 16:28:21'),(761,60,25,2,'2020-01-17 16:28:21'),(762,46,95,2,'2020-01-17 16:28:21'),(763,97,76,4,'2020-01-17 16:28:21'),(764,15,7,4,'2020-01-17 16:28:21'),(765,35,1,4,'2020-01-17 16:28:21'),(766,90,54,1,'2020-01-17 16:28:21'),(767,41,3,4,'2020-01-17 16:28:21'),(768,38,23,1,'2020-01-17 16:28:21'),(769,33,61,1,'2020-01-17 16:28:21'),(770,46,14,2,'2020-01-17 16:28:21'),(771,8,49,1,'2020-01-17 16:28:21'),(772,61,40,1,'2020-01-17 16:28:21'),(773,50,8,4,'2020-01-17 16:28:21'),(774,19,31,4,'2020-01-17 16:28:21'),(775,77,4,4,'2020-01-17 16:28:21'),(776,18,33,1,'2020-01-17 16:28:21'),(777,49,15,2,'2020-01-17 16:28:21'),(778,98,1,1,'2020-01-17 16:28:21'),(779,63,72,3,'2020-01-17 16:28:21'),(780,39,82,4,'2020-01-17 16:28:21'),(781,7,62,4,'2020-01-17 16:28:21'),(782,61,34,4,'2020-01-17 16:28:21'),(783,42,40,4,'2020-01-17 16:28:21'),(784,61,75,4,'2020-01-17 16:28:21'),(785,29,73,4,'2020-01-17 16:28:21'),(786,72,25,1,'2020-01-17 16:28:21'),(787,66,3,1,'2020-01-17 16:28:21'),(788,75,23,4,'2020-01-17 16:28:21'),(789,85,52,1,'2020-01-17 16:28:21'),(790,71,36,3,'2020-01-17 16:28:21'),(791,34,66,1,'2020-01-17 16:28:21'),(792,22,36,1,'2020-01-17 16:28:21'),(793,67,90,2,'2020-01-17 16:28:21'),(794,62,70,3,'2020-01-17 16:28:21'),(795,4,33,2,'2020-01-17 16:28:21'),(796,53,12,1,'2020-01-17 16:28:21'),(797,76,72,2,'2020-01-17 16:28:21'),(798,45,28,1,'2020-01-17 16:28:21'),(799,27,28,3,'2020-01-17 16:28:21'),(800,6,54,3,'2020-01-17 16:28:21'),(801,7,74,2,'2020-01-17 16:28:21'),(802,17,39,2,'2020-01-17 16:28:21'),(803,8,4,4,'2020-01-17 16:28:21'),(804,66,44,1,'2020-01-17 16:28:21'),(805,76,14,2,'2020-01-17 16:28:21'),(806,59,76,1,'2020-01-17 16:28:21'),(807,81,98,2,'2020-01-17 16:28:21'),(808,35,36,4,'2020-01-17 16:28:21'),(809,71,29,2,'2020-01-17 16:28:21'),(810,55,91,4,'2020-01-17 16:28:21'),(811,70,85,1,'2020-01-17 16:28:21'),(812,11,14,2,'2020-01-17 16:28:21'),(813,47,22,3,'2020-01-17 16:28:21'),(814,78,84,4,'2020-01-17 16:28:21'),(815,70,96,3,'2020-01-17 16:28:21'),(816,57,78,1,'2020-01-17 16:28:21'),(817,56,27,3,'2020-01-17 16:28:21'),(818,47,38,2,'2020-01-17 16:28:21'),(819,20,60,2,'2020-01-17 16:28:21'),(820,17,67,4,'2020-01-17 16:28:21'),(821,11,5,4,'2020-01-17 16:28:21'),(822,58,5,2,'2020-01-17 16:28:21'),(823,29,100,1,'2020-01-17 16:28:21'),(824,51,24,3,'2020-01-17 16:28:21'),(825,55,80,2,'2020-01-17 16:28:21'),(826,35,67,2,'2020-01-17 16:28:21'),(827,54,77,1,'2020-01-17 16:28:21'),(828,81,35,2,'2020-01-17 16:28:21'),(829,61,5,2,'2020-01-17 16:28:21'),(830,93,41,1,'2020-01-17 16:28:21'),(831,89,77,1,'2020-01-17 16:28:21'),(832,62,55,4,'2020-01-17 16:28:21'),(833,74,7,1,'2020-01-17 16:28:21'),(834,27,8,3,'2020-01-17 16:28:21'),(835,55,7,3,'2020-01-17 16:28:21'),(836,32,48,2,'2020-01-17 16:28:21'),(837,73,32,2,'2020-01-17 16:28:21'),(838,12,34,2,'2020-01-17 16:28:21'),(839,68,39,4,'2020-01-17 16:28:21'),(840,27,66,2,'2020-01-17 16:28:21'),(841,51,3,3,'2020-01-17 16:28:21'),(842,7,44,4,'2020-01-17 16:28:21'),(843,65,27,2,'2020-01-17 16:28:21'),(844,15,56,2,'2020-01-17 16:28:21'),(845,4,18,4,'2020-01-17 16:28:21'),(846,30,18,4,'2020-01-17 16:28:21'),(847,35,84,1,'2020-01-17 16:28:21'),(848,7,98,3,'2020-01-17 16:28:21'),(849,47,31,1,'2020-01-17 16:28:21'),(850,76,39,3,'2020-01-17 16:28:21'),(851,13,67,4,'2020-01-17 16:28:21'),(852,63,37,4,'2020-01-17 16:28:21'),(853,59,11,4,'2020-01-17 16:28:21'),(854,57,50,4,'2020-01-17 16:28:21'),(855,37,53,3,'2020-01-17 16:28:21'),(856,8,78,3,'2020-01-17 16:28:21'),(857,90,56,1,'2020-01-17 16:28:21'),(858,75,48,1,'2020-01-17 16:28:21'),(859,26,89,3,'2020-01-17 16:28:21'),(860,63,15,4,'2020-01-17 16:28:21'),(861,93,2,2,'2020-01-17 16:28:21'),(862,37,1,4,'2020-01-17 16:28:21'),(863,48,70,1,'2020-01-17 16:28:21'),(864,16,64,3,'2020-01-17 16:28:21'),(865,69,29,2,'2020-01-17 16:28:21'),(866,90,45,3,'2020-01-17 16:28:21'),(867,37,22,4,'2020-01-17 16:28:21'),(868,21,10,4,'2020-01-17 16:28:21'),(869,9,82,4,'2020-01-17 16:28:21'),(870,56,40,2,'2020-01-17 16:28:21'),(871,31,64,2,'2020-01-17 16:28:21'),(872,38,12,2,'2020-01-17 16:28:21'),(873,84,88,4,'2020-01-17 16:28:21'),(874,64,63,1,'2020-01-17 16:28:21'),(875,18,25,3,'2020-01-17 16:28:21'),(876,83,97,2,'2020-01-17 16:28:21'),(877,94,59,1,'2020-01-17 16:28:21'),(878,74,38,3,'2020-01-17 16:28:21'),(879,28,33,4,'2020-01-17 16:28:21'),(880,6,87,1,'2020-01-17 16:28:21'),(881,18,43,3,'2020-01-17 16:28:21'),(882,64,45,2,'2020-01-17 16:28:21'),(883,30,50,3,'2020-01-17 16:28:21'),(884,49,64,3,'2020-01-17 16:28:21'),(885,75,54,2,'2020-01-17 16:28:21'),(886,64,84,2,'2020-01-17 16:28:21'),(887,82,30,1,'2020-01-17 16:28:21'),(888,18,83,3,'2020-01-17 16:28:21'),(889,66,40,1,'2020-01-17 16:28:21'),(890,86,25,3,'2020-01-17 16:28:21'),(891,59,92,4,'2020-01-17 16:28:21'),(892,46,76,2,'2020-01-17 16:28:21'),(893,71,34,3,'2020-01-17 16:28:21'),(894,85,51,4,'2020-01-17 16:28:21'),(895,47,33,1,'2020-01-17 16:28:21'),(896,25,48,3,'2020-01-17 16:28:21'),(897,87,37,1,'2020-01-17 16:28:21'),(898,100,34,3,'2020-01-17 16:28:21'),(899,45,15,2,'2020-01-17 16:28:21'),(900,50,31,1,'2020-01-17 16:28:21'),(901,43,90,1,'2020-01-17 16:28:21'),(902,46,61,3,'2020-01-17 16:28:21'),(903,35,83,1,'2020-01-17 16:28:21'),(904,7,99,3,'2020-01-17 16:28:21'),(905,74,48,1,'2020-01-17 16:28:21'),(906,42,57,3,'2020-01-17 16:28:21'),(907,17,14,1,'2020-01-17 16:28:21'),(908,37,37,3,'2020-01-17 16:28:21'),(909,48,25,4,'2020-01-17 16:28:21'),(910,27,91,3,'2020-01-17 16:28:21'),(911,98,66,2,'2020-01-17 16:28:21'),(912,75,72,2,'2020-01-17 16:28:21'),(913,47,35,2,'2020-01-17 16:28:21'),(914,78,77,3,'2020-01-17 16:28:21'),(915,29,87,2,'2020-01-17 16:28:21'),(916,81,61,3,'2020-01-17 16:28:21'),(917,16,98,2,'2020-01-17 16:28:21'),(918,16,52,1,'2020-01-17 16:28:21'),(919,5,87,1,'2020-01-17 16:28:21'),(920,46,66,4,'2020-01-17 16:28:21'),(921,44,56,2,'2020-01-17 16:28:21'),(922,66,89,2,'2020-01-17 16:28:21'),(923,62,72,3,'2020-01-17 16:28:21'),(924,55,50,4,'2020-01-17 16:28:21'),(925,68,91,2,'2020-01-17 16:28:21'),(926,76,29,1,'2020-01-17 16:28:21'),(927,1,52,3,'2020-01-17 16:28:21'),(928,15,11,1,'2020-01-17 16:28:21'),(929,13,38,2,'2020-01-17 16:28:21'),(930,29,98,1,'2020-01-17 16:28:21'),(931,25,12,4,'2020-01-17 16:28:21'),(932,94,11,3,'2020-01-17 16:28:21'),(933,36,55,3,'2020-01-17 16:28:21'),(934,74,66,1,'2020-01-17 16:28:21'),(935,35,53,3,'2020-01-17 16:28:21'),(936,38,11,2,'2020-01-17 16:28:21'),(937,68,18,4,'2020-01-17 16:28:21'),(938,75,15,3,'2020-01-17 16:28:21'),(939,13,11,1,'2020-01-17 16:28:21'),(940,31,16,4,'2020-01-17 16:28:21'),(941,80,45,4,'2020-01-17 16:28:21'),(942,76,34,2,'2020-01-17 16:28:21'),(943,99,74,3,'2020-01-17 16:28:21'),(944,37,71,2,'2020-01-17 16:28:21'),(945,92,35,4,'2020-01-17 16:28:21'),(946,91,57,1,'2020-01-17 16:28:21'),(947,85,90,4,'2020-01-17 16:28:21'),(948,2,27,2,'2020-01-17 16:28:21'),(949,58,5,3,'2020-01-17 16:28:21'),(950,41,52,2,'2020-01-17 16:28:21'),(951,22,3,2,'2020-01-17 16:28:21'),(952,24,80,2,'2020-01-17 16:28:21'),(953,96,100,1,'2020-01-17 16:28:21'),(954,44,92,2,'2020-01-17 16:28:21'),(955,69,58,4,'2020-01-17 16:28:21'),(956,41,55,2,'2020-01-17 16:28:21'),(957,86,79,2,'2020-01-17 16:28:21'),(958,47,25,4,'2020-01-17 16:28:21'),(959,39,48,1,'2020-01-17 16:28:21'),(960,54,10,4,'2020-01-17 16:28:21'),(961,11,89,1,'2020-01-17 16:28:21'),(962,87,1,2,'2020-01-17 16:28:21'),(963,24,84,2,'2020-01-17 16:28:21'),(964,84,77,2,'2020-01-17 16:28:21'),(965,38,87,1,'2020-01-17 16:28:21'),(966,43,52,2,'2020-01-17 16:28:21'),(967,2,13,3,'2020-01-17 16:28:21'),(968,55,98,1,'2020-01-17 16:28:21'),(969,27,62,2,'2020-01-17 16:28:21'),(970,51,72,1,'2020-01-17 16:28:21'),(971,26,5,2,'2020-01-17 16:28:21'),(972,7,3,4,'2020-01-17 16:28:21'),(973,54,91,4,'2020-01-17 16:28:21'),(974,90,72,4,'2020-01-17 16:28:21'),(975,23,50,4,'2020-01-17 16:28:21'),(976,48,1,3,'2020-01-17 16:28:21'),(977,8,53,2,'2020-01-17 16:28:21'),(978,30,36,4,'2020-01-17 16:28:21'),(979,45,50,1,'2020-01-17 16:28:21'),(980,27,89,3,'2020-01-17 16:28:21'),(981,48,50,1,'2020-01-17 16:28:21'),(982,85,3,3,'2020-01-17 16:28:21'),(983,87,59,2,'2020-01-17 16:28:21'),(984,73,76,3,'2020-01-17 16:28:21'),(985,63,42,1,'2020-01-17 16:28:21'),(986,65,69,3,'2020-01-17 16:28:21'),(987,48,85,4,'2020-01-17 16:28:21'),(988,44,79,3,'2020-01-17 16:28:21'),(989,80,8,1,'2020-01-17 16:28:21'),(990,81,2,3,'2020-01-17 16:28:21'),(991,18,97,2,'2020-01-17 16:28:21'),(992,48,55,2,'2020-01-17 16:28:21'),(993,95,79,1,'2020-01-17 16:28:21'),(994,99,74,3,'2020-01-17 16:28:21'),(995,46,8,4,'2020-01-17 16:28:21'),(996,74,70,2,'2020-01-17 16:28:21'),(997,27,51,3,'2020-01-17 16:28:21'),(998,11,37,3,'2020-01-17 16:28:21'),(999,50,91,1,'2020-01-17 16:28:21'),(1000,49,33,1,'2020-01-17 16:28:21');
/*!40000 ALTER TABLE `likes` ENABLE KEYS */;
UNLOCK TABLES;

--
-- Table structure for table `media`
--

DROP TABLE IF EXISTS `media`;
/*!40101 SET @saved_cs_client     = @@character_set_client */;
/*!50503 SET character_set_client = utf8mb4 */;
CREATE TABLE `media` (
  `id` int unsigned NOT NULL AUTO_INCREMENT,
  `media_type_id` int unsigned DEFAULT NULL,
  `user_id` int unsigned DEFAULT NULL,
  `filename` varchar(255) CHARACTER SET utf8 COLLATE utf8_unicode_ci NOT NULL,
  `size` int NOT NULL,
  `metadata` json DEFAULT NULL,
  `created_at` datetime DEFAULT CURRENT_TIMESTAMP,
  `updated_at` datetime DEFAULT CURRENT_TIMESTAMP ON UPDATE CURRENT_TIMESTAMP,
  PRIMARY KEY (`id`),
  KEY `media_user_id_fk` (`user_id`),
  KEY `media_media_type_id_fk` (`media_type_id`),
  KEY `media_filename_idx` (`filename`),
  CONSTRAINT `media_media_type_id_fk` FOREIGN KEY (`media_type_id`) REFERENCES `media_types` (`id`) ON DELETE SET NULL,
  CONSTRAINT `media_user_id_fk` FOREIGN KEY (`user_id`) REFERENCES `users` (`id`) ON DELETE SET NULL
) ENGINE=InnoDB AUTO_INCREMENT=1001 DEFAULT CHARSET=utf8 COLLATE=utf8_unicode_ci;
/*!40101 SET character_set_client = @saved_cs_client */;

--
-- Dumping data for table `media`
--

LOCK TABLES `media` WRITE;
/*!40000 ALTER TABLE `media` DISABLE KEYS */;
INSERT INTO `media` VALUES (1,1,153,'https://dropbox/vk/file_65',65,'{\"owner\": \"Celine Hansen\"}','2017-04-30 17:29:32','2020-01-06 11:05:05'),(2,3,214,'https://dropbox/vk/file_753012008',753012008,'{\"owner\": \"Angelica Anderson\"}','1985-01-14 01:53:12','2020-01-06 11:05:05'),(3,1,113,'https://dropbox/vk/file_6175811',6175811,'{\"owner\": \"Benedict Donnelly\"}','2004-11-11 09:31:30','2020-01-06 11:05:05'),(4,1,421,'https://dropbox/vk/file_131237515',131237515,'{\"owner\": \"Garland Gorczany\"}','1996-07-02 12:32:37','2020-01-06 11:05:05'),(5,1,264,'https://dropbox/vk/file_73611079',73611079,'{\"owner\": \"Lera Huel\"}','2017-10-17 06:13:40','2020-01-06 11:05:05'),(6,1,58,'https://dropbox/vk/file_3',3,'{\"owner\": \"Judge Sipes\"}','1982-08-31 04:24:30','2020-01-06 11:05:05'),(7,3,498,'https://dropbox/vk/file_98502',98502,'{\"owner\": \"Erna Armstrong\"}','2005-01-11 01:23:20','2020-01-06 11:05:05'),(8,3,317,'https://dropbox/vk/file_40832',40832,'{\"owner\": \"Zelma Smith\"}','2008-08-18 23:21:34','2020-01-06 11:05:05'),(9,2,88,'https://dropbox/vk/file_46982695',46982695,'{\"owner\": \"Vivianne Zulauf\"}','2006-06-25 22:38:15','2020-01-06 11:05:05'),(10,2,491,'https://dropbox/vk/file_6738227',6738227,'{\"owner\": \"Jaron Gibson\"}','2014-10-07 14:06:38','2020-01-06 11:05:05'),(11,2,190,'https://dropbox/vk/file_680728',680728,'{\"owner\": \"Ubaldo McGlynn\"}','1994-06-25 04:57:22','2020-01-06 11:05:05'),(12,1,476,'https://dropbox/vk/file_307647228',307647228,'{\"owner\": \"Monserrat Powlowski\"}','1978-01-15 23:06:17','2020-01-06 11:05:05'),(13,3,309,'https://dropbox/vk/file_0',0,'{\"owner\": \"Dina Jacobi\"}','1996-11-15 16:34:56','2020-01-06 11:05:05'),(14,1,116,'https://dropbox/vk/file_0',0,'{\"owner\": \"Paula Streich\"}','1990-03-09 05:05:53','2020-01-06 11:05:05'),(15,2,155,'https://dropbox/vk/file_3828973',3828973,'{\"owner\": \"Gordon Kutch\"}','1971-07-30 18:06:14','2020-01-06 11:05:05'),(16,3,424,'https://dropbox/vk/file_532',532,'{\"owner\": \"Travis Spencer\"}','2017-11-18 04:14:06','2020-01-06 11:05:05'),(17,3,156,'https://dropbox/vk/file_413450946',413450946,'{\"owner\": \"Dave Schaefer\"}','1982-07-20 05:54:07','2020-01-06 11:05:05'),(18,2,7,'https://dropbox/vk/file_93630',93630,'{\"owner\": \"Hayley Hickle\"}','1994-07-23 00:43:43','2020-01-06 11:05:05'),(19,1,66,'https://dropbox/vk/file_1',1,'{\"owner\": \"Alize Cruickshank\"}','2008-10-12 17:59:49','2020-01-06 11:05:05'),(20,3,308,'https://dropbox/vk/file_0',0,'{\"owner\": \"Damien Klocko\"}','1992-03-24 13:48:08','2020-01-06 11:05:05'),(21,1,341,'https://dropbox/vk/file_12878480',12878480,'{\"owner\": \"Chet Cremin\"}','1970-08-19 07:10:33','2020-01-06 11:05:05'),(22,3,280,'https://dropbox/vk/file_829750201',829750201,'{\"owner\": \"Jermaine Corwin\"}','1994-06-18 08:02:47','2020-01-06 11:05:05'),(23,3,377,'https://dropbox/vk/file_5455016',5455016,'{\"owner\": \"Caesar Ullrich\"}','1980-02-14 00:06:10','2020-01-06 11:05:05'),(24,1,43,'https://dropbox/vk/file_0',0,'{\"owner\": \"Bernard Price\"}','2007-07-31 02:21:15','2020-01-06 11:05:05'),(25,1,85,'https://dropbox/vk/file_192825820',192825820,'{\"owner\": \"Katheryn Schmidt\"}','1972-09-06 15:36:29','2020-01-06 11:05:05'),(26,2,295,'https://dropbox/vk/file_239564',239564,'{\"owner\": \"Cyrus Hegmann\"}','1975-01-04 01:30:09','2020-01-06 11:05:05'),(27,3,221,'https://dropbox/vk/file_4344292',4344292,'{\"owner\": \"Chanel Franecki\"}','2018-10-18 22:08:59','2020-01-06 11:05:05'),(28,2,219,'https://dropbox/vk/file_86473',86473,'{\"owner\": \"Destiny Ebert\"}','2008-07-10 14:38:15','2020-01-06 11:05:05'),(29,3,431,'https://dropbox/vk/file_4',4,'{\"owner\": \"Kane Smith\"}','2003-10-01 10:06:32','2020-01-06 11:05:05'),(30,3,497,'https://dropbox/vk/file_5654',5654,'{\"owner\": \"Vernie Hirthe\"}','2013-02-05 23:29:18','2020-01-06 11:05:05'),(31,2,192,'https://dropbox/vk/file_5',5,'{\"owner\": \"Glen Leffler\"}','1998-04-30 20:08:06','2020-01-06 11:05:05'),(32,1,467,'https://dropbox/vk/file_7100',7100,'{\"owner\": \"Kyla Schaden\"}','1993-05-25 02:51:40','2020-01-06 11:05:05'),(33,1,258,'https://dropbox/vk/file_7',7,'{\"owner\": \"Esmeralda Wolff\"}','1977-08-02 09:04:09','2020-01-06 11:05:05'),(34,3,389,'https://dropbox/vk/file_0',0,'{\"owner\": \"Elenor Dibbert\"}','1974-02-03 23:05:34','2020-01-06 11:05:05'),(35,2,171,'https://dropbox/vk/file_853306210',853306210,'{\"owner\": \"Ian DuBuque\"}','2013-04-08 00:53:27','2020-01-06 11:05:05'),(36,2,187,'https://dropbox/vk/file_0',0,'{\"owner\": \"Rosa Kris\"}','2010-05-19 18:24:31','2020-01-06 11:05:05'),(37,1,423,'https://dropbox/vk/file_3568615',3568615,'{\"owner\": \"Eugene Langworth\"}','1993-07-15 17:42:55','2020-01-06 11:05:05'),(38,3,55,'https://dropbox/vk/file_658117369',658117369,'{\"owner\": \"Sydnie Weber\"}','1988-10-30 05:02:25','2020-01-06 11:05:05'),(39,2,3,'https://dropbox/vk/file_56955303',56955303,'{\"owner\": \"Mekhi Weimann\"}','1971-07-22 02:39:43','2020-01-06 11:05:05'),(40,3,349,'https://dropbox/vk/file_2',2,'{\"owner\": \"Anna Schowalter\"}','2017-03-16 09:39:26','2020-01-06 11:05:05'),(41,1,235,'https://dropbox/vk/file_18',18,'{\"owner\": \"Armand Johnston\"}','1996-09-16 16:30:42','2020-01-06 11:05:05'),(42,2,127,'https://dropbox/vk/file_1091',1091,'{\"owner\": \"Meggie Torp\"}','1978-06-24 01:08:50','2020-01-06 11:05:05'),(43,3,431,'https://dropbox/vk/file_289',289,'{\"owner\": \"Kane Smith\"}','1971-11-28 20:22:53','2020-01-06 11:05:05'),(44,2,272,'https://dropbox/vk/file_22909',22909,'{\"owner\": \"Korbin Wisoky\"}','2018-07-28 05:14:31','2020-01-06 11:05:05'),(45,2,69,'https://dropbox/vk/file_3655',3655,'{\"owner\": \"Ruthie Murray\"}','1987-07-08 17:55:40','2020-01-06 11:05:05'),(46,1,28,'https://dropbox/vk/file_619255352',619255352,'{\"owner\": \"Sonia Prosacco\"}','1999-05-10 23:10:40','2020-01-06 11:05:05'),(47,1,434,'https://dropbox/vk/file_9791833',9791833,'{\"owner\": \"Olga Christiansen\"}','1986-07-08 20:51:01','2020-01-06 11:05:05'),(48,1,85,'https://dropbox/vk/file_55215',55215,'{\"owner\": \"Katheryn Schmidt\"}','1976-05-21 04:32:01','2020-01-06 11:05:05'),(49,2,121,'https://dropbox/vk/file_0',0,'{\"owner\": \"Braden Corkery\"}','1982-07-01 00:14:49','2020-01-06 11:05:05'),(50,2,349,'https://dropbox/vk/file_395',395,'{\"owner\": \"Anna Schowalter\"}','1986-05-15 06:01:29','2020-01-06 11:05:05'),(51,2,381,'https://dropbox/vk/file_5',5,'{\"owner\": \"Arnaldo Nitzsche\"}','2019-02-04 03:24:16','2020-01-06 11:05:05'),(52,3,358,'https://dropbox/vk/file_587',587,'{\"owner\": \"Kayleigh Swift\"}','2016-06-12 18:34:36','2020-01-06 11:05:05'),(53,2,147,'https://dropbox/vk/file_1528',1528,'{\"owner\": \"Ali Von\"}','2010-03-17 00:03:05','2020-01-06 11:05:05'),(54,3,162,'https://dropbox/vk/file_0',0,'{\"owner\": \"Ambrose Koch\"}','1978-05-18 06:34:00','2020-01-06 11:05:05'),(55,1,366,'https://dropbox/vk/file_90243',90243,'{\"owner\": \"Ella Hirthe\"}','2005-05-22 09:59:41','2020-01-06 11:05:05'),(56,2,345,'https://dropbox/vk/file_9421683',9421683,'{\"owner\": \"Leo Steuber\"}','2013-07-24 13:20:54','2020-01-06 11:05:05'),(57,1,125,'https://dropbox/vk/file_8',8,'{\"owner\": \"Kole Jerde\"}','1974-07-12 06:48:31','2020-01-06 11:05:05'),(58,2,89,'https://dropbox/vk/file_48971824',48971824,'{\"owner\": \"Morris Smitham\"}','2000-09-09 21:01:48','2020-01-06 11:05:05'),(59,1,72,'https://dropbox/vk/file_626996659',626996659,'{\"owner\": \"Charlotte Braun\"}','1976-04-29 05:54:23','2020-01-06 11:05:05'),(60,1,93,'https://dropbox/vk/file_64557376',64557376,'{\"owner\": \"Elinore Frami\"}','1999-12-13 22:28:38','2020-01-06 11:05:05'),(61,2,246,'https://dropbox/vk/file_822045',822045,'{\"owner\": \"Janessa Jacobson\"}','2001-02-06 02:38:28','2020-01-06 11:05:05'),(62,3,452,'https://dropbox/vk/file_3210294',3210294,'{\"owner\": \"Werner Veum\"}','1990-04-25 09:05:31','2020-01-06 11:05:05'),(63,2,22,'https://dropbox/vk/file_705093',705093,'{\"owner\": \"Kaia Bernhard\"}','1977-12-24 05:24:52','2020-01-06 11:05:05'),(64,1,252,'https://dropbox/vk/file_991',991,'{\"owner\": \"Anastasia Gorczany\"}','1972-08-10 03:42:59','2020-01-06 11:05:05'),(65,2,195,'https://dropbox/vk/file_8694036',8694036,'{\"owner\": \"Maxwell Ferry\"}','1972-10-07 15:56:18','2020-01-06 11:05:05'),(66,3,217,'https://dropbox/vk/file_884910475',884910475,'{\"owner\": \"Gerald Mills\"}','1991-01-09 08:05:12','2020-01-06 11:05:05'),(67,3,2,'https://dropbox/vk/file_25',25,'{\"owner\": \"Miracle Nikolaus\"}','2005-11-05 22:18:53','2020-01-06 11:05:05'),(68,1,355,'https://dropbox/vk/file_8083',8083,'{\"owner\": \"Amira Schaden\"}','1994-10-18 08:23:36','2020-01-06 11:05:05'),(69,3,271,'https://dropbox/vk/file_6',6,'{\"owner\": \"Maegan Cummerata\"}','1970-04-26 20:55:18','2020-01-06 11:05:05'),(70,3,288,'https://dropbox/vk/file_319232538',319232538,'{\"owner\": \"Marcellus Harvey\"}','1987-05-18 10:43:55','2020-01-06 11:05:05'),(71,2,128,'https://dropbox/vk/file_0',0,'{\"owner\": \"Annabel Parisian\"}','1992-05-13 17:11:06','2020-01-06 11:05:05'),(72,3,275,'https://dropbox/vk/file_36970',36970,'{\"owner\": \"Juliana McGlynn\"}','1972-06-16 04:47:30','2020-01-06 11:05:05'),(73,3,489,'https://dropbox/vk/file_8',8,'{\"owner\": \"Emmie Bednar\"}','1986-12-01 09:43:35','2020-01-06 11:05:05'),(74,1,120,'https://dropbox/vk/file_76034',76034,'{\"owner\": \"Eva Cremin\"}','1996-11-07 02:56:32','2020-01-06 11:05:05'),(75,3,131,'https://dropbox/vk/file_930203533',930203533,'{\"owner\": \"Agustina Feest\"}','2012-04-18 03:57:37','2020-01-06 11:05:05'),(76,3,297,'https://dropbox/vk/file_7107',7107,'{\"owner\": \"Sid Altenwerth\"}','2017-12-19 21:11:10','2020-01-06 11:05:05'),(77,3,90,'https://dropbox/vk/file_88148782',88148782,'{\"owner\": \"Noemy Goyette\"}','1976-11-09 15:39:36','2020-01-06 11:05:05'),(78,3,57,'https://dropbox/vk/file_311481',311481,'{\"owner\": \"Syble Schultz\"}','1981-04-05 02:33:35','2020-01-06 11:05:05'),(79,3,15,'https://dropbox/vk/file_41',41,'{\"owner\": \"Eudora Herzog\"}','1977-05-16 15:49:13','2020-01-06 11:05:05'),(80,3,405,'https://dropbox/vk/file_5532465',5532465,'{\"owner\": \"America Wilderman\"}','1993-12-30 00:36:21','2020-01-06 11:05:05'),(81,3,480,'https://dropbox/vk/file_4704',4704,'{\"owner\": \"Alessandro Hilll\"}','2014-04-08 06:37:07','2020-01-06 11:05:05'),(82,2,184,'https://dropbox/vk/file_48789',48789,'{\"owner\": \"Zita Shields\"}','1982-04-18 16:19:13','2020-01-06 11:05:05'),(83,1,478,'https://dropbox/vk/file_0',0,'{\"owner\": \"Alexzander Von\"}','1987-10-12 01:53:46','2020-01-06 11:05:05'),(84,1,338,'https://dropbox/vk/file_733139',733139,'{\"owner\": \"Melvina Labadie\"}','1982-06-06 05:41:14','2020-01-06 11:05:05'),(85,1,255,'https://dropbox/vk/file_506533908',506533908,'{\"owner\": \"Emery Breitenberg\"}','2007-09-27 21:36:30','2020-01-06 11:05:05'),(86,3,262,'https://dropbox/vk/file_0',0,'{\"owner\": \"Onie Koelpin\"}','1990-12-02 05:33:12','2020-01-06 11:05:05'),(87,3,45,'https://dropbox/vk/file_55065',55065,'{\"owner\": \"Melyssa Monahan\"}','2005-07-13 16:56:34','2020-01-06 11:05:05'),(88,1,437,'https://dropbox/vk/file_8062912',8062912,'{\"owner\": \"Aidan Larson\"}','2010-01-29 03:56:16','2020-01-06 11:05:05'),(89,3,50,'https://dropbox/vk/file_24236138',24236138,'{\"owner\": \"Garry Volkman\"}','1997-06-02 02:21:00','2020-01-06 11:05:05'),(90,3,438,'https://dropbox/vk/file_3775337',3775337,'{\"owner\": \"Augusta Bergnaum\"}','1985-05-10 15:52:24','2020-01-06 11:05:05'),(91,2,41,'https://dropbox/vk/file_759083',759083,'{\"owner\": \"Sunny Shanahan\"}','1994-03-21 16:54:09','2020-01-06 11:05:05'),(92,1,389,'https://dropbox/vk/file_0',0,'{\"owner\": \"Elenor Dibbert\"}','1977-05-01 08:59:59','2020-01-06 11:05:05'),(93,1,320,'https://dropbox/vk/file_7',7,'{\"owner\": \"Frida Larson\"}','1971-04-20 00:59:20','2020-01-06 11:05:05'),(94,1,433,'https://dropbox/vk/file_0',0,'{\"owner\": \"Lyda Johnson\"}','2007-05-26 06:22:04','2020-01-06 11:05:05'),(95,3,207,'https://dropbox/vk/file_644',644,'{\"owner\": \"Javier Blick\"}','2000-12-04 01:10:54','2020-01-06 11:05:05'),(96,3,235,'https://dropbox/vk/file_240',240,'{\"owner\": \"Armand Johnston\"}','1987-05-17 08:36:45','2020-01-06 11:05:05'),(97,2,51,'https://dropbox/vk/file_936513662',936513662,'{\"owner\": \"Janie Purdy\"}','1973-07-01 05:45:30','2020-01-06 11:05:05'),(98,2,51,'https://dropbox/vk/file_203989970',203989970,'{\"owner\": \"Janie Purdy\"}','2014-03-16 13:17:43','2020-01-06 11:05:05'),(99,2,103,'https://dropbox/vk/file_1585',1585,'{\"owner\": \"Ryley Crona\"}','2011-05-16 07:20:57','2020-01-06 11:05:05'),(100,2,361,'https://dropbox/vk/file_5',5,'{\"owner\": \"Kamron Moore\"}','1981-05-13 12:12:37','2020-01-06 11:05:05'),(101,1,496,'https://dropbox/vk/file_0',0,'{\"owner\": \"Bret Schamberger\"}','2005-01-06 16:56:34','2020-01-06 11:05:05'),(102,3,396,'https://dropbox/vk/file_600967',600967,'{\"owner\": \"Charlotte Gislason\"}','1986-05-20 04:17:12','2020-01-06 11:05:05'),(103,1,490,'https://dropbox/vk/file_35452',35452,'{\"owner\": \"Kelvin Langworth\"}','2007-09-10 23:59:42','2020-01-06 11:05:05'),(104,1,265,'https://dropbox/vk/file_0',0,'{\"owner\": \"Cleveland Streich\"}','2006-03-27 00:25:21','2020-01-06 11:05:05'),(105,3,351,'https://dropbox/vk/file_560153',560153,'{\"owner\": \"Americo Kuphal\"}','1970-10-06 17:53:04','2020-01-06 11:05:05'),(106,2,460,'https://dropbox/vk/file_2254',2254,'{\"owner\": \"Samantha Cruickshank\"}','2012-12-04 11:06:45','2020-01-06 11:05:05'),(107,3,246,'https://dropbox/vk/file_30339836',30339836,'{\"owner\": \"Janessa Jacobson\"}','1993-08-31 01:21:43','2020-01-06 11:05:05'),(108,1,351,'https://dropbox/vk/file_49444',49444,'{\"owner\": \"Americo Kuphal\"}','1984-09-12 00:17:58','2020-01-06 11:05:05'),(109,2,14,'https://dropbox/vk/file_41',41,'{\"owner\": \"Adrienne Hessel\"}','1971-05-14 08:03:23','2020-01-06 11:05:05'),(110,1,17,'https://dropbox/vk/file_9405690',9405690,'{\"owner\": \"Neil Green\"}','1977-01-23 19:25:33','2020-01-06 11:05:05'),(111,3,45,'https://dropbox/vk/file_9',9,'{\"owner\": \"Melyssa Monahan\"}','1970-03-01 19:35:53','2020-01-06 11:05:05'),(112,2,172,'https://dropbox/vk/file_913188036',913188036,'{\"owner\": \"Dewitt Brown\"}','1982-11-13 02:51:32','2020-01-06 11:05:05'),(113,1,226,'https://dropbox/vk/file_56654767',56654767,'{\"owner\": \"Irma Windler\"}','2016-08-16 17:57:23','2020-01-06 11:05:05'),(114,2,115,'https://dropbox/vk/file_329137481',329137481,'{\"owner\": \"Aliya Murazik\"}','2004-08-26 05:57:24','2020-01-06 11:05:05'),(115,2,393,'https://dropbox/vk/file_5',5,'{\"owner\": \"Tressa Von\"}','2004-05-17 21:02:45','2020-01-06 11:05:05'),(116,2,120,'https://dropbox/vk/file_3181430',3181430,'{\"owner\": \"Eva Cremin\"}','1992-05-14 07:15:36','2020-01-06 11:05:05'),(117,3,421,'https://dropbox/vk/file_3029042',3029042,'{\"owner\": \"Garland Gorczany\"}','1974-11-30 19:03:42','2020-01-06 11:05:05'),(118,2,246,'https://dropbox/vk/file_7',7,'{\"owner\": \"Janessa Jacobson\"}','1998-02-25 08:50:37','2020-01-06 11:05:05'),(119,3,466,'https://dropbox/vk/file_995',995,'{\"owner\": \"Aracely Ondricka\"}','1974-05-01 02:28:47','2020-01-06 11:05:05'),(120,2,90,'https://dropbox/vk/file_112449',112449,'{\"owner\": \"Noemy Goyette\"}','2014-12-03 08:16:18','2020-01-06 11:05:05'),(121,3,51,'https://dropbox/vk/file_88',88,'{\"owner\": \"Janie Purdy\"}','2010-03-06 01:25:20','2020-01-06 11:05:05'),(122,2,485,'https://dropbox/vk/file_74360',74360,'{\"owner\": \"Johann Lueilwitz\"}','1987-08-17 06:30:54','2020-01-06 11:05:05'),(123,3,273,'https://dropbox/vk/file_91361730',91361730,'{\"owner\": \"Gertrude Kohler\"}','2015-09-10 22:44:53','2020-01-06 11:05:05'),(124,2,407,'https://dropbox/vk/file_857634',857634,'{\"owner\": \"Leon Brown\"}','1981-05-22 09:58:33','2020-01-06 11:05:05'),(125,3,218,'https://dropbox/vk/file_7',7,'{\"owner\": \"Elbert Marquardt\"}','2004-03-16 22:35:52','2020-01-06 11:05:05'),(126,1,367,'https://dropbox/vk/file_442632',442632,'{\"owner\": \"Nigel Bartell\"}','1985-09-04 07:28:08','2020-01-06 11:05:05'),(127,1,179,'https://dropbox/vk/file_98727',98727,'{\"owner\": \"Monroe Fadel\"}','1993-08-31 10:20:48','2020-01-06 11:05:05'),(128,3,296,'https://dropbox/vk/file_96',96,'{\"owner\": \"Victor Murray\"}','2006-07-28 21:47:42','2020-01-06 11:05:05'),(129,3,441,'https://dropbox/vk/file_322',322,'{\"owner\": \"Carter Howe\"}','2002-12-08 23:54:41','2020-01-06 11:05:05'),(130,1,316,'https://dropbox/vk/file_502930',502930,'{\"owner\": \"Luella Lowe\"}','1978-05-19 10:19:04','2020-01-06 11:05:05'),(131,2,256,'https://dropbox/vk/file_705',705,'{\"owner\": \"Tara Rolfson\"}','1970-03-25 00:13:31','2020-01-06 11:05:05'),(132,1,333,'https://dropbox/vk/file_82',82,'{\"owner\": \"Tracy Borer\"}','1993-11-15 19:47:37','2020-01-06 11:05:05'),(133,2,397,'https://dropbox/vk/file_8804',8804,'{\"owner\": \"Carolyne Thiel\"}','1988-06-14 04:07:15','2020-01-06 11:05:05'),(134,3,485,'https://dropbox/vk/file_0',0,'{\"owner\": \"Johann Lueilwitz\"}','1989-05-24 19:55:03','2020-01-06 11:05:05'),(135,1,234,'https://dropbox/vk/file_8727617',8727617,'{\"owner\": \"Lela Schmeler\"}','1984-11-29 02:32:46','2020-01-06 11:05:05'),(136,1,213,'https://dropbox/vk/file_930',930,'{\"owner\": \"Krystal Crona\"}','1995-01-01 04:35:45','2020-01-06 11:05:05'),(137,1,362,'https://dropbox/vk/file_0',0,'{\"owner\": \"Claudie Bailey\"}','1971-01-31 02:27:40','2020-01-06 11:05:05'),(138,2,170,'https://dropbox/vk/file_8383',8383,'{\"owner\": \"Jacinto Cummerata\"}','1984-02-13 17:50:24','2020-01-06 11:05:05'),(139,3,266,'https://dropbox/vk/file_327',327,'{\"owner\": \"Julien Nicolas\"}','2000-11-15 20:44:43','2020-01-06 11:05:05'),(140,2,320,'https://dropbox/vk/file_0',0,'{\"owner\": \"Frida Larson\"}','2014-03-07 19:24:38','2020-01-06 11:05:05'),(141,1,299,'https://dropbox/vk/file_42152550',42152550,'{\"owner\": \"Paxton Wunsch\"}','1971-12-15 11:54:49','2020-01-06 11:05:05'),(142,2,36,'https://dropbox/vk/file_44',44,'{\"owner\": \"Orlo Feest\"}','1970-05-03 10:28:05','2020-01-06 11:05:05'),(143,1,281,'https://dropbox/vk/file_128',128,'{\"owner\": \"Keira Greenholt\"}','2010-08-31 10:16:16','2020-01-06 11:05:05'),(144,3,299,'https://dropbox/vk/file_47418',47418,'{\"owner\": \"Paxton Wunsch\"}','1985-04-06 04:59:31','2020-01-06 11:05:05'),(145,3,150,'https://dropbox/vk/file_267984198',267984198,'{\"owner\": \"Sandrine Hermann\"}','1975-09-06 20:05:07','2020-01-06 11:05:05'),(146,1,351,'https://dropbox/vk/file_3',3,'{\"owner\": \"Americo Kuphal\"}','1985-08-03 09:22:45','2020-01-06 11:05:05'),(147,2,307,'https://dropbox/vk/file_951123',951123,'{\"owner\": \"Jessyca Fahey\"}','2013-02-12 06:41:33','2020-01-06 11:05:05'),(148,2,479,'https://dropbox/vk/file_881549',881549,'{\"owner\": \"August Tremblay\"}','2000-11-26 15:19:22','2020-01-06 11:05:05'),(149,2,473,'https://dropbox/vk/file_386791',386791,'{\"owner\": \"Shaina O\'Keefe\"}','1971-10-21 12:56:22','2020-01-06 11:05:05'),(150,2,427,'https://dropbox/vk/file_0',0,'{\"owner\": \"Darian Herzog\"}','2001-05-24 23:33:37','2020-01-06 11:05:05'),(151,2,216,'https://dropbox/vk/file_9',9,'{\"owner\": \"Arnold Haag\"}','2007-07-03 21:59:54','2020-01-06 11:05:05'),(152,2,297,'https://dropbox/vk/file_96252099',96252099,'{\"owner\": \"Sid Altenwerth\"}','2013-04-01 08:03:54','2020-01-06 11:05:05'),(153,3,338,'https://dropbox/vk/file_335009',335009,'{\"owner\": \"Melvina Labadie\"}','2003-01-14 18:24:06','2020-01-06 11:05:05'),(154,1,297,'https://dropbox/vk/file_3151',3151,'{\"owner\": \"Sid Altenwerth\"}','1998-06-27 11:05:01','2020-01-06 11:05:05'),(155,1,471,'https://dropbox/vk/file_538',538,'{\"owner\": \"Fritz Mosciski\"}','2006-08-20 15:25:30','2020-01-06 11:05:05'),(156,2,462,'https://dropbox/vk/file_13496',13496,'{\"owner\": \"Minerva Ortiz\"}','1996-07-24 16:18:05','2020-01-06 11:05:05'),(157,1,399,'https://dropbox/vk/file_0',0,'{\"owner\": \"Marcia Smith\"}','1995-04-14 09:28:10','2020-01-06 11:05:05'),(158,1,109,'https://dropbox/vk/file_124',124,'{\"owner\": \"Jackie Thompson\"}','1987-03-18 18:45:09','2020-01-06 11:05:05'),(159,1,348,'https://dropbox/vk/file_89482',89482,'{\"owner\": \"Alice Jones\"}','1972-07-08 12:42:28','2020-01-06 11:05:05'),(160,1,413,'https://dropbox/vk/file_823448684',823448684,'{\"owner\": \"Israel Greenfelder\"}','2017-09-12 09:41:44','2020-01-06 11:05:05'),(161,2,20,'https://dropbox/vk/file_383099185',383099185,'{\"owner\": \"Nat Barrows\"}','1970-07-14 21:13:48','2020-01-06 11:05:05'),(162,3,358,'https://dropbox/vk/file_5825765',5825765,'{\"owner\": \"Kayleigh Swift\"}','1990-11-15 15:39:26','2020-01-06 11:05:05'),(163,2,232,'https://dropbox/vk/file_8218999',8218999,'{\"owner\": \"Sierra Nicolas\"}','2019-08-15 13:22:24','2020-01-06 11:05:05'),(164,3,83,'https://dropbox/vk/file_84737',84737,'{\"owner\": \"Kristin Wisozk\"}','2006-05-12 19:19:49','2020-01-06 11:05:05'),(165,2,219,'https://dropbox/vk/file_2237',2237,'{\"owner\": \"Destiny Ebert\"}','1973-12-03 19:19:10','2020-01-06 11:05:05'),(166,3,347,'https://dropbox/vk/file_7035999',7035999,'{\"owner\": \"Clovis Donnelly\"}','1978-05-18 06:33:42','2020-01-06 11:05:05'),(167,3,75,'https://dropbox/vk/file_3459',3459,'{\"owner\": \"Larue Beahan\"}','1979-08-31 12:38:26','2020-01-06 11:05:05'),(168,2,334,'https://dropbox/vk/file_47334709',47334709,'{\"owner\": \"Jamel Skiles\"}','1996-05-05 03:48:04','2020-01-06 11:05:05'),(169,2,444,'https://dropbox/vk/file_16084',16084,'{\"owner\": \"Crystel O\'Reilly\"}','2002-07-08 18:18:07','2020-01-06 11:05:05'),(170,3,218,'https://dropbox/vk/file_0',0,'{\"owner\": \"Elbert Marquardt\"}','2005-12-26 17:36:07','2020-01-06 11:05:05'),(171,2,256,'https://dropbox/vk/file_2',2,'{\"owner\": \"Tara Rolfson\"}','1971-08-20 07:31:16','2020-01-06 11:05:05'),(172,2,125,'https://dropbox/vk/file_4734',4734,'{\"owner\": \"Kole Jerde\"}','1980-02-28 11:43:19','2020-01-06 11:05:05'),(173,2,357,'https://dropbox/vk/file_7790',7790,'{\"owner\": \"Delphine Gulgowski\"}','1981-03-03 15:53:38','2020-01-06 11:05:05'),(174,2,412,'https://dropbox/vk/file_333770',333770,'{\"owner\": \"Maya Nienow\"}','2001-02-19 15:10:04','2020-01-06 11:05:05'),(175,2,486,'https://dropbox/vk/file_97727517',97727517,'{\"owner\": \"Jillian Bogan\"}','1993-05-24 07:14:22','2020-01-06 11:05:05'),(176,1,196,'https://dropbox/vk/file_81244680',81244680,'{\"owner\": \"Columbus Buckridge\"}','1992-08-04 00:50:51','2020-01-06 11:05:05'),(177,1,18,'https://dropbox/vk/file_99840027',99840027,'{\"owner\": \"Roslyn Daugherty\"}','2000-02-15 00:07:20','2020-01-06 11:05:05'),(178,3,5,'https://dropbox/vk/file_715737299',715737299,'{\"owner\": \"Jed Ratke\"}','1999-05-05 18:01:07','2020-01-06 11:05:05'),(179,3,468,'https://dropbox/vk/file_4530',4530,'{\"owner\": \"Maude Barrows\"}','2016-08-28 07:57:12','2020-01-06 11:05:05'),(180,3,327,'https://dropbox/vk/file_5811220',5811220,'{\"owner\": \"Zachery Roberts\"}','2000-09-07 13:21:12','2020-01-06 11:05:05'),(181,2,228,'https://dropbox/vk/file_4',4,'{\"owner\": \"Tom Kassulke\"}','2014-02-11 08:27:33','2020-01-06 11:05:05'),(182,3,158,'https://dropbox/vk/file_4197122',4197122,'{\"owner\": \"Pierce Gutkowski\"}','2001-04-29 18:56:36','2020-01-06 11:05:05'),(183,1,106,'https://dropbox/vk/file_91720651',91720651,'{\"owner\": \"Tristian Glover\"}','1974-02-10 01:28:32','2020-01-06 11:05:05'),(184,3,54,'https://dropbox/vk/file_8133',8133,'{\"owner\": \"Vaughn Macejkovic\"}','1989-01-11 11:33:04','2020-01-06 11:05:05'),(185,1,455,'https://dropbox/vk/file_27',27,'{\"owner\": \"Derek Schroeder\"}','1998-03-23 17:32:20','2020-01-06 11:05:05'),(186,2,109,'https://dropbox/vk/file_44',44,'{\"owner\": \"Jackie Thompson\"}','1997-08-12 13:38:29','2020-01-06 11:05:05'),(187,1,181,'https://dropbox/vk/file_98389',98389,'{\"owner\": \"Zoie Monahan\"}','1994-05-08 09:15:57','2020-01-06 11:05:05'),(188,2,75,'https://dropbox/vk/file_403284869',403284869,'{\"owner\": \"Larue Beahan\"}','2001-04-14 18:05:39','2020-01-06 11:05:05'),(189,2,335,'https://dropbox/vk/file_79',79,'{\"owner\": \"Zackery Renner\"}','1983-12-26 02:06:03','2020-01-06 11:05:05'),(190,3,447,'https://dropbox/vk/file_140484086',140484086,'{\"owner\": \"Tyree Feest\"}','1982-03-20 05:19:52','2020-01-06 11:05:05'),(191,3,232,'https://dropbox/vk/file_49594',49594,'{\"owner\": \"Sierra Nicolas\"}','1996-10-30 09:11:03','2020-01-06 11:05:05'),(192,2,317,'https://dropbox/vk/file_1422438',1422438,'{\"owner\": \"Zelma Smith\"}','1981-07-19 12:47:35','2020-01-06 11:05:05'),(193,3,389,'https://dropbox/vk/file_844761254',844761254,'{\"owner\": \"Elenor Dibbert\"}','1998-08-03 07:25:04','2020-01-06 11:05:05'),(194,1,492,'https://dropbox/vk/file_2',2,'{\"owner\": \"Kathlyn Cremin\"}','2002-01-19 23:57:52','2020-01-06 11:05:05'),(195,1,295,'https://dropbox/vk/file_5',5,'{\"owner\": \"Cyrus Hegmann\"}','2010-08-25 14:27:13','2020-01-06 11:05:05'),(196,1,496,'https://dropbox/vk/file_0',0,'{\"owner\": \"Bret Schamberger\"}','1971-07-29 17:02:03','2020-01-06 11:05:05'),(197,3,97,'https://dropbox/vk/file_56961',56961,'{\"owner\": \"David Marquardt\"}','2001-05-15 03:53:01','2020-01-06 11:05:05'),(198,1,496,'https://dropbox/vk/file_13',13,'{\"owner\": \"Bret Schamberger\"}','1986-03-11 19:23:24','2020-01-06 11:05:05'),(199,3,186,'https://dropbox/vk/file_6376',6376,'{\"owner\": \"Julia Walter\"}','1974-03-25 18:50:23','2020-01-06 11:05:05'),(200,3,444,'https://dropbox/vk/file_1017',1017,'{\"owner\": \"Crystel O\'Reilly\"}','1997-11-23 09:21:34','2020-01-06 11:05:05'),(201,3,160,'https://dropbox/vk/file_751',751,'{\"owner\": \"Davion Littel\"}','2016-01-07 04:04:55','2020-01-06 11:05:05'),(202,3,469,'https://dropbox/vk/file_348463893',348463893,'{\"owner\": \"Priscilla Carroll\"}','1998-05-28 12:50:33','2020-01-06 11:05:05'),(203,3,364,'https://dropbox/vk/file_0',0,'{\"owner\": \"Lacy Lubowitz\"}','1982-02-15 19:41:02','2020-01-06 11:05:05'),(204,3,413,'https://dropbox/vk/file_853437',853437,'{\"owner\": \"Israel Greenfelder\"}','1971-09-22 16:20:11','2020-01-06 11:05:05'),(205,2,470,'https://dropbox/vk/file_6825',6825,'{\"owner\": \"Gwen Kautzer\"}','1976-05-08 00:49:25','2020-01-06 11:05:05'),(206,1,113,'https://dropbox/vk/file_0',0,'{\"owner\": \"Benedict Donnelly\"}','2006-11-05 10:21:38','2020-01-06 11:05:05'),(207,2,152,'https://dropbox/vk/file_50615',50615,'{\"owner\": \"Hilton Johnston\"}','2013-10-07 06:37:03','2020-01-06 11:05:05'),(208,2,423,'https://dropbox/vk/file_19225',19225,'{\"owner\": \"Eugene Langworth\"}','2011-11-23 18:42:41','2020-01-06 11:05:05'),(209,3,156,'https://dropbox/vk/file_0',0,'{\"owner\": \"Dave Schaefer\"}','2005-01-09 04:34:10','2020-01-06 11:05:05'),(210,3,10,'https://dropbox/vk/file_57306',57306,'{\"owner\": \"Kailey Nikolaus\"}','1997-06-26 14:06:22','2020-01-06 11:05:05'),(211,3,85,'https://dropbox/vk/file_0',0,'{\"owner\": \"Katheryn Schmidt\"}','1991-03-31 14:57:00','2020-01-06 11:05:05'),(212,3,392,'https://dropbox/vk/file_90401815',90401815,'{\"owner\": \"Lonzo Mosciski\"}','2003-08-03 05:44:45','2020-01-06 11:05:05'),(213,1,204,'https://dropbox/vk/file_60262525',60262525,'{\"owner\": \"Ambrose Will\"}','1976-04-20 06:49:04','2020-01-06 11:05:05'),(214,1,344,'https://dropbox/vk/file_297897721',297897721,'{\"owner\": \"Cary Schimmel\"}','2018-04-07 03:54:47','2020-01-06 11:05:05'),(215,1,108,'https://dropbox/vk/file_59105',59105,'{\"owner\": \"Eugenia Hyatt\"}','1972-08-27 02:22:33','2020-01-06 11:05:05'),(216,2,8,'https://dropbox/vk/file_60598',60598,'{\"owner\": \"Addie Lang\"}','2014-04-29 06:42:12','2020-01-06 11:05:05'),(217,1,215,'https://dropbox/vk/file_3',3,'{\"owner\": \"Paula Terry\"}','2017-12-27 00:23:52','2020-01-06 11:05:05'),(218,2,50,'https://dropbox/vk/file_657319010',657319010,'{\"owner\": \"Garry Volkman\"}','1999-07-29 18:47:32','2020-01-06 11:05:05'),(219,3,107,'https://dropbox/vk/file_0',0,'{\"owner\": \"Griffin Runolfsdottir\"}','2006-05-02 19:43:05','2020-01-06 11:05:05'),(220,1,382,'https://dropbox/vk/file_0',0,'{\"owner\": \"Cullen Littel\"}','1985-05-20 03:18:26','2020-01-06 11:05:05'),(221,1,89,'https://dropbox/vk/file_988',988,'{\"owner\": \"Morris Smitham\"}','2004-08-29 06:50:01','2020-01-06 11:05:05'),(222,1,297,'https://dropbox/vk/file_715',715,'{\"owner\": \"Sid Altenwerth\"}','1972-03-06 23:10:12','2020-01-06 11:05:05'),(223,3,219,'https://dropbox/vk/file_3084423',3084423,'{\"owner\": \"Destiny Ebert\"}','1974-01-29 02:48:31','2020-01-06 11:05:05'),(224,3,204,'https://dropbox/vk/file_7326',7326,'{\"owner\": \"Ambrose Will\"}','2014-08-29 00:06:54','2020-01-06 11:05:05'),(225,2,364,'https://dropbox/vk/file_2',2,'{\"owner\": \"Lacy Lubowitz\"}','1992-09-12 11:10:08','2020-01-06 11:05:05'),(226,3,206,'https://dropbox/vk/file_90',90,'{\"owner\": \"Wyman Lubowitz\"}','1996-08-05 09:38:07','2020-01-06 11:05:05'),(227,2,436,'https://dropbox/vk/file_0',0,'{\"owner\": \"Shad Harvey\"}','1997-05-25 20:21:28','2020-01-06 11:05:05'),(228,1,64,'https://dropbox/vk/file_9591460',9591460,'{\"owner\": \"Bryce Gerlach\"}','1983-03-04 13:30:32','2020-01-06 11:05:05'),(229,1,11,'https://dropbox/vk/file_364226695',364226695,'{\"owner\": \"Rae Marks\"}','2017-12-08 20:20:48','2020-01-06 11:05:05'),(230,1,363,'https://dropbox/vk/file_4824602',4824602,'{\"owner\": \"Novella Pacocha\"}','1984-06-06 04:08:48','2020-01-06 11:05:05'),(231,2,280,'https://dropbox/vk/file_1661',1661,'{\"owner\": \"Jermaine Corwin\"}','1986-09-20 08:19:40','2020-01-06 11:05:05'),(232,2,313,'https://dropbox/vk/file_7983',7983,'{\"owner\": \"Adolph Hauck\"}','1974-10-07 07:39:17','2020-01-06 11:05:05'),(233,3,223,'https://dropbox/vk/file_4015297',4015297,'{\"owner\": \"Edgardo Hagenes\"}','2012-01-26 00:37:01','2020-01-06 11:05:05'),(234,2,178,'https://dropbox/vk/file_4654',4654,'{\"owner\": \"Thurman Zemlak\"}','1979-08-04 08:44:00','2020-01-06 11:05:05'),(235,2,217,'https://dropbox/vk/file_744845',744845,'{\"owner\": \"Gerald Mills\"}','1996-01-22 15:13:21','2020-01-06 11:05:05'),(236,2,53,'https://dropbox/vk/file_440',440,'{\"owner\": \"Javier Conroy\"}','1978-01-05 01:35:12','2020-01-06 11:05:05'),(237,1,114,'https://dropbox/vk/file_501',501,'{\"owner\": \"Modesta Runolfsdottir\"}','2003-06-16 09:39:37','2020-01-06 11:05:05'),(238,3,412,'https://dropbox/vk/file_5',5,'{\"owner\": \"Maya Nienow\"}','2011-06-05 17:15:43','2020-01-06 11:05:05'),(239,3,214,'https://dropbox/vk/file_15157065',15157065,'{\"owner\": \"Angelica Anderson\"}','1996-06-18 11:49:44','2020-01-06 11:05:05'),(240,2,333,'https://dropbox/vk/file_230',230,'{\"owner\": \"Tracy Borer\"}','2013-06-29 09:32:52','2020-01-06 11:05:05'),(241,2,25,'https://dropbox/vk/file_4298',4298,'{\"owner\": \"Kristoffer Gaylord\"}','1984-07-25 21:11:46','2020-01-06 11:05:05'),(242,1,124,'https://dropbox/vk/file_0',0,'{\"owner\": \"Lura Hoeger\"}','1989-08-18 08:21:09','2020-01-06 11:05:05'),(243,2,44,'https://dropbox/vk/file_431',431,'{\"owner\": \"Amina Ernser\"}','1977-12-19 01:50:02','2020-01-06 11:05:05'),(244,1,349,'https://dropbox/vk/file_467027479',467027479,'{\"owner\": \"Anna Schowalter\"}','2003-07-26 00:58:31','2020-01-06 11:05:05'),(245,3,113,'https://dropbox/vk/file_626376543',626376543,'{\"owner\": \"Benedict Donnelly\"}','1986-06-15 12:53:20','2020-01-06 11:05:05'),(246,1,15,'https://dropbox/vk/file_65697370',65697370,'{\"owner\": \"Eudora Herzog\"}','1973-01-17 02:14:00','2020-01-06 11:05:05'),(247,1,236,'https://dropbox/vk/file_0',0,'{\"owner\": \"Lonie O\'Reilly\"}','2012-06-17 20:49:17','2020-01-06 11:05:05'),(248,3,134,'https://dropbox/vk/file_0',0,'{\"owner\": \"Glennie Hills\"}','2015-02-15 12:47:34','2020-01-06 11:05:05'),(249,2,461,'https://dropbox/vk/file_597',597,'{\"owner\": \"Kaylah Schroeder\"}','2018-02-08 04:41:12','2020-01-06 11:05:05'),(250,2,404,'https://dropbox/vk/file_0',0,'{\"owner\": \"Estrella Simonis\"}','2012-04-24 06:38:42','2020-01-06 11:05:05'),(251,2,137,'https://dropbox/vk/file_802904814',802904814,'{\"owner\": \"Vernon Stamm\"}','1991-03-04 23:49:23','2020-01-06 11:05:05'),(252,3,472,'https://dropbox/vk/file_63644',63644,'{\"owner\": \"Jackeline Conroy\"}','1982-12-20 22:45:41','2020-01-06 11:05:05'),(253,1,448,'https://dropbox/vk/file_44522139',44522139,'{\"owner\": \"Hoyt Kunde\"}','1991-01-01 20:24:29','2020-01-06 11:05:05'),(254,1,324,'https://dropbox/vk/file_5',5,'{\"owner\": \"Beth Pollich\"}','1979-05-05 18:40:30','2020-01-06 11:05:05'),(255,1,276,'https://dropbox/vk/file_8',8,'{\"owner\": \"Elisha Jones\"}','2007-02-03 12:55:49','2020-01-06 11:05:05'),(256,1,407,'https://dropbox/vk/file_25',25,'{\"owner\": \"Leon Brown\"}','2005-10-08 07:59:11','2020-01-06 11:05:05'),(257,1,205,'https://dropbox/vk/file_2',2,'{\"owner\": \"Helene Spinka\"}','2010-03-22 06:19:43','2020-01-06 11:05:05'),(258,1,306,'https://dropbox/vk/file_35114599',35114599,'{\"owner\": \"Aditya Hartmann\"}','1972-09-11 12:29:00','2020-01-06 11:05:05'),(259,1,414,'https://dropbox/vk/file_7263704',7263704,'{\"owner\": \"Foster King\"}','1985-09-16 11:23:57','2020-01-06 11:05:05'),(260,3,152,'https://dropbox/vk/file_25600521',25600521,'{\"owner\": \"Hilton Johnston\"}','2004-09-16 03:10:39','2020-01-06 11:05:05'),(261,1,16,'https://dropbox/vk/file_429',429,'{\"owner\": \"Neoma Rippin\"}','1970-08-20 20:10:47','2020-01-06 11:05:05'),(262,1,124,'https://dropbox/vk/file_0',0,'{\"owner\": \"Lura Hoeger\"}','1971-11-27 04:16:48','2020-01-06 11:05:05'),(263,3,72,'https://dropbox/vk/file_5',5,'{\"owner\": \"Charlotte Braun\"}','1975-01-05 13:18:14','2020-01-06 11:05:05'),(264,1,489,'https://dropbox/vk/file_0',0,'{\"owner\": \"Emmie Bednar\"}','1997-09-16 12:09:06','2020-01-06 11:05:05'),(265,2,225,'https://dropbox/vk/file_12184404',12184404,'{\"owner\": \"Elmore Wolf\"}','2010-04-01 20:30:27','2020-01-06 11:05:05'),(266,1,161,'https://dropbox/vk/file_6919413',6919413,'{\"owner\": \"Everette O\'Conner\"}','1975-02-06 06:56:46','2020-01-06 11:05:05'),(267,1,129,'https://dropbox/vk/file_871364824',871364824,'{\"owner\": \"Micaela Schuster\"}','1970-01-05 02:34:48','2020-01-06 11:05:05'),(268,3,161,'https://dropbox/vk/file_673006731',673006731,'{\"owner\": \"Everette O\'Conner\"}','2019-05-14 05:09:18','2020-01-06 11:05:05'),(269,1,419,'https://dropbox/vk/file_52843163',52843163,'{\"owner\": \"Junior Aufderhar\"}','1981-07-23 00:13:52','2020-01-06 11:05:05'),(270,2,110,'https://dropbox/vk/file_1310',1310,'{\"owner\": \"Louie Witting\"}','1996-07-31 21:14:18','2020-01-06 11:05:05'),(271,3,292,'https://dropbox/vk/file_66',66,'{\"owner\": \"Grayson Gerhold\"}','1978-03-19 17:01:17','2020-01-06 11:05:05'),(272,3,132,'https://dropbox/vk/file_6',6,'{\"owner\": \"Magdalen Rutherford\"}','2003-12-31 21:27:23','2020-01-06 11:05:05'),(273,3,281,'https://dropbox/vk/file_26',26,'{\"owner\": \"Keira Greenholt\"}','1974-03-03 23:18:14','2020-01-06 11:05:05'),(274,1,9,'https://dropbox/vk/file_4594915',4594915,'{\"owner\": \"Tod Toy\"}','1983-12-09 03:48:02','2020-01-06 11:05:05'),(275,1,200,'https://dropbox/vk/file_895',895,'{\"owner\": \"Helene O\'Kon\"}','2010-01-15 10:41:26','2020-01-06 11:05:05'),(276,1,474,'https://dropbox/vk/file_0',0,'{\"owner\": \"Antonio Blanda\"}','2012-10-22 07:36:17','2020-01-06 11:05:05'),(277,1,271,'https://dropbox/vk/file_7',7,'{\"owner\": \"Maegan Cummerata\"}','1970-08-24 05:42:47','2020-01-06 11:05:05'),(278,1,429,'https://dropbox/vk/file_583350738',583350738,'{\"owner\": \"Dimitri O\'Kon\"}','1998-01-18 05:03:14','2020-01-06 11:05:05'),(279,1,334,'https://dropbox/vk/file_7',7,'{\"owner\": \"Jamel Skiles\"}','1977-08-29 20:04:42','2020-01-06 11:05:05'),(280,1,382,'https://dropbox/vk/file_2913830',2913830,'{\"owner\": \"Cullen Littel\"}','1978-07-23 21:51:17','2020-01-06 11:05:05'),(281,2,406,'https://dropbox/vk/file_394091',394091,'{\"owner\": \"Verla Stehr\"}','1996-11-28 00:29:34','2020-01-06 11:05:05'),(282,3,383,'https://dropbox/vk/file_3',3,'{\"owner\": \"Chase Hettinger\"}','2011-10-19 20:48:31','2020-01-06 11:05:05'),(283,3,197,'https://dropbox/vk/file_67800',67800,'{\"owner\": \"Angie Toy\"}','1970-07-23 02:22:52','2020-01-06 11:05:05'),(284,2,336,'https://dropbox/vk/file_12',12,'{\"owner\": \"Matt Graham\"}','2018-05-29 04:58:02','2020-01-06 11:05:05'),(285,2,89,'https://dropbox/vk/file_8550862',8550862,'{\"owner\": \"Morris Smitham\"}','1975-03-20 23:24:36','2020-01-06 11:05:05'),(286,2,435,'https://dropbox/vk/file_512990542',512990542,'{\"owner\": \"Daryl Sauer\"}','2018-07-08 21:15:17','2020-01-06 11:05:05'),(287,1,409,'https://dropbox/vk/file_0',0,'{\"owner\": \"Tressa Hyatt\"}','2008-01-12 17:44:12','2020-01-06 11:05:05'),(288,2,238,'https://dropbox/vk/file_275',275,'{\"owner\": \"Aimee Harber\"}','2004-01-05 15:53:20','2020-01-06 11:05:05'),(289,3,464,'https://dropbox/vk/file_99866',99866,'{\"owner\": \"Thora Sipes\"}','1971-09-06 12:35:02','2020-01-06 11:05:05'),(290,2,104,'https://dropbox/vk/file_451338',451338,'{\"owner\": \"Gilbert Marquardt\"}','2007-09-13 08:29:14','2020-01-06 11:05:05'),(291,3,129,'https://dropbox/vk/file_1072517',1072517,'{\"owner\": \"Micaela Schuster\"}','1983-07-20 22:25:20','2020-01-06 11:05:05'),(292,2,332,'https://dropbox/vk/file_79',79,'{\"owner\": \"Christy Purdy\"}','2019-04-20 17:52:46','2020-01-06 11:05:05'),(293,2,271,'https://dropbox/vk/file_71',71,'{\"owner\": \"Maegan Cummerata\"}','2012-11-21 10:10:26','2020-01-06 11:05:05'),(294,1,359,'https://dropbox/vk/file_29679',29679,'{\"owner\": \"Kane Hyatt\"}','2001-03-27 11:54:28','2020-01-06 11:05:05'),(295,1,481,'https://dropbox/vk/file_52',52,'{\"owner\": \"Malvina McDermott\"}','1977-10-17 02:23:06','2020-01-06 11:05:05'),(296,1,328,'https://dropbox/vk/file_426317',426317,'{\"owner\": \"Katlyn Cassin\"}','1977-10-13 21:23:37','2020-01-06 11:05:05'),(297,3,197,'https://dropbox/vk/file_66268598',66268598,'{\"owner\": \"Angie Toy\"}','1982-07-07 08:15:36','2020-01-06 11:05:05'),(298,3,1,'https://dropbox/vk/file_0',0,'{\"owner\": \"Fabian Leannon\"}','1986-02-22 11:05:02','2020-01-06 11:05:05'),(299,1,412,'https://dropbox/vk/file_0',0,'{\"owner\": \"Maya Nienow\"}','1987-01-25 09:59:52','2020-01-06 11:05:05'),(300,2,57,'https://dropbox/vk/file_6126641',6126641,'{\"owner\": \"Syble Schultz\"}','2001-10-11 20:13:08','2020-01-06 11:05:05'),(301,1,48,'https://dropbox/vk/file_69787715',69787715,'{\"owner\": \"Ernest Kreiger\"}','2009-10-03 17:01:52','2020-01-06 11:05:05'),(302,3,67,'https://dropbox/vk/file_0',0,'{\"owner\": \"Sabrina Hettinger\"}','2002-02-28 14:34:27','2020-01-06 11:05:05'),(303,2,194,'https://dropbox/vk/file_14076567',14076567,'{\"owner\": \"Johann Altenwerth\"}','1992-05-25 23:58:22','2020-01-06 11:05:05'),(304,1,266,'https://dropbox/vk/file_897',897,'{\"owner\": \"Julien Nicolas\"}','2009-04-23 06:33:49','2020-01-06 11:05:05'),(305,1,247,'https://dropbox/vk/file_7987304',7987304,'{\"owner\": \"Lula Breitenberg\"}','1978-07-08 09:25:03','2020-01-06 11:05:05'),(306,2,437,'https://dropbox/vk/file_416',416,'{\"owner\": \"Aidan Larson\"}','2009-10-20 19:51:47','2020-01-06 11:05:05'),(307,2,444,'https://dropbox/vk/file_31742174',31742174,'{\"owner\": \"Crystel O\'Reilly\"}','2005-06-25 04:28:48','2020-01-06 11:05:05'),(308,2,406,'https://dropbox/vk/file_0',0,'{\"owner\": \"Verla Stehr\"}','2014-03-29 19:28:24','2020-01-06 11:05:05'),(309,2,201,'https://dropbox/vk/file_340',340,'{\"owner\": \"Clara Langosh\"}','1972-06-05 07:53:09','2020-01-06 11:05:05'),(310,1,283,'https://dropbox/vk/file_82',82,'{\"owner\": \"Christiana Volkman\"}','2008-08-31 03:02:59','2020-01-06 11:05:05'),(311,3,314,'https://dropbox/vk/file_7474296',7474296,'{\"owner\": \"Emelie Kiehn\"}','2012-04-19 01:16:30','2020-01-06 11:05:05'),(312,1,222,'https://dropbox/vk/file_2',2,'{\"owner\": \"Jamarcus Erdman\"}','1994-08-28 22:01:14','2020-01-06 11:05:05'),(313,2,164,'https://dropbox/vk/file_0',0,'{\"owner\": \"Emmitt O\'Hara\"}','1982-04-02 17:59:40','2020-01-06 11:05:05'),(314,1,157,'https://dropbox/vk/file_0',0,'{\"owner\": \"Selina Stamm\"}','1991-07-14 07:13:14','2020-01-06 11:05:05'),(315,1,290,'https://dropbox/vk/file_425568',425568,'{\"owner\": \"Mike Rath\"}','1982-04-15 09:35:51','2020-01-06 11:05:05'),(316,2,480,'https://dropbox/vk/file_33736',33736,'{\"owner\": \"Alessandro Hilll\"}','1997-11-02 06:41:46','2020-01-06 11:05:05'),(317,3,28,'https://dropbox/vk/file_4',4,'{\"owner\": \"Sonia Prosacco\"}','1992-11-04 12:49:35','2020-01-06 11:05:05'),(318,3,201,'https://dropbox/vk/file_327615068',327615068,'{\"owner\": \"Clara Langosh\"}','1997-03-21 01:18:46','2020-01-06 11:05:05'),(319,3,420,'https://dropbox/vk/file_773',773,'{\"owner\": \"Ernestina Towne\"}','2007-04-08 19:56:51','2020-01-06 11:05:05'),(320,1,495,'https://dropbox/vk/file_232799574',232799574,'{\"owner\": \"Damion Gusikowski\"}','1980-09-15 23:16:50','2020-01-06 11:05:05'),(321,1,215,'https://dropbox/vk/file_0',0,'{\"owner\": \"Paula Terry\"}','1983-10-20 21:37:28','2020-01-06 11:05:05'),(322,1,89,'https://dropbox/vk/file_28554',28554,'{\"owner\": \"Morris Smitham\"}','1974-09-25 10:08:36','2020-01-06 11:05:05'),(323,3,301,'https://dropbox/vk/file_0',0,'{\"owner\": \"Jasmin Reynolds\"}','2005-10-05 13:23:59','2020-01-06 11:05:05'),(324,3,238,'https://dropbox/vk/file_5',5,'{\"owner\": \"Aimee Harber\"}','1981-01-09 06:12:03','2020-01-06 11:05:05'),(325,3,287,'https://dropbox/vk/file_88166',88166,'{\"owner\": \"Ramona Larkin\"}','1997-03-01 05:21:57','2020-01-06 11:05:05'),(326,2,222,'https://dropbox/vk/file_7172',7172,'{\"owner\": \"Jamarcus Erdman\"}','1990-04-26 22:34:47','2020-01-06 11:05:05'),(327,1,245,'https://dropbox/vk/file_9',9,'{\"owner\": \"Salma Schuppe\"}','1979-11-06 21:20:11','2020-01-06 11:05:05'),(328,2,62,'https://dropbox/vk/file_8',8,'{\"owner\": \"Okey O\'Kon\"}','2012-03-25 13:35:50','2020-01-06 11:05:05'),(329,2,72,'https://dropbox/vk/file_8',8,'{\"owner\": \"Charlotte Braun\"}','1985-07-18 18:55:05','2020-01-06 11:05:05'),(330,2,174,'https://dropbox/vk/file_9015544',9015544,'{\"owner\": \"Scot Jakubowski\"}','2008-07-15 06:51:12','2020-01-06 11:05:05'),(331,1,152,'https://dropbox/vk/file_7013710',7013710,'{\"owner\": \"Hilton Johnston\"}','2007-09-17 22:10:53','2020-01-06 11:05:05'),(332,1,237,'https://dropbox/vk/file_97905',97905,'{\"owner\": \"Adolfo Bartell\"}','2011-05-30 01:53:57','2020-01-06 11:05:05'),(333,1,231,'https://dropbox/vk/file_595910087',595910087,'{\"owner\": \"Micheal Kemmer\"}','2018-05-30 01:00:10','2020-01-06 11:05:05'),(334,3,444,'https://dropbox/vk/file_33',33,'{\"owner\": \"Crystel O\'Reilly\"}','1979-09-02 21:07:35','2020-01-06 11:05:05'),(335,2,24,'https://dropbox/vk/file_995868',995868,'{\"owner\": \"Immanuel Rau\"}','2009-07-24 23:19:57','2020-01-06 11:05:05'),(336,2,290,'https://dropbox/vk/file_1776',1776,'{\"owner\": \"Mike Rath\"}','1976-08-21 15:15:05','2020-01-06 11:05:05'),(337,2,377,'https://dropbox/vk/file_737803',737803,'{\"owner\": \"Caesar Ullrich\"}','2009-06-05 19:46:32','2020-01-06 11:05:05'),(338,2,14,'https://dropbox/vk/file_4799',4799,'{\"owner\": \"Adrienne Hessel\"}','2005-03-04 21:30:42','2020-01-06 11:05:05'),(339,3,437,'https://dropbox/vk/file_6465',6465,'{\"owner\": \"Aidan Larson\"}','1993-12-26 10:56:11','2020-01-06 11:05:05'),(340,3,142,'https://dropbox/vk/file_0',0,'{\"owner\": \"Alexa Pfannerstill\"}','1997-09-24 12:59:36','2020-01-06 11:05:05'),(341,2,400,'https://dropbox/vk/file_375214005',375214005,'{\"owner\": \"Naomi Olson\"}','1992-11-15 06:01:40','2020-01-06 11:05:05'),(342,1,71,'https://dropbox/vk/file_62951',62951,'{\"owner\": \"Greta Witting\"}','2002-06-23 12:03:25','2020-01-06 11:05:05'),(343,2,157,'https://dropbox/vk/file_0',0,'{\"owner\": \"Selina Stamm\"}','2008-12-03 09:11:59','2020-01-06 11:05:05'),(344,3,70,'https://dropbox/vk/file_69443',69443,'{\"owner\": \"Dell Nienow\"}','1980-12-24 12:50:15','2020-01-06 11:05:05'),(345,2,380,'https://dropbox/vk/file_95',95,'{\"owner\": \"Gabe McDermott\"}','2019-08-23 03:13:56','2020-01-06 11:05:05'),(346,2,189,'https://dropbox/vk/file_8272',8272,'{\"owner\": \"Libby Franecki\"}','2011-06-16 06:51:01','2020-01-06 11:05:05'),(347,2,306,'https://dropbox/vk/file_3829727',3829727,'{\"owner\": \"Aditya Hartmann\"}','1976-09-16 00:30:56','2020-01-06 11:05:05'),(348,3,463,'https://dropbox/vk/file_543160',543160,'{\"owner\": \"Vilma Feest\"}','1972-12-07 04:03:44','2020-01-06 11:05:05'),(349,3,397,'https://dropbox/vk/file_839664818',839664818,'{\"owner\": \"Carolyne Thiel\"}','1990-10-21 21:58:20','2020-01-06 11:05:05'),(350,2,94,'https://dropbox/vk/file_2109413',2109413,'{\"owner\": \"Hettie Beatty\"}','1973-12-29 17:18:27','2020-01-06 11:05:05'),(351,1,281,'https://dropbox/vk/file_7986',7986,'{\"owner\": \"Keira Greenholt\"}','2008-12-15 13:39:54','2020-01-06 11:05:05'),(352,3,120,'https://dropbox/vk/file_814',814,'{\"owner\": \"Eva Cremin\"}','1970-08-02 20:39:26','2020-01-06 11:05:05'),(353,3,258,'https://dropbox/vk/file_356438',356438,'{\"owner\": \"Esmeralda Wolff\"}','1987-05-20 23:27:06','2020-01-06 11:05:05'),(354,2,430,'https://dropbox/vk/file_755911258',755911258,'{\"owner\": \"Alec Cummerata\"}','1978-10-30 18:19:27','2020-01-06 11:05:05'),(355,1,375,'https://dropbox/vk/file_40276',40276,'{\"owner\": \"Estevan Fisher\"}','1986-06-16 22:39:39','2020-01-06 11:05:05'),(356,3,83,'https://dropbox/vk/file_71',71,'{\"owner\": \"Kristin Wisozk\"}','1983-12-26 19:41:54','2020-01-06 11:05:05'),(357,2,291,'https://dropbox/vk/file_514029359',514029359,'{\"owner\": \"Guy Bergnaum\"}','1979-02-18 03:01:16','2020-01-06 11:05:05'),(358,1,206,'https://dropbox/vk/file_0',0,'{\"owner\": \"Wyman Lubowitz\"}','2011-09-23 22:14:50','2020-01-06 11:05:05'),(359,1,158,'https://dropbox/vk/file_496',496,'{\"owner\": \"Pierce Gutkowski\"}','2017-01-04 04:29:36','2020-01-06 11:05:05'),(360,2,169,'https://dropbox/vk/file_949323',949323,'{\"owner\": \"Cale Effertz\"}','2008-09-01 07:30:46','2020-01-06 11:05:05'),(361,1,372,'https://dropbox/vk/file_0',0,'{\"owner\": \"Brett Cruickshank\"}','2017-01-21 07:43:27','2020-01-06 11:05:05'),(362,1,350,'https://dropbox/vk/file_603',603,'{\"owner\": \"Grady Gorczany\"}','2009-09-15 08:48:09','2020-01-06 11:05:05'),(363,2,135,'https://dropbox/vk/file_527795',527795,'{\"owner\": \"Harley Herman\"}','1995-07-18 06:42:32','2020-01-06 11:05:05'),(364,1,125,'https://dropbox/vk/file_505467690',505467690,'{\"owner\": \"Kole Jerde\"}','1977-09-30 18:37:31','2020-01-06 11:05:05'),(365,3,217,'https://dropbox/vk/file_84',84,'{\"owner\": \"Gerald Mills\"}','2014-08-11 04:43:36','2020-01-06 11:05:05'),(366,2,213,'https://dropbox/vk/file_5',5,'{\"owner\": \"Krystal Crona\"}','1972-06-04 10:08:54','2020-01-06 11:05:05'),(367,2,412,'https://dropbox/vk/file_759720',759720,'{\"owner\": \"Maya Nienow\"}','1972-09-07 22:18:11','2020-01-06 11:05:05'),(368,3,420,'https://dropbox/vk/file_450314',450314,'{\"owner\": \"Ernestina Towne\"}','2012-07-07 12:23:17','2020-01-06 11:05:05'),(369,1,364,'https://dropbox/vk/file_408',408,'{\"owner\": \"Lacy Lubowitz\"}','2007-09-06 10:26:47','2020-01-06 11:05:05'),(370,2,61,'https://dropbox/vk/file_482',482,'{\"owner\": \"Margarita Jakubowski\"}','1971-05-20 11:51:02','2020-01-06 11:05:05'),(371,3,211,'https://dropbox/vk/file_86',86,'{\"owner\": \"Rusty Kuphal\"}','1997-05-10 07:31:50','2020-01-06 11:05:05'),(372,1,370,'https://dropbox/vk/file_3479577',3479577,'{\"owner\": \"Roselyn Champlin\"}','1995-05-29 10:30:19','2020-01-06 11:05:05'),(373,2,219,'https://dropbox/vk/file_738243',738243,'{\"owner\": \"Destiny Ebert\"}','2005-12-14 12:03:59','2020-01-06 11:05:05'),(374,2,484,'https://dropbox/vk/file_14',14,'{\"owner\": \"Kadin Macejkovic\"}','1999-05-13 14:51:22','2020-01-06 11:05:05'),(375,1,264,'https://dropbox/vk/file_99679064',99679064,'{\"owner\": \"Lera Huel\"}','1990-02-15 19:06:23','2020-01-06 11:05:05'),(376,3,365,'https://dropbox/vk/file_857630',857630,'{\"owner\": \"Stacey Grimes\"}','1980-04-01 20:40:38','2020-01-06 11:05:05'),(377,1,35,'https://dropbox/vk/file_53477727',53477727,'{\"owner\": \"Karli Gerlach\"}','2009-07-16 03:14:11','2020-01-06 11:05:05'),(378,1,79,'https://dropbox/vk/file_0',0,'{\"owner\": \"Greg Sporer\"}','2017-09-13 15:50:08','2020-01-06 11:05:05'),(379,3,290,'https://dropbox/vk/file_968528551',968528551,'{\"owner\": \"Mike Rath\"}','1992-07-13 21:43:30','2020-01-06 11:05:05'),(380,1,210,'https://dropbox/vk/file_55654393',55654393,'{\"owner\": \"Kaela Dibbert\"}','2017-09-06 22:39:51','2020-01-06 11:05:05'),(381,3,182,'https://dropbox/vk/file_0',0,'{\"owner\": \"Grace Hauck\"}','2011-04-05 05:02:37','2020-01-06 11:05:05'),(382,2,280,'https://dropbox/vk/file_95875327',95875327,'{\"owner\": \"Jermaine Corwin\"}','1981-05-26 16:08:57','2020-01-06 11:05:05'),(383,1,353,'https://dropbox/vk/file_3348563',3348563,'{\"owner\": \"Alexander Hermiston\"}','1977-04-10 13:31:53','2020-01-06 11:05:05'),(384,1,424,'https://dropbox/vk/file_60009',60009,'{\"owner\": \"Travis Spencer\"}','2010-02-07 11:54:02','2020-01-06 11:05:05'),(385,3,61,'https://dropbox/vk/file_0',0,'{\"owner\": \"Margarita Jakubowski\"}','2008-06-03 12:26:06','2020-01-06 11:05:05'),(386,1,33,'https://dropbox/vk/file_7',7,'{\"owner\": \"Durward Schroeder\"}','1974-11-04 19:32:00','2020-01-06 11:05:05'),(387,2,482,'https://dropbox/vk/file_569086978',569086978,'{\"owner\": \"Emely O\'Hara\"}','1996-06-07 20:20:24','2020-01-06 11:05:05'),(388,3,308,'https://dropbox/vk/file_92855',92855,'{\"owner\": \"Damien Klocko\"}','1977-07-27 19:21:04','2020-01-06 11:05:05'),(389,3,93,'https://dropbox/vk/file_655',655,'{\"owner\": \"Elinore Frami\"}','1972-04-16 18:34:33','2020-01-06 11:05:05'),(390,2,43,'https://dropbox/vk/file_5',5,'{\"owner\": \"Bernard Price\"}','2004-03-30 12:16:01','2020-01-06 11:05:05'),(391,3,434,'https://dropbox/vk/file_444096784',444096784,'{\"owner\": \"Olga Christiansen\"}','2011-05-07 01:23:44','2020-01-06 11:05:05'),(392,2,42,'https://dropbox/vk/file_429124135',429124135,'{\"owner\": \"Lauriane Armstrong\"}','1985-02-21 21:55:25','2020-01-06 11:05:05'),(393,1,407,'https://dropbox/vk/file_528981083',528981083,'{\"owner\": \"Leon Brown\"}','1983-05-12 12:17:19','2020-01-06 11:05:05'),(394,3,407,'https://dropbox/vk/file_278',278,'{\"owner\": \"Leon Brown\"}','1992-12-25 13:19:27','2020-01-06 11:05:05'),(395,2,316,'https://dropbox/vk/file_94581',94581,'{\"owner\": \"Luella Lowe\"}','1995-01-24 12:24:03','2020-01-06 11:05:05'),(396,1,356,'https://dropbox/vk/file_1373',1373,'{\"owner\": \"Shaniya Graham\"}','1975-06-28 12:54:18','2020-01-06 11:05:05'),(397,2,331,'https://dropbox/vk/file_3338894',3338894,'{\"owner\": \"Kaleb Stiedemann\"}','2004-06-12 13:24:05','2020-01-06 11:05:05'),(398,3,88,'https://dropbox/vk/file_973937598',973937598,'{\"owner\": \"Vivianne Zulauf\"}','1992-09-29 08:05:25','2020-01-06 11:05:05'),(399,1,446,'https://dropbox/vk/file_368',368,'{\"owner\": \"Ariane Schroeder\"}','2004-10-22 00:56:02','2020-01-06 11:05:05'),(400,1,468,'https://dropbox/vk/file_34',34,'{\"owner\": \"Maude Barrows\"}','2003-07-13 11:14:44','2020-01-06 11:05:05'),(401,3,498,'https://dropbox/vk/file_40527',40527,'{\"owner\": \"Erna Armstrong\"}','2004-11-15 16:44:31','2020-01-06 11:05:05'),(402,2,86,'https://dropbox/vk/file_6',6,'{\"owner\": \"Gaston Bogisich\"}','2003-03-17 13:18:52','2020-01-06 11:05:05'),(403,3,436,'https://dropbox/vk/file_32789',32789,'{\"owner\": \"Shad Harvey\"}','1999-09-13 13:10:14','2020-01-06 11:05:05'),(404,2,423,'https://dropbox/vk/file_444838405',444838405,'{\"owner\": \"Eugene Langworth\"}','1982-12-17 12:58:25','2020-01-06 11:05:05'),(405,1,306,'https://dropbox/vk/file_1106299',1106299,'{\"owner\": \"Aditya Hartmann\"}','2008-01-01 02:36:44','2020-01-06 11:05:05'),(406,3,259,'https://dropbox/vk/file_2955529',2955529,'{\"owner\": \"Esmeralda Cassin\"}','2011-01-09 19:37:32','2020-01-06 11:05:05'),(407,2,377,'https://dropbox/vk/file_8',8,'{\"owner\": \"Caesar Ullrich\"}','2002-08-07 23:33:09','2020-01-06 11:05:05'),(408,2,106,'https://dropbox/vk/file_976',976,'{\"owner\": \"Tristian Glover\"}','2011-02-23 21:01:25','2020-01-06 11:05:05'),(409,2,399,'https://dropbox/vk/file_0',0,'{\"owner\": \"Marcia Smith\"}','1996-07-12 03:53:39','2020-01-06 11:05:05'),(410,2,177,'https://dropbox/vk/file_703686',703686,'{\"owner\": \"Ayana Walsh\"}','2002-10-03 05:37:47','2020-01-06 11:05:05'),(411,3,189,'https://dropbox/vk/file_0',0,'{\"owner\": \"Libby Franecki\"}','1975-11-25 18:29:25','2020-01-06 11:05:05'),(412,3,412,'https://dropbox/vk/file_0',0,'{\"owner\": \"Maya Nienow\"}','2001-07-08 02:59:59','2020-01-06 11:05:05'),(413,3,492,'https://dropbox/vk/file_2001',2001,'{\"owner\": \"Kathlyn Cremin\"}','1988-09-25 11:12:19','2020-01-06 11:05:05'),(414,3,224,'https://dropbox/vk/file_3182',3182,'{\"owner\": \"Mattie Reynolds\"}','1984-05-29 12:46:05','2020-01-06 11:05:05'),(415,1,145,'https://dropbox/vk/file_794428',794428,'{\"owner\": \"Nannie Doyle\"}','2013-12-02 21:47:11','2020-01-06 11:05:05'),(416,3,53,'https://dropbox/vk/file_3',3,'{\"owner\": \"Javier Conroy\"}','1972-11-15 15:42:40','2020-01-06 11:05:05'),(417,1,329,'https://dropbox/vk/file_589985',589985,'{\"owner\": \"Junius Wolf\"}','1972-01-22 13:19:44','2020-01-06 11:05:05'),(418,2,485,'https://dropbox/vk/file_51',51,'{\"owner\": \"Johann Lueilwitz\"}','1999-02-07 21:16:39','2020-01-06 11:05:05'),(419,3,436,'https://dropbox/vk/file_201024447',201024447,'{\"owner\": \"Shad Harvey\"}','2013-09-26 07:29:55','2020-01-06 11:05:05'),(420,2,226,'https://dropbox/vk/file_7703',7703,'{\"owner\": \"Irma Windler\"}','1993-04-18 22:09:05','2020-01-06 11:05:05'),(421,2,320,'https://dropbox/vk/file_0',0,'{\"owner\": \"Frida Larson\"}','1976-04-13 07:12:02','2020-01-06 11:05:05'),(422,3,422,'https://dropbox/vk/file_78895029',78895029,'{\"owner\": \"Alfredo Koch\"}','1979-11-11 07:28:51','2020-01-06 11:05:05'),(423,2,151,'https://dropbox/vk/file_6',6,'{\"owner\": \"Diamond Bahringer\"}','1994-07-02 16:35:14','2020-01-06 11:05:05'),(424,1,489,'https://dropbox/vk/file_177831',177831,'{\"owner\": \"Emmie Bednar\"}','1979-07-08 16:30:11','2020-01-06 11:05:05'),(425,2,489,'https://dropbox/vk/file_950034',950034,'{\"owner\": \"Emmie Bednar\"}','1975-01-14 23:10:36','2020-01-06 11:05:05'),(426,1,477,'https://dropbox/vk/file_205736',205736,'{\"owner\": \"Krystal Hilpert\"}','2017-01-13 02:04:15','2020-01-06 11:05:05'),(427,3,418,'https://dropbox/vk/file_1',1,'{\"owner\": \"Boyd Monahan\"}','2019-07-09 06:11:52','2020-01-06 11:05:05'),(428,1,159,'https://dropbox/vk/file_801248',801248,'{\"owner\": \"Dawson Hand\"}','2008-03-07 18:09:44','2020-01-06 11:05:05'),(429,3,41,'https://dropbox/vk/file_0',0,'{\"owner\": \"Sunny Shanahan\"}','1970-02-14 08:57:11','2020-01-06 11:05:05'),(430,1,227,'https://dropbox/vk/file_93649',93649,'{\"owner\": \"Adriel McClure\"}','1981-07-19 00:03:38','2020-01-06 11:05:05'),(431,3,13,'https://dropbox/vk/file_15564',15564,'{\"owner\": \"June Orn\"}','2006-01-17 16:56:18','2020-01-06 11:05:05'),(432,1,381,'https://dropbox/vk/file_0',0,'{\"owner\": \"Arnaldo Nitzsche\"}','1986-08-19 13:48:48','2020-01-06 11:05:05'),(433,3,367,'https://dropbox/vk/file_19708',19708,'{\"owner\": \"Nigel Bartell\"}','1994-06-18 16:38:56','2020-01-06 11:05:05'),(434,3,190,'https://dropbox/vk/file_5',5,'{\"owner\": \"Ubaldo McGlynn\"}','2006-01-20 12:24:52','2020-01-06 11:05:05'),(435,2,347,'https://dropbox/vk/file_113',113,'{\"owner\": \"Clovis Donnelly\"}','1971-12-10 14:16:56','2020-01-06 11:05:05'),(436,3,168,'https://dropbox/vk/file_853859476',853859476,'{\"owner\": \"Lindsay Kemmer\"}','2009-02-12 05:57:22','2020-01-06 11:05:05'),(437,3,295,'https://dropbox/vk/file_3',3,'{\"owner\": \"Cyrus Hegmann\"}','1984-10-13 18:21:03','2020-01-06 11:05:05'),(438,1,474,'https://dropbox/vk/file_5',5,'{\"owner\": \"Antonio Blanda\"}','1977-05-28 14:04:45','2020-01-06 11:05:05'),(439,1,483,'https://dropbox/vk/file_26412942',26412942,'{\"owner\": \"Jarred Schinner\"}','2008-11-20 11:38:31','2020-01-06 11:05:05'),(440,3,491,'https://dropbox/vk/file_0',0,'{\"owner\": \"Jaron Gibson\"}','1997-02-20 00:38:57','2020-01-06 11:05:05'),(441,1,5,'https://dropbox/vk/file_25352',25352,'{\"owner\": \"Jed Ratke\"}','2012-12-12 14:45:51','2020-01-06 11:05:05'),(442,2,52,'https://dropbox/vk/file_2385053',2385053,'{\"owner\": \"Laisha Rutherford\"}','1977-03-01 20:20:03','2020-01-06 11:05:05'),(443,3,246,'https://dropbox/vk/file_0',0,'{\"owner\": \"Janessa Jacobson\"}','2002-08-14 15:58:02','2020-01-06 11:05:05'),(444,3,74,'https://dropbox/vk/file_71',71,'{\"owner\": \"Buford Schmitt\"}','2003-07-25 11:15:47','2020-01-06 11:05:05'),(445,1,130,'https://dropbox/vk/file_950',950,'{\"owner\": \"Harrison Schimmel\"}','2004-01-20 16:06:27','2020-01-06 11:05:05'),(446,2,429,'https://dropbox/vk/file_7267947',7267947,'{\"owner\": \"Dimitri O\'Kon\"}','2004-10-31 22:39:09','2020-01-06 11:05:05'),(447,3,255,'https://dropbox/vk/file_77',77,'{\"owner\": \"Emery Breitenberg\"}','1996-03-01 21:28:29','2020-01-06 11:05:05'),(448,3,487,'https://dropbox/vk/file_623873',623873,'{\"owner\": \"Caterina Fay\"}','2006-06-17 13:25:23','2020-01-06 11:05:05'),(449,3,170,'https://dropbox/vk/file_55320942',55320942,'{\"owner\": \"Jacinto Cummerata\"}','1976-01-19 15:43:24','2020-01-06 11:05:05'),(450,3,386,'https://dropbox/vk/file_43526988',43526988,'{\"owner\": \"Ana Kautzer\"}','2003-09-19 21:49:38','2020-01-06 11:05:05'),(451,2,422,'https://dropbox/vk/file_74',74,'{\"owner\": \"Alfredo Koch\"}','1978-08-12 00:13:27','2020-01-06 11:05:05'),(452,1,451,'https://dropbox/vk/file_2793',2793,'{\"owner\": \"Domenick Jakubowski\"}','1979-05-05 10:34:22','2020-01-06 11:05:05'),(453,1,489,'https://dropbox/vk/file_2695310',2695310,'{\"owner\": \"Emmie Bednar\"}','2007-12-21 17:30:09','2020-01-06 11:05:05'),(454,2,89,'https://dropbox/vk/file_128098834',128098834,'{\"owner\": \"Morris Smitham\"}','1974-06-15 11:15:28','2020-01-06 11:05:05'),(455,3,478,'https://dropbox/vk/file_842802',842802,'{\"owner\": \"Alexzander Von\"}','1970-04-29 01:07:50','2020-01-06 11:05:05'),(456,3,125,'https://dropbox/vk/file_520589',520589,'{\"owner\": \"Kole Jerde\"}','1992-05-13 08:22:48','2020-01-06 11:05:05'),(457,3,190,'https://dropbox/vk/file_585582',585582,'{\"owner\": \"Ubaldo McGlynn\"}','2010-07-03 16:29:20','2020-01-06 11:05:05'),(458,3,72,'https://dropbox/vk/file_686881',686881,'{\"owner\": \"Charlotte Braun\"}','1980-03-31 22:36:29','2020-01-06 11:05:05'),(459,1,291,'https://dropbox/vk/file_0',0,'{\"owner\": \"Guy Bergnaum\"}','1986-05-28 13:18:09','2020-01-06 11:05:05'),(460,2,238,'https://dropbox/vk/file_89',89,'{\"owner\": \"Aimee Harber\"}','2018-06-06 21:43:29','2020-01-06 11:05:05'),(461,1,316,'https://dropbox/vk/file_65056',65056,'{\"owner\": \"Luella Lowe\"}','2016-12-26 14:51:01','2020-01-06 11:05:05'),(462,1,365,'https://dropbox/vk/file_36741167',36741167,'{\"owner\": \"Stacey Grimes\"}','1975-02-26 03:25:15','2020-01-06 11:05:05'),(463,2,378,'https://dropbox/vk/file_9653',9653,'{\"owner\": \"Julio Schiller\"}','1996-07-28 12:05:36','2020-01-06 11:05:05'),(464,2,294,'https://dropbox/vk/file_4',4,'{\"owner\": \"Eliseo Bergnaum\"}','1986-12-18 12:04:05','2020-01-06 11:05:05'),(465,1,337,'https://dropbox/vk/file_78576',78576,'{\"owner\": \"Francisca VonRueden\"}','1987-06-04 02:18:24','2020-01-06 11:05:05'),(466,3,303,'https://dropbox/vk/file_87063',87063,'{\"owner\": \"Reyna Boehm\"}','1979-02-28 01:27:43','2020-01-06 11:05:05'),(467,1,3,'https://dropbox/vk/file_7513656',7513656,'{\"owner\": \"Mekhi Weimann\"}','1979-06-20 21:34:46','2020-01-06 11:05:05'),(468,3,104,'https://dropbox/vk/file_679086',679086,'{\"owner\": \"Gilbert Marquardt\"}','1994-10-12 21:33:29','2020-01-06 11:05:05'),(469,1,13,'https://dropbox/vk/file_473',473,'{\"owner\": \"June Orn\"}','1989-04-30 04:11:10','2020-01-06 11:05:05'),(470,2,250,'https://dropbox/vk/file_64514563',64514563,'{\"owner\": \"Matt Farrell\"}','1986-03-03 21:55:28','2020-01-06 11:05:05'),(471,1,212,'https://dropbox/vk/file_4569',4569,'{\"owner\": \"Clifton Powlowski\"}','2007-10-02 15:11:36','2020-01-06 11:05:05'),(472,2,308,'https://dropbox/vk/file_69760909',69760909,'{\"owner\": \"Damien Klocko\"}','1998-05-28 23:06:13','2020-01-06 11:05:05'),(473,3,404,'https://dropbox/vk/file_220',220,'{\"owner\": \"Estrella Simonis\"}','1974-11-11 05:12:32','2020-01-06 11:05:05'),(474,2,96,'https://dropbox/vk/file_160796',160796,'{\"owner\": \"Helga Bechtelar\"}','2003-07-17 16:09:47','2020-01-06 11:05:05'),(475,1,266,'https://dropbox/vk/file_4983',4983,'{\"owner\": \"Julien Nicolas\"}','2009-02-01 23:29:00','2020-01-06 11:05:05'),(476,1,41,'https://dropbox/vk/file_739226',739226,'{\"owner\": \"Sunny Shanahan\"}','2013-11-24 11:40:00','2020-01-06 11:05:05'),(477,1,408,'https://dropbox/vk/file_0',0,'{\"owner\": \"Adrien Nolan\"}','1971-11-09 13:09:54','2020-01-06 11:05:05'),(478,3,415,'https://dropbox/vk/file_0',0,'{\"owner\": \"Kenny Hills\"}','2004-08-11 07:13:10','2020-01-06 11:05:05'),(479,2,350,'https://dropbox/vk/file_370',370,'{\"owner\": \"Grady Gorczany\"}','2011-05-17 09:11:42','2020-01-06 11:05:05'),(480,1,3,'https://dropbox/vk/file_6',6,'{\"owner\": \"Mekhi Weimann\"}','1985-03-21 02:35:52','2020-01-06 11:05:05'),(481,3,468,'https://dropbox/vk/file_943',943,'{\"owner\": \"Maude Barrows\"}','2016-06-03 10:26:04','2020-01-06 11:05:05'),(482,2,328,'https://dropbox/vk/file_4943',4943,'{\"owner\": \"Katlyn Cassin\"}','1974-08-25 03:04:11','2020-01-06 11:05:05'),(483,3,236,'https://dropbox/vk/file_688',688,'{\"owner\": \"Lonie O\'Reilly\"}','1982-10-22 09:59:00','2020-01-06 11:05:05'),(484,1,196,'https://dropbox/vk/file_43',43,'{\"owner\": \"Columbus Buckridge\"}','1977-06-25 22:32:05','2020-01-06 11:05:05'),(485,3,272,'https://dropbox/vk/file_89456354',89456354,'{\"owner\": \"Korbin Wisoky\"}','2003-05-26 08:52:51','2020-01-06 11:05:05'),(486,2,273,'https://dropbox/vk/file_473490132',473490132,'{\"owner\": \"Gertrude Kohler\"}','1977-03-06 00:01:00','2020-01-06 11:05:05'),(487,1,46,'https://dropbox/vk/file_864180759',864180759,'{\"owner\": \"Damien Leannon\"}','2008-12-21 12:11:34','2020-01-06 11:05:05'),(488,3,412,'https://dropbox/vk/file_233474',233474,'{\"owner\": \"Maya Nienow\"}','1999-02-26 00:37:55','2020-01-06 11:05:05'),(489,3,421,'https://dropbox/vk/file_4088568',4088568,'{\"owner\": \"Garland Gorczany\"}','1982-10-30 04:49:33','2020-01-06 11:05:05'),(490,1,368,'https://dropbox/vk/file_5',5,'{\"owner\": \"Jackeline Kutch\"}','2011-04-06 00:17:04','2020-01-06 11:05:05'),(491,2,77,'https://dropbox/vk/file_30',30,'{\"owner\": \"Cyril Hermiston\"}','1999-10-04 05:16:59','2020-01-06 11:05:05'),(492,3,281,'https://dropbox/vk/file_5',5,'{\"owner\": \"Keira Greenholt\"}','2014-07-12 02:44:13','2020-01-06 11:05:05'),(493,2,174,'https://dropbox/vk/file_132',132,'{\"owner\": \"Scot Jakubowski\"}','1989-02-18 13:28:56','2020-01-06 11:05:05'),(494,2,24,'https://dropbox/vk/file_19383882',19383882,'{\"owner\": \"Immanuel Rau\"}','1972-11-30 20:23:16','2020-01-06 11:05:05'),(495,2,100,'https://dropbox/vk/file_1',1,'{\"owner\": \"Delmer Hand\"}','1980-11-08 22:58:17','2020-01-06 11:05:05'),(496,2,429,'https://dropbox/vk/file_0',0,'{\"owner\": \"Dimitri O\'Kon\"}','2002-07-08 16:02:35','2020-01-06 11:05:05'),(497,2,342,'https://dropbox/vk/file_0',0,'{\"owner\": \"Ambrose Hamill\"}','1970-05-19 18:39:20','2020-01-06 11:05:05'),(498,2,421,'https://dropbox/vk/file_175',175,'{\"owner\": \"Garland Gorczany\"}','1974-08-31 08:44:29','2020-01-06 11:05:05'),(499,1,80,'https://dropbox/vk/file_47',47,'{\"owner\": \"Jarrett Torphy\"}','1986-09-10 13:06:45','2020-01-06 11:05:05'),(500,2,138,'https://dropbox/vk/file_62004',62004,'{\"owner\": \"Dorothea Macejkovic\"}','1996-08-11 04:04:51','2020-01-06 11:05:05'),(501,1,450,'https://dropbox/vk/file_73731747',73731747,'{\"owner\": \"Winfield Ankunding\"}','1984-04-25 11:00:02','2020-01-06 11:05:05'),(502,2,335,'https://dropbox/vk/file_67482664',67482664,'{\"owner\": \"Zackery Renner\"}','2013-08-22 04:30:04','2020-01-06 11:05:05'),(503,3,324,'https://dropbox/vk/file_401761',401761,'{\"owner\": \"Beth Pollich\"}','1979-01-13 18:55:09','2020-01-06 11:05:05'),(504,2,115,'https://dropbox/vk/file_336632888',336632888,'{\"owner\": \"Aliya Murazik\"}','2000-07-07 13:54:48','2020-01-06 11:05:05'),(505,1,100,'https://dropbox/vk/file_514742605',514742605,'{\"owner\": \"Delmer Hand\"}','1983-06-30 18:58:07','2020-01-06 11:05:05'),(506,2,158,'https://dropbox/vk/file_54',54,'{\"owner\": \"Pierce Gutkowski\"}','2012-02-18 21:37:40','2020-01-06 11:05:05'),(507,1,488,'https://dropbox/vk/file_59416923',59416923,'{\"owner\": \"Layne Kirlin\"}','1979-10-15 18:52:13','2020-01-06 11:05:05'),(508,1,466,'https://dropbox/vk/file_69',69,'{\"owner\": \"Aracely Ondricka\"}','2011-10-24 13:05:25','2020-01-06 11:05:05'),(509,3,366,'https://dropbox/vk/file_8788465',8788465,'{\"owner\": \"Ella Hirthe\"}','2017-02-24 18:40:18','2020-01-06 11:05:05'),(510,3,432,'https://dropbox/vk/file_0',0,'{\"owner\": \"Lorenza Reichel\"}','1978-11-18 06:08:22','2020-01-06 11:05:05'),(511,1,60,'https://dropbox/vk/file_34',34,'{\"owner\": \"Arden Hodkiewicz\"}','1971-06-23 09:46:17','2020-01-06 11:05:05'),(512,3,4,'https://dropbox/vk/file_69733',69733,'{\"owner\": \"Lavern Wyman\"}','2002-03-10 19:09:06','2020-01-06 11:05:05'),(513,1,338,'https://dropbox/vk/file_5165',5165,'{\"owner\": \"Melvina Labadie\"}','1987-06-18 03:11:17','2020-01-06 11:05:05'),(514,3,177,'https://dropbox/vk/file_7720285',7720285,'{\"owner\": \"Ayana Walsh\"}','2018-12-27 16:38:20','2020-01-06 11:05:05'),(515,2,373,'https://dropbox/vk/file_0',0,'{\"owner\": \"Elaina Price\"}','1970-10-27 18:06:03','2020-01-06 11:05:05'),(516,3,333,'https://dropbox/vk/file_41',41,'{\"owner\": \"Tracy Borer\"}','1972-05-28 20:04:17','2020-01-06 11:05:05'),(517,1,45,'https://dropbox/vk/file_0',0,'{\"owner\": \"Melyssa Monahan\"}','1989-09-11 05:55:41','2020-01-06 11:05:05'),(518,3,227,'https://dropbox/vk/file_0',0,'{\"owner\": \"Adriel McClure\"}','2019-07-07 05:26:17','2020-01-06 11:05:05'),(519,3,498,'https://dropbox/vk/file_327098',327098,'{\"owner\": \"Erna Armstrong\"}','1972-08-20 07:36:06','2020-01-06 11:05:05'),(520,2,307,'https://dropbox/vk/file_674457',674457,'{\"owner\": \"Jessyca Fahey\"}','2013-05-25 15:59:04','2020-01-06 11:05:05'),(521,3,42,'https://dropbox/vk/file_2217',2217,'{\"owner\": \"Lauriane Armstrong\"}','1972-06-15 08:40:44','2020-01-06 11:05:05'),(522,3,290,'https://dropbox/vk/file_0',0,'{\"owner\": \"Mike Rath\"}','2009-12-13 21:15:13','2020-01-06 11:05:05'),(523,3,323,'https://dropbox/vk/file_3496',3496,'{\"owner\": \"Waylon Kemmer\"}','2005-06-29 12:19:42','2020-01-06 11:05:05'),(524,1,242,'https://dropbox/vk/file_855630',855630,'{\"owner\": \"Kathleen Wintheiser\"}','1977-02-08 14:43:30','2020-01-06 11:05:05'),(525,2,244,'https://dropbox/vk/file_2',2,'{\"owner\": \"Walton Carter\"}','1976-11-03 10:24:18','2020-01-06 11:05:05'),(526,1,490,'https://dropbox/vk/file_52',52,'{\"owner\": \"Kelvin Langworth\"}','1995-09-03 02:57:15','2020-01-06 11:05:05'),(527,3,219,'https://dropbox/vk/file_41888',41888,'{\"owner\": \"Destiny Ebert\"}','2019-08-28 13:07:41','2020-01-06 11:05:05'),(528,2,123,'https://dropbox/vk/file_6925245',6925245,'{\"owner\": \"Brook Bechtelar\"}','1971-09-25 11:07:09','2020-01-06 11:05:05'),(529,1,458,'https://dropbox/vk/file_764743901',764743901,'{\"owner\": \"Adrienne Bauch\"}','1993-08-15 23:28:00','2020-01-06 11:05:05'),(530,1,419,'https://dropbox/vk/file_67',67,'{\"owner\": \"Junior Aufderhar\"}','2013-01-05 03:33:03','2020-01-06 11:05:05'),(531,1,222,'https://dropbox/vk/file_10',10,'{\"owner\": \"Jamarcus Erdman\"}','1980-07-28 21:41:34','2020-01-06 11:05:05'),(532,3,354,'https://dropbox/vk/file_809',809,'{\"owner\": \"Kamren Skiles\"}','1994-07-21 15:13:39','2020-01-06 11:05:05'),(533,1,103,'https://dropbox/vk/file_57078086',57078086,'{\"owner\": \"Ryley Crona\"}','1987-01-19 14:20:50','2020-01-06 11:05:05'),(534,3,451,'https://dropbox/vk/file_25967',25967,'{\"owner\": \"Domenick Jakubowski\"}','2006-01-14 21:21:01','2020-01-06 11:05:05'),(535,3,445,'https://dropbox/vk/file_351',351,'{\"owner\": \"Al Koepp\"}','2011-06-22 12:41:51','2020-01-06 11:05:05'),(536,3,373,'https://dropbox/vk/file_21989872',21989872,'{\"owner\": \"Elaina Price\"}','1977-12-11 00:13:27','2020-01-06 11:05:05'),(537,1,30,'https://dropbox/vk/file_407722',407722,'{\"owner\": \"Melvina Goldner\"}','1978-07-25 16:56:33','2020-01-06 11:05:05'),(538,1,32,'https://dropbox/vk/file_81117929',81117929,'{\"owner\": \"Santino Cassin\"}','1990-01-05 20:39:53','2020-01-06 11:05:05'),(539,2,67,'https://dropbox/vk/file_173567',173567,'{\"owner\": \"Sabrina Hettinger\"}','1998-12-02 01:45:01','2020-01-06 11:05:05'),(540,1,238,'https://dropbox/vk/file_24',24,'{\"owner\": \"Aimee Harber\"}','2017-06-14 16:37:47','2020-01-06 11:05:05'),(541,2,489,'https://dropbox/vk/file_797122242',797122242,'{\"owner\": \"Emmie Bednar\"}','2006-10-30 19:20:25','2020-01-06 11:05:05'),(542,2,229,'https://dropbox/vk/file_1',1,'{\"owner\": \"Darryl Hane\"}','2004-05-21 14:35:32','2020-01-06 11:05:05'),(543,3,179,'https://dropbox/vk/file_1',1,'{\"owner\": \"Monroe Fadel\"}','1973-09-02 04:02:09','2020-01-06 11:05:05'),(544,2,206,'https://dropbox/vk/file_215',215,'{\"owner\": \"Wyman Lubowitz\"}','2018-03-11 15:07:13','2020-01-06 11:05:05'),(545,1,492,'https://dropbox/vk/file_6659',6659,'{\"owner\": \"Kathlyn Cremin\"}','2006-05-01 07:43:17','2020-01-06 11:05:05'),(546,2,341,'https://dropbox/vk/file_2480621',2480621,'{\"owner\": \"Chet Cremin\"}','1991-04-11 13:23:10','2020-01-06 11:05:05'),(547,3,231,'https://dropbox/vk/file_199',199,'{\"owner\": \"Micheal Kemmer\"}','1978-01-24 07:51:58','2020-01-06 11:05:05'),(548,1,132,'https://dropbox/vk/file_58980295',58980295,'{\"owner\": \"Magdalen Rutherford\"}','1981-12-12 21:32:31','2020-01-06 11:05:05'),(549,2,466,'https://dropbox/vk/file_67032',67032,'{\"owner\": \"Aracely Ondricka\"}','2004-07-21 03:42:24','2020-01-06 11:05:05'),(550,3,434,'https://dropbox/vk/file_628142609',628142609,'{\"owner\": \"Olga Christiansen\"}','1984-04-22 14:07:29','2020-01-06 11:05:05'),(551,2,273,'https://dropbox/vk/file_17556107',17556107,'{\"owner\": \"Gertrude Kohler\"}','1971-12-14 23:05:18','2020-01-06 11:05:05'),(552,1,61,'https://dropbox/vk/file_573',573,'{\"owner\": \"Margarita Jakubowski\"}','1996-11-06 08:47:34','2020-01-06 11:05:05'),(553,3,486,'https://dropbox/vk/file_31954',31954,'{\"owner\": \"Jillian Bogan\"}','1993-05-12 20:11:55','2020-01-06 11:05:05'),(554,3,245,'https://dropbox/vk/file_185504471',185504471,'{\"owner\": \"Salma Schuppe\"}','2008-09-10 03:15:53','2020-01-06 11:05:05'),(555,2,267,'https://dropbox/vk/file_7051558',7051558,'{\"owner\": \"Dan Kovacek\"}','1993-03-11 12:16:46','2020-01-06 11:05:05'),(556,2,98,'https://dropbox/vk/file_3611032',3611032,'{\"owner\": \"Friedrich O\'Kon\"}','1986-02-21 23:25:47','2020-01-06 11:05:05'),(557,2,191,'https://dropbox/vk/file_8',8,'{\"owner\": \"Gardner O\'Connell\"}','2006-09-05 10:44:15','2020-01-06 11:05:05'),(558,1,161,'https://dropbox/vk/file_73',73,'{\"owner\": \"Everette O\'Conner\"}','2002-11-27 22:11:19','2020-01-06 11:05:05'),(559,1,233,'https://dropbox/vk/file_1319',1319,'{\"owner\": \"Alexandria Legros\"}','1972-02-06 15:58:31','2020-01-06 11:05:05'),(560,1,178,'https://dropbox/vk/file_19',19,'{\"owner\": \"Thurman Zemlak\"}','1979-02-23 00:09:20','2020-01-06 11:05:05'),(561,2,192,'https://dropbox/vk/file_0',0,'{\"owner\": \"Glen Leffler\"}','1977-01-11 03:31:30','2020-01-06 11:05:05'),(562,2,424,'https://dropbox/vk/file_6137',6137,'{\"owner\": \"Travis Spencer\"}','1990-07-25 05:14:41','2020-01-06 11:05:05'),(563,3,44,'https://dropbox/vk/file_368',368,'{\"owner\": \"Amina Ernser\"}','2013-05-11 05:28:54','2020-01-06 11:05:05'),(564,3,450,'https://dropbox/vk/file_5',5,'{\"owner\": \"Winfield Ankunding\"}','2017-01-26 15:20:03','2020-01-06 11:05:05'),(565,3,114,'https://dropbox/vk/file_931587',931587,'{\"owner\": \"Modesta Runolfsdottir\"}','1993-07-27 22:24:29','2020-01-06 11:05:05'),(566,1,220,'https://dropbox/vk/file_265630',265630,'{\"owner\": \"Candice Dibbert\"}','1991-09-29 13:31:35','2020-01-06 11:05:05'),(567,3,259,'https://dropbox/vk/file_0',0,'{\"owner\": \"Esmeralda Cassin\"}','1990-11-12 08:18:12','2020-01-06 11:05:05'),(568,1,135,'https://dropbox/vk/file_46',46,'{\"owner\": \"Harley Herman\"}','1990-11-05 20:26:43','2020-01-06 11:05:05'),(569,3,396,'https://dropbox/vk/file_7',7,'{\"owner\": \"Charlotte Gislason\"}','1985-05-24 09:05:26','2020-01-06 11:05:05'),(570,1,75,'https://dropbox/vk/file_4',4,'{\"owner\": \"Larue Beahan\"}','1973-10-13 18:18:15','2020-01-06 11:05:05'),(571,1,185,'https://dropbox/vk/file_7',7,'{\"owner\": \"Boyd Gorczany\"}','1979-10-07 10:56:57','2020-01-06 11:05:05'),(572,1,198,'https://dropbox/vk/file_7',7,'{\"owner\": \"Alexandre Moen\"}','2009-02-18 02:55:36','2020-01-06 11:05:05'),(573,2,438,'https://dropbox/vk/file_9078786',9078786,'{\"owner\": \"Augusta Bergnaum\"}','1997-05-25 22:05:10','2020-01-06 11:05:05'),(574,3,95,'https://dropbox/vk/file_17893808',17893808,'{\"owner\": \"Thalia McKenzie\"}','2018-04-26 02:48:58','2020-01-06 11:05:05'),(575,3,159,'https://dropbox/vk/file_32604887',32604887,'{\"owner\": \"Dawson Hand\"}','1995-08-02 11:30:46','2020-01-06 11:05:05'),(576,3,12,'https://dropbox/vk/file_278884827',278884827,'{\"owner\": \"Morris Sauer\"}','2000-12-16 19:08:37','2020-01-06 11:05:05'),(577,2,81,'https://dropbox/vk/file_91107817',91107817,'{\"owner\": \"Anna Bartell\"}','2011-09-05 06:26:27','2020-01-06 11:05:05'),(578,3,368,'https://dropbox/vk/file_3727093',3727093,'{\"owner\": \"Jackeline Kutch\"}','1984-10-06 05:22:19','2020-01-06 11:05:05'),(579,3,99,'https://dropbox/vk/file_393297732',393297732,'{\"owner\": \"Baby Monahan\"}','1984-12-10 15:57:31','2020-01-06 11:05:05'),(580,1,388,'https://dropbox/vk/file_0',0,'{\"owner\": \"Heloise Jacobs\"}','2009-12-20 00:18:09','2020-01-06 11:05:05'),(581,1,142,'https://dropbox/vk/file_8736',8736,'{\"owner\": \"Alexa Pfannerstill\"}','1972-11-17 21:22:00','2020-01-06 11:05:05'),(582,1,44,'https://dropbox/vk/file_82831',82831,'{\"owner\": \"Amina Ernser\"}','1989-12-13 11:00:05','2020-01-06 11:05:05'),(583,2,297,'https://dropbox/vk/file_620373',620373,'{\"owner\": \"Sid Altenwerth\"}','2001-11-20 09:45:20','2020-01-06 11:05:05'),(584,1,352,'https://dropbox/vk/file_8',8,'{\"owner\": \"Camden Halvorson\"}','1974-02-12 07:39:00','2020-01-06 11:05:05'),(585,1,367,'https://dropbox/vk/file_8621',8621,'{\"owner\": \"Nigel Bartell\"}','1984-06-16 09:35:58','2020-01-06 11:05:05'),(586,1,279,'https://dropbox/vk/file_601352903',601352903,'{\"owner\": \"Cecil Braun\"}','1982-06-05 00:44:01','2020-01-06 11:05:05'),(587,2,295,'https://dropbox/vk/file_16324150',16324150,'{\"owner\": \"Cyrus Hegmann\"}','1980-12-05 23:59:18','2020-01-06 11:05:05'),(588,2,138,'https://dropbox/vk/file_7325',7325,'{\"owner\": \"Dorothea Macejkovic\"}','1978-06-05 09:02:02','2020-01-06 11:05:05'),(589,3,304,'https://dropbox/vk/file_89096',89096,'{\"owner\": \"Vergie Harvey\"}','1970-05-22 10:39:52','2020-01-06 11:05:05'),(590,1,105,'https://dropbox/vk/file_743087',743087,'{\"owner\": \"Sincere Kerluke\"}','1974-11-22 06:06:48','2020-01-06 11:05:05'),(591,2,113,'https://dropbox/vk/file_4019',4019,'{\"owner\": \"Benedict Donnelly\"}','1989-06-29 20:06:02','2020-01-06 11:05:05'),(592,1,249,'https://dropbox/vk/file_1226',1226,'{\"owner\": \"Orlo Wiegand\"}','2005-08-06 07:10:57','2020-01-06 11:05:05'),(593,2,405,'https://dropbox/vk/file_0',0,'{\"owner\": \"America Wilderman\"}','1990-10-04 05:20:07','2020-01-06 11:05:05'),(594,1,278,'https://dropbox/vk/file_0',0,'{\"owner\": \"Riley Simonis\"}','2008-10-29 02:28:15','2020-01-06 11:05:05'),(595,2,176,'https://dropbox/vk/file_52587525',52587525,'{\"owner\": \"Spencer Hoppe\"}','2009-03-25 03:06:34','2020-01-06 11:05:05'),(596,2,45,'https://dropbox/vk/file_256',256,'{\"owner\": \"Melyssa Monahan\"}','1977-02-05 05:25:45','2020-01-06 11:05:05'),(597,3,195,'https://dropbox/vk/file_375596',375596,'{\"owner\": \"Maxwell Ferry\"}','1970-04-01 12:35:11','2020-01-06 11:05:05'),(598,3,339,'https://dropbox/vk/file_11588962',11588962,'{\"owner\": \"Yoshiko Stokes\"}','2005-04-30 07:48:54','2020-01-06 11:05:05'),(599,2,109,'https://dropbox/vk/file_539',539,'{\"owner\": \"Jackie Thompson\"}','2006-09-09 23:32:20','2020-01-06 11:05:05'),(600,3,30,'https://dropbox/vk/file_4',4,'{\"owner\": \"Melvina Goldner\"}','1975-08-20 23:45:01','2020-01-06 11:05:05'),(601,1,322,'https://dropbox/vk/file_0',0,'{\"owner\": \"Estevan Funk\"}','2019-01-07 13:53:09','2020-01-06 11:05:05'),(602,2,19,'https://dropbox/vk/file_6922679',6922679,'{\"owner\": \"Georgiana Welch\"}','2019-03-11 06:47:08','2020-01-06 11:05:05'),(603,3,128,'https://dropbox/vk/file_8076',8076,'{\"owner\": \"Annabel Parisian\"}','2008-04-22 12:15:22','2020-01-06 11:05:05'),(604,3,83,'https://dropbox/vk/file_5',5,'{\"owner\": \"Kristin Wisozk\"}','1979-06-20 06:38:35','2020-01-06 11:05:05'),(605,1,31,'https://dropbox/vk/file_2568168',2568168,'{\"owner\": \"Shane Hammes\"}','1987-02-22 05:42:14','2020-01-06 11:05:05'),(606,1,405,'https://dropbox/vk/file_64147986',64147986,'{\"owner\": \"America Wilderman\"}','2002-08-13 18:04:54','2020-01-06 11:05:05'),(607,3,432,'https://dropbox/vk/file_0',0,'{\"owner\": \"Lorenza Reichel\"}','2016-03-21 18:23:18','2020-01-06 11:05:05'),(608,1,443,'https://dropbox/vk/file_0',0,'{\"owner\": \"Braden Abbott\"}','1996-11-12 21:38:15','2020-01-06 11:05:05'),(609,1,421,'https://dropbox/vk/file_6155198',6155198,'{\"owner\": \"Garland Gorczany\"}','1980-11-15 16:05:06','2020-01-06 11:05:05'),(610,1,276,'https://dropbox/vk/file_578763667',578763667,'{\"owner\": \"Elisha Jones\"}','2003-08-16 09:28:50','2020-01-06 11:05:05'),(611,3,114,'https://dropbox/vk/file_6251296',6251296,'{\"owner\": \"Modesta Runolfsdottir\"}','1984-10-02 17:41:59','2020-01-06 11:05:05'),(612,1,244,'https://dropbox/vk/file_8',8,'{\"owner\": \"Walton Carter\"}','1999-02-14 22:48:55','2020-01-06 11:05:05'),(613,1,378,'https://dropbox/vk/file_282967',282967,'{\"owner\": \"Julio Schiller\"}','2000-05-19 23:09:56','2020-01-06 11:05:05'),(614,1,156,'https://dropbox/vk/file_9',9,'{\"owner\": \"Dave Schaefer\"}','1999-11-15 14:08:14','2020-01-06 11:05:05'),(615,1,145,'https://dropbox/vk/file_71',71,'{\"owner\": \"Nannie Doyle\"}','1981-08-28 17:10:17','2020-01-06 11:05:05'),(616,2,257,'https://dropbox/vk/file_3171979',3171979,'{\"owner\": \"Brycen Terry\"}','1987-04-06 06:50:36','2020-01-06 11:05:05'),(617,2,351,'https://dropbox/vk/file_565833257',565833257,'{\"owner\": \"Americo Kuphal\"}','1985-09-01 05:29:55','2020-01-06 11:05:05'),(618,1,484,'https://dropbox/vk/file_339732',339732,'{\"owner\": \"Kadin Macejkovic\"}','2015-02-13 19:56:22','2020-01-06 11:05:05'),(619,2,365,'https://dropbox/vk/file_9',9,'{\"owner\": \"Stacey Grimes\"}','1997-09-08 09:09:01','2020-01-06 11:05:05'),(620,2,371,'https://dropbox/vk/file_9',9,'{\"owner\": \"Domingo Cremin\"}','1982-08-03 19:05:45','2020-01-06 11:05:05'),(621,1,263,'https://dropbox/vk/file_42941',42941,'{\"owner\": \"Murl Rogahn\"}','1976-10-26 13:44:52','2020-01-06 11:05:05'),(622,3,199,'https://dropbox/vk/file_7401',7401,'{\"owner\": \"Jean Spinka\"}','2005-12-25 11:01:48','2020-01-06 11:05:05'),(623,3,206,'https://dropbox/vk/file_7908262',7908262,'{\"owner\": \"Wyman Lubowitz\"}','2017-02-26 21:53:04','2020-01-06 11:05:05'),(624,3,431,'https://dropbox/vk/file_6',6,'{\"owner\": \"Kane Smith\"}','1989-05-14 08:57:03','2020-01-06 11:05:05'),(625,3,39,'https://dropbox/vk/file_11678713',11678713,'{\"owner\": \"Kellen Wuckert\"}','1978-10-05 20:56:07','2020-01-06 11:05:05'),(626,3,402,'https://dropbox/vk/file_0',0,'{\"owner\": \"Sam Bahringer\"}','1979-04-10 15:47:33','2020-01-06 11:05:05'),(627,3,389,'https://dropbox/vk/file_5',5,'{\"owner\": \"Elenor Dibbert\"}','2012-03-22 16:42:53','2020-01-06 11:05:05'),(628,1,242,'https://dropbox/vk/file_592281',592281,'{\"owner\": \"Kathleen Wintheiser\"}','1974-06-21 06:01:32','2020-01-06 11:05:05'),(629,2,41,'https://dropbox/vk/file_3301495',3301495,'{\"owner\": \"Sunny Shanahan\"}','1993-12-14 20:24:14','2020-01-06 11:05:05'),(630,2,477,'https://dropbox/vk/file_261171',261171,'{\"owner\": \"Krystal Hilpert\"}','1979-06-05 03:30:11','2020-01-06 11:05:05'),(631,1,261,'https://dropbox/vk/file_96',96,'{\"owner\": \"Leonardo Goyette\"}','2018-02-04 13:07:04','2020-01-06 11:05:05'),(632,3,376,'https://dropbox/vk/file_34950506',34950506,'{\"owner\": \"Graham Walker\"}','2011-08-23 17:28:28','2020-01-06 11:05:05'),(633,3,98,'https://dropbox/vk/file_23661',23661,'{\"owner\": \"Friedrich O\'Kon\"}','2019-05-11 05:30:00','2020-01-06 11:05:05'),(634,3,358,'https://dropbox/vk/file_8798',8798,'{\"owner\": \"Kayleigh Swift\"}','2013-11-21 10:59:13','2020-01-06 11:05:05'),(635,2,499,'https://dropbox/vk/file_3998488',3998488,'{\"owner\": \"Kamille Cummerata\"}','1982-01-05 23:21:16','2020-01-06 11:05:05'),(636,1,418,'https://dropbox/vk/file_135987556',135987556,'{\"owner\": \"Boyd Monahan\"}','1999-02-21 05:16:00','2020-01-06 11:05:05'),(637,1,95,'https://dropbox/vk/file_445663435',445663435,'{\"owner\": \"Thalia McKenzie\"}','1972-08-18 15:45:10','2020-01-06 11:05:05'),(638,2,220,'https://dropbox/vk/file_900187',900187,'{\"owner\": \"Candice Dibbert\"}','1991-01-23 15:58:32','2020-01-06 11:05:05'),(639,3,315,'https://dropbox/vk/file_0',0,'{\"owner\": \"Raven Torp\"}','1986-12-13 07:28:01','2020-01-06 11:05:05'),(640,2,414,'https://dropbox/vk/file_23230523',23230523,'{\"owner\": \"Foster King\"}','2012-08-19 10:51:24','2020-01-06 11:05:05'),(641,1,123,'https://dropbox/vk/file_84',84,'{\"owner\": \"Brook Bechtelar\"}','1993-11-25 11:11:32','2020-01-06 11:05:05'),(642,1,373,'https://dropbox/vk/file_791513460',791513460,'{\"owner\": \"Elaina Price\"}','2015-02-24 23:59:45','2020-01-06 11:05:05'),(643,2,494,'https://dropbox/vk/file_6291565',6291565,'{\"owner\": \"Marcelino Macejkovic\"}','2016-08-07 22:16:11','2020-01-06 11:05:05'),(644,2,351,'https://dropbox/vk/file_313520445',313520445,'{\"owner\": \"Americo Kuphal\"}','1986-01-08 08:36:42','2020-01-06 11:05:05'),(645,1,274,'https://dropbox/vk/file_5220903',5220903,'{\"owner\": \"Carlotta Dietrich\"}','2007-01-23 17:54:25','2020-01-06 11:05:05'),(646,3,314,'https://dropbox/vk/file_5351',5351,'{\"owner\": \"Emelie Kiehn\"}','2001-04-15 02:40:49','2020-01-06 11:05:05'),(647,1,250,'https://dropbox/vk/file_8284',8284,'{\"owner\": \"Matt Farrell\"}','2015-09-15 17:26:23','2020-01-06 11:05:05'),(648,2,308,'https://dropbox/vk/file_5982',5982,'{\"owner\": \"Damien Klocko\"}','1982-12-19 09:43:59','2020-01-06 11:05:05'),(649,3,289,'https://dropbox/vk/file_9124',9124,'{\"owner\": \"Rosina Harvey\"}','1970-12-27 22:32:08','2020-01-06 11:05:05'),(650,1,22,'https://dropbox/vk/file_352',352,'{\"owner\": \"Kaia Bernhard\"}','1992-01-29 12:34:45','2020-01-06 11:05:05'),(651,2,239,'https://dropbox/vk/file_51',51,'{\"owner\": \"Pascale Reichel\"}','2006-10-19 14:11:45','2020-01-06 11:05:05'),(652,1,131,'https://dropbox/vk/file_0',0,'{\"owner\": \"Agustina Feest\"}','1997-03-26 12:00:55','2020-01-06 11:05:05'),(653,1,436,'https://dropbox/vk/file_438701484',438701484,'{\"owner\": \"Shad Harvey\"}','2002-02-12 16:01:39','2020-01-06 11:05:05'),(654,1,286,'https://dropbox/vk/file_198707',198707,'{\"owner\": \"Lucio Greenfelder\"}','2004-09-16 05:41:46','2020-01-06 11:05:05'),(655,3,121,'https://dropbox/vk/file_938',938,'{\"owner\": \"Braden Corkery\"}','2009-02-16 23:18:30','2020-01-06 11:05:05'),(656,1,247,'https://dropbox/vk/file_0',0,'{\"owner\": \"Lula Breitenberg\"}','2013-05-23 13:00:36','2020-01-06 11:05:05'),(657,2,370,'https://dropbox/vk/file_0',0,'{\"owner\": \"Roselyn Champlin\"}','2005-10-07 07:09:26','2020-01-06 11:05:05'),(658,2,111,'https://dropbox/vk/file_4',4,'{\"owner\": \"Lulu Glover\"}','2013-11-14 00:34:04','2020-01-06 11:05:05'),(659,2,445,'https://dropbox/vk/file_0',0,'{\"owner\": \"Al Koepp\"}','1970-09-01 21:04:32','2020-01-06 11:05:05'),(660,2,393,'https://dropbox/vk/file_2742',2742,'{\"owner\": \"Tressa Von\"}','1980-08-25 07:52:05','2020-01-06 11:05:05'),(661,3,126,'https://dropbox/vk/file_3',3,'{\"owner\": \"Jacquelyn Huel\"}','1971-12-23 19:34:37','2020-01-06 11:05:05'),(662,3,453,'https://dropbox/vk/file_686806',686806,'{\"owner\": \"Louvenia Welch\"}','1987-10-03 14:46:20','2020-01-06 11:05:05'),(663,1,386,'https://dropbox/vk/file_675766',675766,'{\"owner\": \"Ana Kautzer\"}','2019-03-16 05:08:57','2020-01-06 11:05:05'),(664,3,71,'https://dropbox/vk/file_2583933',2583933,'{\"owner\": \"Greta Witting\"}','2001-09-02 09:19:07','2020-01-06 11:05:05'),(665,1,195,'https://dropbox/vk/file_3',3,'{\"owner\": \"Maxwell Ferry\"}','1988-04-16 19:20:32','2020-01-06 11:05:05'),(666,1,261,'https://dropbox/vk/file_891890967',891890967,'{\"owner\": \"Leonardo Goyette\"}','2012-09-27 12:38:19','2020-01-06 11:05:05'),(667,2,221,'https://dropbox/vk/file_78016',78016,'{\"owner\": \"Chanel Franecki\"}','1972-09-13 06:22:18','2020-01-06 11:05:05'),(668,3,319,'https://dropbox/vk/file_56905',56905,'{\"owner\": \"Quinn Lynch\"}','1988-05-10 06:41:11','2020-01-06 11:05:05'),(669,1,435,'https://dropbox/vk/file_87',87,'{\"owner\": \"Daryl Sauer\"}','1997-07-20 09:46:16','2020-01-06 11:05:05'),(670,2,216,'https://dropbox/vk/file_844',844,'{\"owner\": \"Arnold Haag\"}','1971-07-09 04:40:09','2020-01-06 11:05:05'),(671,1,273,'https://dropbox/vk/file_5276',5276,'{\"owner\": \"Gertrude Kohler\"}','1992-04-27 15:48:51','2020-01-06 11:05:05'),(672,2,217,'https://dropbox/vk/file_4935',4935,'{\"owner\": \"Gerald Mills\"}','1978-12-14 15:16:41','2020-01-06 11:05:05'),(673,3,267,'https://dropbox/vk/file_6',6,'{\"owner\": \"Dan Kovacek\"}','1975-10-23 04:02:45','2020-01-06 11:05:05'),(674,1,182,'https://dropbox/vk/file_1072887',1072887,'{\"owner\": \"Grace Hauck\"}','1994-12-20 14:24:07','2020-01-06 11:05:05'),(675,1,109,'https://dropbox/vk/file_386188',386188,'{\"owner\": \"Jackie Thompson\"}','2005-07-29 00:58:24','2020-01-06 11:05:05'),(676,2,498,'https://dropbox/vk/file_386970045',386970045,'{\"owner\": \"Erna Armstrong\"}','1974-06-24 11:33:14','2020-01-06 11:05:05'),(677,2,164,'https://dropbox/vk/file_27289',27289,'{\"owner\": \"Emmitt O\'Hara\"}','2013-06-04 02:37:34','2020-01-06 11:05:05'),(678,1,323,'https://dropbox/vk/file_725840',725840,'{\"owner\": \"Waylon Kemmer\"}','1974-04-26 18:44:08','2020-01-06 11:05:05'),(679,2,123,'https://dropbox/vk/file_5',5,'{\"owner\": \"Brook Bechtelar\"}','1990-05-17 00:25:26','2020-01-06 11:05:05'),(680,2,146,'https://dropbox/vk/file_3654453',3654453,'{\"owner\": \"Sedrick Koelpin\"}','1999-02-07 07:37:54','2020-01-06 11:05:05'),(681,2,360,'https://dropbox/vk/file_910883',910883,'{\"owner\": \"Alexandrine Hegmann\"}','1989-08-06 06:04:26','2020-01-06 11:05:05'),(682,3,364,'https://dropbox/vk/file_871778454',871778454,'{\"owner\": \"Lacy Lubowitz\"}','1980-11-09 03:35:55','2020-01-06 11:05:05'),(683,2,237,'https://dropbox/vk/file_0',0,'{\"owner\": \"Adolfo Bartell\"}','2004-10-28 23:43:33','2020-01-06 11:05:05'),(684,1,92,'https://dropbox/vk/file_69',69,'{\"owner\": \"Owen Goldner\"}','1993-05-24 00:25:56','2020-01-06 11:05:05'),(685,3,250,'https://dropbox/vk/file_0',0,'{\"owner\": \"Matt Farrell\"}','1990-09-29 00:05:58','2020-01-06 11:05:05'),(686,2,475,'https://dropbox/vk/file_4',4,'{\"owner\": \"Lottie Schimmel\"}','2013-04-11 07:29:40','2020-01-06 11:05:05'),(687,3,123,'https://dropbox/vk/file_24634154',24634154,'{\"owner\": \"Brook Bechtelar\"}','2014-04-25 21:09:48','2020-01-06 11:05:05'),(688,1,190,'https://dropbox/vk/file_318035',318035,'{\"owner\": \"Ubaldo McGlynn\"}','2006-02-10 19:36:00','2020-01-06 11:05:05'),(689,2,81,'https://dropbox/vk/file_888',888,'{\"owner\": \"Anna Bartell\"}','1977-12-14 21:35:48','2020-01-06 11:05:05'),(690,3,334,'https://dropbox/vk/file_6713',6713,'{\"owner\": \"Jamel Skiles\"}','2005-06-24 17:15:45','2020-01-06 11:05:05'),(691,2,427,'https://dropbox/vk/file_127',127,'{\"owner\": \"Darian Herzog\"}','1990-02-15 07:38:49','2020-01-06 11:05:05'),(692,2,130,'https://dropbox/vk/file_4',4,'{\"owner\": \"Harrison Schimmel\"}','1981-09-29 16:46:11','2020-01-06 11:05:05'),(693,2,371,'https://dropbox/vk/file_7685811',7685811,'{\"owner\": \"Domingo Cremin\"}','1991-01-31 23:04:41','2020-01-06 11:05:05'),(694,1,462,'https://dropbox/vk/file_761411',761411,'{\"owner\": \"Minerva Ortiz\"}','2012-03-14 05:08:13','2020-01-06 11:05:05'),(695,3,199,'https://dropbox/vk/file_5380',5380,'{\"owner\": \"Jean Spinka\"}','2003-06-14 01:16:31','2020-01-06 11:05:05'),(696,2,106,'https://dropbox/vk/file_38787',38787,'{\"owner\": \"Tristian Glover\"}','2006-03-28 16:24:46','2020-01-06 11:05:05'),(697,2,432,'https://dropbox/vk/file_16',16,'{\"owner\": \"Lorenza Reichel\"}','2001-11-19 08:48:56','2020-01-06 11:05:05'),(698,3,345,'https://dropbox/vk/file_57',57,'{\"owner\": \"Leo Steuber\"}','1980-12-28 04:06:24','2020-01-06 11:05:05'),(699,2,425,'https://dropbox/vk/file_5',5,'{\"owner\": \"Dena Grant\"}','1974-09-23 03:12:53','2020-01-06 11:05:05'),(700,2,92,'https://dropbox/vk/file_7533885',7533885,'{\"owner\": \"Owen Goldner\"}','1993-12-14 15:09:17','2020-01-06 11:05:05'),(701,1,184,'https://dropbox/vk/file_999',999,'{\"owner\": \"Zita Shields\"}','1994-06-28 01:39:34','2020-01-06 11:05:05'),(702,3,145,'https://dropbox/vk/file_47208711',47208711,'{\"owner\": \"Nannie Doyle\"}','1990-01-05 05:03:53','2020-01-06 11:05:05'),(703,2,170,'https://dropbox/vk/file_102819',102819,'{\"owner\": \"Jacinto Cummerata\"}','2003-04-12 14:43:24','2020-01-06 11:05:05'),(704,1,417,'https://dropbox/vk/file_7626',7626,'{\"owner\": \"Ernestina Cole\"}','1992-06-13 21:45:07','2020-01-06 11:05:05'),(705,2,75,'https://dropbox/vk/file_483538336',483538336,'{\"owner\": \"Larue Beahan\"}','2002-08-12 06:29:51','2020-01-06 11:05:05'),(706,3,120,'https://dropbox/vk/file_0',0,'{\"owner\": \"Eva Cremin\"}','1971-07-26 00:02:44','2020-01-06 11:05:05'),(707,2,377,'https://dropbox/vk/file_34231',34231,'{\"owner\": \"Caesar Ullrich\"}','2012-12-17 18:58:37','2020-01-06 11:05:05'),(708,3,25,'https://dropbox/vk/file_9727',9727,'{\"owner\": \"Kristoffer Gaylord\"}','1974-11-27 00:43:17','2020-01-06 11:05:05'),(709,2,492,'https://dropbox/vk/file_95111966',95111966,'{\"owner\": \"Kathlyn Cremin\"}','1977-02-08 12:17:18','2020-01-06 11:05:05'),(710,3,386,'https://dropbox/vk/file_48544394',48544394,'{\"owner\": \"Ana Kautzer\"}','1984-02-09 08:15:12','2020-01-06 11:05:05'),(711,1,454,'https://dropbox/vk/file_23',23,'{\"owner\": \"Jay Dicki\"}','1976-09-09 02:28:59','2020-01-06 11:05:05'),(712,1,112,'https://dropbox/vk/file_45',45,'{\"owner\": \"Margarette Reinger\"}','1982-05-14 18:36:19','2020-01-06 11:05:05'),(713,1,199,'https://dropbox/vk/file_2',2,'{\"owner\": \"Jean Spinka\"}','2007-10-17 05:04:23','2020-01-06 11:05:05'),(714,2,156,'https://dropbox/vk/file_3644680',3644680,'{\"owner\": \"Dave Schaefer\"}','1994-02-10 10:43:07','2020-01-06 11:05:05'),(715,3,181,'https://dropbox/vk/file_151',151,'{\"owner\": \"Zoie Monahan\"}','2001-01-29 07:44:57','2020-01-06 11:05:05'),(716,1,438,'https://dropbox/vk/file_717788',717788,'{\"owner\": \"Augusta Bergnaum\"}','1979-02-08 08:56:39','2020-01-06 11:05:05'),(717,1,147,'https://dropbox/vk/file_20',20,'{\"owner\": \"Ali Von\"}','2019-09-17 04:26:55','2020-01-06 11:05:05'),(718,1,421,'https://dropbox/vk/file_570923291',570923291,'{\"owner\": \"Garland Gorczany\"}','1996-04-02 06:21:30','2020-01-06 11:05:05'),(719,1,161,'https://dropbox/vk/file_3',3,'{\"owner\": \"Everette O\'Conner\"}','1987-11-20 20:51:27','2020-01-06 11:05:05'),(720,1,44,'https://dropbox/vk/file_115242',115242,'{\"owner\": \"Amina Ernser\"}','2005-04-21 02:09:41','2020-01-06 11:05:05'),(721,3,238,'https://dropbox/vk/file_73060',73060,'{\"owner\": \"Aimee Harber\"}','1990-02-10 13:00:58','2020-01-06 11:05:05'),(722,1,55,'https://dropbox/vk/file_1795',1795,'{\"owner\": \"Sydnie Weber\"}','1991-05-30 02:14:36','2020-01-06 11:05:05'),(723,3,61,'https://dropbox/vk/file_0',0,'{\"owner\": \"Margarita Jakubowski\"}','2014-10-03 06:03:12','2020-01-06 11:05:05'),(724,2,138,'https://dropbox/vk/file_67',67,'{\"owner\": \"Dorothea Macejkovic\"}','1985-02-22 22:04:28','2020-01-06 11:05:05'),(725,2,9,'https://dropbox/vk/file_691663',691663,'{\"owner\": \"Tod Toy\"}','1979-01-02 14:05:43','2020-01-06 11:05:05'),(726,2,129,'https://dropbox/vk/file_666375',666375,'{\"owner\": \"Micaela Schuster\"}','1971-07-27 05:26:48','2020-01-06 11:05:05'),(727,3,119,'https://dropbox/vk/file_7322941',7322941,'{\"owner\": \"Florine Jones\"}','2000-09-24 15:19:03','2020-01-06 11:05:05'),(728,3,207,'https://dropbox/vk/file_4648',4648,'{\"owner\": \"Javier Blick\"}','1978-06-30 04:08:38','2020-01-06 11:05:05'),(729,1,176,'https://dropbox/vk/file_2477',2477,'{\"owner\": \"Spencer Hoppe\"}','2018-08-16 15:14:11','2020-01-06 11:05:05'),(730,2,260,'https://dropbox/vk/file_507604927',507604927,'{\"owner\": \"Alysha Larkin\"}','2010-09-26 17:12:37','2020-01-06 11:05:05'),(731,2,270,'https://dropbox/vk/file_294100447',294100447,'{\"owner\": \"Micheal Steuber\"}','1979-09-29 12:23:47','2020-01-06 11:05:05'),(732,1,71,'https://dropbox/vk/file_85864798',85864798,'{\"owner\": \"Greta Witting\"}','1973-01-28 10:09:11','2020-01-06 11:05:05'),(733,2,44,'https://dropbox/vk/file_424',424,'{\"owner\": \"Amina Ernser\"}','2011-07-12 02:50:16','2020-01-06 11:05:05'),(734,1,7,'https://dropbox/vk/file_47772650',47772650,'{\"owner\": \"Hayley Hickle\"}','1994-09-08 01:32:26','2020-01-06 11:05:05'),(735,3,402,'https://dropbox/vk/file_2984',2984,'{\"owner\": \"Sam Bahringer\"}','2014-04-11 13:59:09','2020-01-06 11:05:05'),(736,1,491,'https://dropbox/vk/file_7178170',7178170,'{\"owner\": \"Jaron Gibson\"}','1983-10-17 15:49:04','2020-01-06 11:05:05'),(737,3,245,'https://dropbox/vk/file_201702',201702,'{\"owner\": \"Salma Schuppe\"}','2001-08-03 07:10:21','2020-01-06 11:05:05'),(738,3,252,'https://dropbox/vk/file_165745002',165745002,'{\"owner\": \"Anastasia Gorczany\"}','1999-03-03 12:32:51','2020-01-06 11:05:05'),(739,3,23,'https://dropbox/vk/file_2768',2768,'{\"owner\": \"Marian Kling\"}','1972-05-20 00:46:41','2020-01-06 11:05:05'),(740,2,362,'https://dropbox/vk/file_910267',910267,'{\"owner\": \"Claudie Bailey\"}','1987-03-25 18:46:18','2020-01-06 11:05:05'),(741,3,237,'https://dropbox/vk/file_38625066',38625066,'{\"owner\": \"Adolfo Bartell\"}','1971-09-10 05:32:36','2020-01-06 11:05:05'),(742,1,101,'https://dropbox/vk/file_9622027',9622027,'{\"owner\": \"Karlee Wyman\"}','1989-01-26 21:55:15','2020-01-06 11:05:05'),(743,1,291,'https://dropbox/vk/file_2535',2535,'{\"owner\": \"Guy Bergnaum\"}','2007-04-23 20:02:03','2020-01-06 11:05:05'),(744,3,151,'https://dropbox/vk/file_9',9,'{\"owner\": \"Diamond Bahringer\"}','1978-12-13 10:06:40','2020-01-06 11:05:05'),(745,3,383,'https://dropbox/vk/file_89768054',89768054,'{\"owner\": \"Chase Hettinger\"}','1970-12-07 06:40:52','2020-01-06 11:05:05'),(746,2,461,'https://dropbox/vk/file_640288465',640288465,'{\"owner\": \"Kaylah Schroeder\"}','2010-09-25 12:36:43','2020-01-06 11:05:05'),(747,1,156,'https://dropbox/vk/file_225634410',225634410,'{\"owner\": \"Dave Schaefer\"}','1990-02-09 15:14:38','2020-01-06 11:05:05'),(748,1,397,'https://dropbox/vk/file_0',0,'{\"owner\": \"Carolyne Thiel\"}','2019-10-08 12:36:19','2020-01-06 11:05:05'),(749,3,17,'https://dropbox/vk/file_759437593',759437593,'{\"owner\": \"Neil Green\"}','2004-05-15 18:18:02','2020-01-06 11:05:05'),(750,3,394,'https://dropbox/vk/file_40',40,'{\"owner\": \"Robbie Doyle\"}','1993-10-04 23:03:14','2020-01-06 11:05:05'),(751,2,420,'https://dropbox/vk/file_855',855,'{\"owner\": \"Ernestina Towne\"}','2005-10-12 06:31:51','2020-01-06 11:05:05'),(752,1,415,'https://dropbox/vk/file_847',847,'{\"owner\": \"Kenny Hills\"}','1973-07-13 06:32:10','2020-01-06 11:05:05'),(753,3,315,'https://dropbox/vk/file_84838',84838,'{\"owner\": \"Raven Torp\"}','1995-01-19 12:26:39','2020-01-06 11:05:05'),(754,3,331,'https://dropbox/vk/file_906',906,'{\"owner\": \"Kaleb Stiedemann\"}','1996-10-12 21:36:50','2020-01-06 11:05:05'),(755,3,210,'https://dropbox/vk/file_0',0,'{\"owner\": \"Kaela Dibbert\"}','1974-11-10 09:17:26','2020-01-06 11:05:05'),(756,2,57,'https://dropbox/vk/file_87449',87449,'{\"owner\": \"Syble Schultz\"}','2003-01-10 01:49:11','2020-01-06 11:05:05'),(757,3,156,'https://dropbox/vk/file_5920',5920,'{\"owner\": \"Dave Schaefer\"}','1993-10-21 04:16:32','2020-01-06 11:05:05'),(758,1,105,'https://dropbox/vk/file_65252735',65252735,'{\"owner\": \"Sincere Kerluke\"}','2007-11-23 20:50:23','2020-01-06 11:05:05'),(759,1,56,'https://dropbox/vk/file_5031059',5031059,'{\"owner\": \"Hipolito Towne\"}','2010-01-20 15:25:34','2020-01-06 11:05:05'),(760,2,466,'https://dropbox/vk/file_0',0,'{\"owner\": \"Aracely Ondricka\"}','1985-09-30 07:18:23','2020-01-06 11:05:05'),(761,3,160,'https://dropbox/vk/file_3',3,'{\"owner\": \"Davion Littel\"}','1971-05-03 11:08:59','2020-01-06 11:05:05'),(762,3,404,'https://dropbox/vk/file_2258504',2258504,'{\"owner\": \"Estrella Simonis\"}','1985-01-26 19:22:24','2020-01-06 11:05:05'),(763,2,40,'https://dropbox/vk/file_92',92,'{\"owner\": \"Alexander Monahan\"}','2002-07-08 01:13:36','2020-01-06 11:05:05'),(764,2,486,'https://dropbox/vk/file_868',868,'{\"owner\": \"Jillian Bogan\"}','2019-02-05 00:53:17','2020-01-06 11:05:05'),(765,1,308,'https://dropbox/vk/file_6743931',6743931,'{\"owner\": \"Damien Klocko\"}','1989-08-22 03:38:20','2020-01-06 11:05:05'),(766,1,84,'https://dropbox/vk/file_488057',488057,'{\"owner\": \"Daphne Johnson\"}','2007-05-03 20:45:18','2020-01-06 11:05:05'),(767,2,495,'https://dropbox/vk/file_7498920',7498920,'{\"owner\": \"Damion Gusikowski\"}','1988-01-05 10:15:43','2020-01-06 11:05:05'),(768,3,224,'https://dropbox/vk/file_205',205,'{\"owner\": \"Mattie Reynolds\"}','2017-01-11 15:08:56','2020-01-06 11:05:05'),(769,2,132,'https://dropbox/vk/file_0',0,'{\"owner\": \"Magdalen Rutherford\"}','2000-06-16 14:47:09','2020-01-06 11:05:05'),(770,1,489,'https://dropbox/vk/file_6',6,'{\"owner\": \"Emmie Bednar\"}','2008-10-15 22:45:51','2020-01-06 11:05:05'),(771,3,48,'https://dropbox/vk/file_396',396,'{\"owner\": \"Ernest Kreiger\"}','1974-05-07 23:25:29','2020-01-06 11:05:05'),(772,2,274,'https://dropbox/vk/file_117858',117858,'{\"owner\": \"Carlotta Dietrich\"}','1973-04-18 01:42:32','2020-01-06 11:05:05'),(773,3,225,'https://dropbox/vk/file_283188343',283188343,'{\"owner\": \"Elmore Wolf\"}','1978-01-18 05:17:19','2020-01-06 11:05:05'),(774,2,303,'https://dropbox/vk/file_569',569,'{\"owner\": \"Reyna Boehm\"}','2012-11-26 09:20:35','2020-01-06 11:05:05'),(775,2,337,'https://dropbox/vk/file_56315661',56315661,'{\"owner\": \"Francisca VonRueden\"}','2012-11-19 07:40:24','2020-01-06 11:05:05'),(776,1,279,'https://dropbox/vk/file_647970',647970,'{\"owner\": \"Cecil Braun\"}','1985-11-18 11:57:44','2020-01-06 11:05:05'),(777,1,382,'https://dropbox/vk/file_501',501,'{\"owner\": \"Cullen Littel\"}','1979-12-16 20:00:12','2020-01-06 11:05:05'),(778,3,71,'https://dropbox/vk/file_84418086',84418086,'{\"owner\": \"Greta Witting\"}','1977-11-08 20:26:05','2020-01-06 11:05:05'),(779,3,210,'https://dropbox/vk/file_2066',2066,'{\"owner\": \"Kaela Dibbert\"}','1980-01-07 16:42:26','2020-01-06 11:05:05'),(780,2,335,'https://dropbox/vk/file_80751592',80751592,'{\"owner\": \"Zackery Renner\"}','2009-06-26 05:49:57','2020-01-06 11:05:05'),(781,1,44,'https://dropbox/vk/file_769993919',769993919,'{\"owner\": \"Amina Ernser\"}','1998-12-11 21:55:45','2020-01-06 11:05:05'),(782,1,214,'https://dropbox/vk/file_7',7,'{\"owner\": \"Angelica Anderson\"}','2015-01-07 17:38:04','2020-01-06 11:05:05'),(783,2,438,'https://dropbox/vk/file_0',0,'{\"owner\": \"Augusta Bergnaum\"}','1970-11-24 13:04:49','2020-01-06 11:05:05'),(784,1,49,'https://dropbox/vk/file_443',443,'{\"owner\": \"Brandi Dibbert\"}','1977-08-02 10:24:27','2020-01-06 11:05:05'),(785,3,431,'https://dropbox/vk/file_485155',485155,'{\"owner\": \"Kane Smith\"}','1976-11-05 09:05:52','2020-01-06 11:05:05'),(786,2,5,'https://dropbox/vk/file_32',32,'{\"owner\": \"Jed Ratke\"}','2011-01-11 11:08:51','2020-01-06 11:05:05'),(787,2,232,'https://dropbox/vk/file_585920659',585920659,'{\"owner\": \"Sierra Nicolas\"}','2007-05-29 00:09:06','2020-01-06 11:05:05'),(788,3,147,'https://dropbox/vk/file_37',37,'{\"owner\": \"Ali Von\"}','2001-07-14 00:30:34','2020-01-06 11:05:05'),(789,1,37,'https://dropbox/vk/file_378',378,'{\"owner\": \"Eudora Hessel\"}','1976-10-25 14:46:45','2020-01-06 11:05:05'),(790,1,242,'https://dropbox/vk/file_69487608',69487608,'{\"owner\": \"Kathleen Wintheiser\"}','1982-07-21 20:40:33','2020-01-06 11:05:05'),(791,1,98,'https://dropbox/vk/file_8713851',8713851,'{\"owner\": \"Friedrich O\'Kon\"}','1977-08-10 23:25:07','2020-01-06 11:05:05'),(792,1,265,'https://dropbox/vk/file_6303037',6303037,'{\"owner\": \"Cleveland Streich\"}','2005-01-25 22:52:07','2020-01-06 11:05:05'),(793,3,29,'https://dropbox/vk/file_164',164,'{\"owner\": \"Jolie Kunde\"}','2018-04-04 07:59:28','2020-01-06 11:05:05'),(794,3,352,'https://dropbox/vk/file_8629409',8629409,'{\"owner\": \"Camden Halvorson\"}','2005-02-12 02:31:10','2020-01-06 11:05:05'),(795,3,173,'https://dropbox/vk/file_770480',770480,'{\"owner\": \"Gia Simonis\"}','1970-06-26 01:09:26','2020-01-06 11:05:05'),(796,3,307,'https://dropbox/vk/file_2',2,'{\"owner\": \"Jessyca Fahey\"}','1974-05-23 21:47:24','2020-01-06 11:05:05'),(797,1,16,'https://dropbox/vk/file_437',437,'{\"owner\": \"Neoma Rippin\"}','1971-08-06 21:56:35','2020-01-06 11:05:05'),(798,1,157,'https://dropbox/vk/file_27',27,'{\"owner\": \"Selina Stamm\"}','2019-08-19 17:03:47','2020-01-06 11:05:05'),(799,1,236,'https://dropbox/vk/file_9',9,'{\"owner\": \"Lonie O\'Reilly\"}','1998-11-05 08:36:49','2020-01-06 11:05:05'),(800,3,209,'https://dropbox/vk/file_586',586,'{\"owner\": \"Thora Morar\"}','1995-07-07 18:43:50','2020-01-06 11:05:05'),(801,3,338,'https://dropbox/vk/file_200412',200412,'{\"owner\": \"Melvina Labadie\"}','1993-02-02 16:57:27','2020-01-06 11:05:05'),(802,3,63,'https://dropbox/vk/file_7',7,'{\"owner\": \"Brigitte Halvorson\"}','1990-03-15 07:19:23','2020-01-06 11:05:05'),(803,2,302,'https://dropbox/vk/file_55120468',55120468,'{\"owner\": \"Mylene Zemlak\"}','1970-04-08 19:25:39','2020-01-06 11:05:05'),(804,3,317,'https://dropbox/vk/file_6',6,'{\"owner\": \"Zelma Smith\"}','1970-07-29 09:31:38','2020-01-06 11:05:05'),(805,2,179,'https://dropbox/vk/file_7',7,'{\"owner\": \"Monroe Fadel\"}','2001-02-25 03:56:25','2020-01-06 11:05:05'),(806,2,443,'https://dropbox/vk/file_162846056',162846056,'{\"owner\": \"Braden Abbott\"}','1984-08-27 21:26:20','2020-01-06 11:05:05'),(807,3,177,'https://dropbox/vk/file_97',97,'{\"owner\": \"Ayana Walsh\"}','2018-11-15 04:03:14','2020-01-06 11:05:05'),(808,1,58,'https://dropbox/vk/file_42528',42528,'{\"owner\": \"Judge Sipes\"}','2002-12-20 00:04:57','2020-01-06 11:05:05'),(809,1,255,'https://dropbox/vk/file_0',0,'{\"owner\": \"Emery Breitenberg\"}','1972-01-14 18:34:40','2020-01-06 11:05:05'),(810,2,103,'https://dropbox/vk/file_3347',3347,'{\"owner\": \"Ryley Crona\"}','1985-05-24 04:46:08','2020-01-06 11:05:05'),(811,3,250,'https://dropbox/vk/file_9982',9982,'{\"owner\": \"Matt Farrell\"}','1992-04-17 19:45:20','2020-01-06 11:05:05'),(812,3,442,'https://dropbox/vk/file_642869920',642869920,'{\"owner\": \"Percival Vandervort\"}','1993-06-15 00:29:54','2020-01-06 11:05:05'),(813,1,456,'https://dropbox/vk/file_71424982',71424982,'{\"owner\": \"Terrance DuBuque\"}','1984-07-26 17:50:37','2020-01-06 11:05:05'),(814,2,456,'https://dropbox/vk/file_344844',344844,'{\"owner\": \"Terrance DuBuque\"}','1984-05-17 05:17:05','2020-01-06 11:05:05'),(815,2,409,'https://dropbox/vk/file_455',455,'{\"owner\": \"Tressa Hyatt\"}','2013-07-24 16:16:01','2020-01-06 11:05:05'),(816,1,176,'https://dropbox/vk/file_7',7,'{\"owner\": \"Spencer Hoppe\"}','2015-01-15 13:09:52','2020-01-06 11:05:05'),(817,3,154,'https://dropbox/vk/file_9196265',9196265,'{\"owner\": \"Camron Lehner\"}','2010-09-17 15:12:26','2020-01-06 11:05:05'),(818,1,241,'https://dropbox/vk/file_236',236,'{\"owner\": \"Candido Yost\"}','2003-09-12 12:30:05','2020-01-06 11:05:05'),(819,2,244,'https://dropbox/vk/file_93008',93008,'{\"owner\": \"Walton Carter\"}','2017-08-10 21:06:07','2020-01-06 11:05:05'),(820,1,494,'https://dropbox/vk/file_12',12,'{\"owner\": \"Marcelino Macejkovic\"}','2004-03-28 20:57:11','2020-01-06 11:05:05'),(821,2,238,'https://dropbox/vk/file_0',0,'{\"owner\": \"Aimee Harber\"}','2003-02-15 17:22:40','2020-01-06 11:05:05'),(822,2,210,'https://dropbox/vk/file_14259944',14259944,'{\"owner\": \"Kaela Dibbert\"}','1998-12-29 11:57:09','2020-01-06 11:05:05'),(823,1,333,'https://dropbox/vk/file_23477',23477,'{\"owner\": \"Tracy Borer\"}','1988-01-11 17:34:18','2020-01-06 11:05:05'),(824,3,35,'https://dropbox/vk/file_0',0,'{\"owner\": \"Karli Gerlach\"}','1998-03-19 21:08:13','2020-01-06 11:05:05'),(825,1,177,'https://dropbox/vk/file_17',17,'{\"owner\": \"Ayana Walsh\"}','1970-12-23 20:42:32','2020-01-06 11:05:05'),(826,3,279,'https://dropbox/vk/file_5012',5012,'{\"owner\": \"Cecil Braun\"}','1995-10-28 10:19:25','2020-01-06 11:05:05'),(827,3,363,'https://dropbox/vk/file_39',39,'{\"owner\": \"Novella Pacocha\"}','1975-03-14 21:41:38','2020-01-06 11:05:05'),(828,3,477,'https://dropbox/vk/file_664',664,'{\"owner\": \"Krystal Hilpert\"}','1988-11-11 06:21:10','2020-01-06 11:05:05'),(829,3,295,'https://dropbox/vk/file_0',0,'{\"owner\": \"Cyrus Hegmann\"}','1979-03-26 06:41:52','2020-01-06 11:05:05'),(830,2,43,'https://dropbox/vk/file_6001415',6001415,'{\"owner\": \"Bernard Price\"}','1980-10-13 02:02:57','2020-01-06 11:05:05'),(831,1,328,'https://dropbox/vk/file_34100',34100,'{\"owner\": \"Katlyn Cassin\"}','2016-09-08 03:28:22','2020-01-06 11:05:05'),(832,3,14,'https://dropbox/vk/file_84',84,'{\"owner\": \"Adrienne Hessel\"}','1987-01-28 09:18:19','2020-01-06 11:05:05'),(833,1,84,'https://dropbox/vk/file_5496',5496,'{\"owner\": \"Daphne Johnson\"}','1988-12-06 10:01:42','2020-01-06 11:05:05'),(834,1,378,'https://dropbox/vk/file_5927',5927,'{\"owner\": \"Julio Schiller\"}','2014-09-09 07:36:31','2020-01-06 11:05:05'),(835,1,135,'https://dropbox/vk/file_47504572',47504572,'{\"owner\": \"Harley Herman\"}','2009-05-14 19:14:08','2020-01-06 11:05:05'),(836,1,44,'https://dropbox/vk/file_7',7,'{\"owner\": \"Amina Ernser\"}','1982-12-09 22:16:37','2020-01-06 11:05:05'),(837,2,313,'https://dropbox/vk/file_4',4,'{\"owner\": \"Adolph Hauck\"}','1979-10-06 07:14:55','2020-01-06 11:05:05'),(838,3,434,'https://dropbox/vk/file_198',198,'{\"owner\": \"Olga Christiansen\"}','1998-06-04 16:27:58','2020-01-06 11:05:05'),(839,3,228,'https://dropbox/vk/file_931',931,'{\"owner\": \"Tom Kassulke\"}','1979-10-31 06:41:53','2020-01-06 11:05:05'),(840,2,338,'https://dropbox/vk/file_933',933,'{\"owner\": \"Melvina Labadie\"}','2004-11-05 14:28:41','2020-01-06 11:05:05'),(841,1,4,'https://dropbox/vk/file_31074834',31074834,'{\"owner\": \"Lavern Wyman\"}','2006-06-01 09:55:02','2020-01-06 11:05:05'),(842,3,7,'https://dropbox/vk/file_0',0,'{\"owner\": \"Hayley Hickle\"}','2012-03-31 01:52:56','2020-01-06 11:05:05'),(843,1,21,'https://dropbox/vk/file_4',4,'{\"owner\": \"Hunter Goyette\"}','1982-07-25 07:11:57','2020-01-06 11:05:05'),(844,2,86,'https://dropbox/vk/file_0',0,'{\"owner\": \"Gaston Bogisich\"}','2013-09-07 16:00:34','2020-01-06 11:05:05'),(845,1,366,'https://dropbox/vk/file_24945',24945,'{\"owner\": \"Ella Hirthe\"}','2014-10-10 11:37:19','2020-01-06 11:05:05'),(846,3,70,'https://dropbox/vk/file_620',620,'{\"owner\": \"Dell Nienow\"}','1974-06-03 00:02:32','2020-01-06 11:05:05'),(847,2,253,'https://dropbox/vk/file_2986685',2986685,'{\"owner\": \"Jermain Keeling\"}','1978-03-07 23:20:38','2020-01-06 11:05:05'),(848,3,54,'https://dropbox/vk/file_7149332',7149332,'{\"owner\": \"Vaughn Macejkovic\"}','1974-09-14 03:09:10','2020-01-06 11:05:05'),(849,2,9,'https://dropbox/vk/file_2',2,'{\"owner\": \"Tod Toy\"}','1971-03-25 10:39:36','2020-01-06 11:05:05'),(850,3,386,'https://dropbox/vk/file_249',249,'{\"owner\": \"Ana Kautzer\"}','2005-03-07 03:56:17','2020-01-06 11:05:05'),(851,1,399,'https://dropbox/vk/file_31',31,'{\"owner\": \"Marcia Smith\"}','2006-04-01 07:44:53','2020-01-06 11:05:05'),(852,2,336,'https://dropbox/vk/file_3',3,'{\"owner\": \"Matt Graham\"}','1990-03-27 03:38:41','2020-01-06 11:05:05'),(853,2,485,'https://dropbox/vk/file_63183',63183,'{\"owner\": \"Johann Lueilwitz\"}','1976-05-23 13:26:46','2020-01-06 11:05:05'),(854,1,414,'https://dropbox/vk/file_7329290',7329290,'{\"owner\": \"Foster King\"}','1981-01-21 12:07:50','2020-01-06 11:05:05'),(855,1,115,'https://dropbox/vk/file_488',488,'{\"owner\": \"Aliya Murazik\"}','1989-02-20 15:44:21','2020-01-06 11:05:05'),(856,1,333,'https://dropbox/vk/file_78726197',78726197,'{\"owner\": \"Tracy Borer\"}','2004-01-23 14:16:55','2020-01-06 11:05:05'),(857,1,321,'https://dropbox/vk/file_497696972',497696972,'{\"owner\": \"Beau Will\"}','1980-02-03 10:14:29','2020-01-06 11:05:05'),(858,1,106,'https://dropbox/vk/file_0',0,'{\"owner\": \"Tristian Glover\"}','2003-02-12 08:19:18','2020-01-06 11:05:05'),(859,1,66,'https://dropbox/vk/file_820',820,'{\"owner\": \"Alize Cruickshank\"}','2000-07-22 03:35:28','2020-01-06 11:05:05'),(860,3,9,'https://dropbox/vk/file_0',0,'{\"owner\": \"Tod Toy\"}','2008-12-22 16:00:28','2020-01-06 11:05:05'),(861,1,348,'https://dropbox/vk/file_69232235',69232235,'{\"owner\": \"Alice Jones\"}','1980-03-19 03:09:52','2020-01-06 11:05:05'),(862,3,213,'https://dropbox/vk/file_52143',52143,'{\"owner\": \"Krystal Crona\"}','2011-12-18 06:34:49','2020-01-06 11:05:05'),(863,1,20,'https://dropbox/vk/file_4390',4390,'{\"owner\": \"Nat Barrows\"}','2012-05-30 12:00:07','2020-01-06 11:05:05'),(864,2,461,'https://dropbox/vk/file_8844319',8844319,'{\"owner\": \"Kaylah Schroeder\"}','1976-09-29 12:34:27','2020-01-06 11:05:05'),(865,2,244,'https://dropbox/vk/file_7025623',7025623,'{\"owner\": \"Walton Carter\"}','2019-10-14 10:21:57','2020-01-06 11:05:05'),(866,1,336,'https://dropbox/vk/file_8411325',8411325,'{\"owner\": \"Matt Graham\"}','2002-01-06 14:16:53','2020-01-06 11:05:05'),(867,3,448,'https://dropbox/vk/file_6',6,'{\"owner\": \"Hoyt Kunde\"}','1971-07-17 14:57:05','2020-01-06 11:05:05'),(868,1,231,'https://dropbox/vk/file_85740',85740,'{\"owner\": \"Micheal Kemmer\"}','1997-09-05 10:10:57','2020-01-06 11:05:05'),(869,2,313,'https://dropbox/vk/file_92911048',92911048,'{\"owner\": \"Adolph Hauck\"}','2019-04-03 22:18:01','2020-01-06 11:05:05'),(870,1,370,'https://dropbox/vk/file_1',1,'{\"owner\": \"Roselyn Champlin\"}','1978-10-14 04:55:03','2020-01-06 11:05:05'),(871,2,409,'https://dropbox/vk/file_557157584',557157584,'{\"owner\": \"Tressa Hyatt\"}','1985-12-24 20:57:37','2020-01-06 11:05:05'),(872,1,436,'https://dropbox/vk/file_0',0,'{\"owner\": \"Shad Harvey\"}','2008-09-30 14:16:58','2020-01-06 11:05:05'),(873,3,451,'https://dropbox/vk/file_522786356',522786356,'{\"owner\": \"Domenick Jakubowski\"}','1983-11-01 03:29:52','2020-01-06 11:05:05'),(874,1,446,'https://dropbox/vk/file_80',80,'{\"owner\": \"Ariane Schroeder\"}','1997-07-18 23:18:20','2020-01-06 11:05:05'),(875,1,378,'https://dropbox/vk/file_95541',95541,'{\"owner\": \"Julio Schiller\"}','1995-05-19 09:47:02','2020-01-06 11:05:05'),(876,1,52,'https://dropbox/vk/file_9702405',9702405,'{\"owner\": \"Laisha Rutherford\"}','1979-08-01 06:16:51','2020-01-06 11:05:05'),(877,3,127,'https://dropbox/vk/file_0',0,'{\"owner\": \"Meggie Torp\"}','1983-07-10 08:12:34','2020-01-06 11:05:05'),(878,3,477,'https://dropbox/vk/file_0',0,'{\"owner\": \"Krystal Hilpert\"}','1978-07-07 07:20:20','2020-01-06 11:05:05'),(879,2,2,'https://dropbox/vk/file_793',793,'{\"owner\": \"Miracle Nikolaus\"}','1985-02-22 05:39:53','2020-01-06 11:05:05'),(880,3,81,'https://dropbox/vk/file_17',17,'{\"owner\": \"Anna Bartell\"}','2002-06-02 22:12:09','2020-01-06 11:05:05'),(881,2,397,'https://dropbox/vk/file_4',4,'{\"owner\": \"Carolyne Thiel\"}','1985-02-22 11:08:29','2020-01-06 11:05:05'),(882,3,242,'https://dropbox/vk/file_7257',7257,'{\"owner\": \"Kathleen Wintheiser\"}','2009-03-21 11:31:08','2020-01-06 11:05:05'),(883,2,17,'https://dropbox/vk/file_4676',4676,'{\"owner\": \"Neil Green\"}','2015-09-16 16:21:09','2020-01-06 11:05:05'),(884,1,361,'https://dropbox/vk/file_566587515',566587515,'{\"owner\": \"Kamron Moore\"}','1975-09-26 11:03:35','2020-01-06 11:05:05'),(885,1,254,'https://dropbox/vk/file_1615',1615,'{\"owner\": \"Tyrel Volkman\"}','2014-01-02 03:29:42','2020-01-06 11:05:05'),(886,1,185,'https://dropbox/vk/file_275411',275411,'{\"owner\": \"Boyd Gorczany\"}','2013-02-06 14:22:38','2020-01-06 11:05:05'),(887,3,162,'https://dropbox/vk/file_5',5,'{\"owner\": \"Ambrose Koch\"}','1989-11-21 15:30:59','2020-01-06 11:05:05'),(888,1,255,'https://dropbox/vk/file_7154',7154,'{\"owner\": \"Emery Breitenberg\"}','1998-07-01 18:37:03','2020-01-06 11:05:05'),(889,3,290,'https://dropbox/vk/file_9219',9219,'{\"owner\": \"Mike Rath\"}','1975-07-16 04:41:27','2020-01-06 11:05:05'),(890,3,184,'https://dropbox/vk/file_97',97,'{\"owner\": \"Zita Shields\"}','1984-04-08 16:19:51','2020-01-06 11:05:05'),(891,3,49,'https://dropbox/vk/file_56349',56349,'{\"owner\": \"Brandi Dibbert\"}','1994-09-28 06:26:04','2020-01-06 11:05:05'),(892,3,191,'https://dropbox/vk/file_4',4,'{\"owner\": \"Gardner O\'Connell\"}','1991-02-26 06:34:12','2020-01-06 11:05:05'),(893,3,307,'https://dropbox/vk/file_411674',411674,'{\"owner\": \"Jessyca Fahey\"}','1972-03-01 14:01:14','2020-01-06 11:05:05'),(894,2,464,'https://dropbox/vk/file_4294',4294,'{\"owner\": \"Thora Sipes\"}','1976-06-19 06:45:57','2020-01-06 11:05:05'),(895,2,399,'https://dropbox/vk/file_218278',218278,'{\"owner\": \"Marcia Smith\"}','1985-10-17 12:29:56','2020-01-06 11:05:05'),(896,1,101,'https://dropbox/vk/file_65425508',65425508,'{\"owner\": \"Karlee Wyman\"}','1976-03-25 18:13:40','2020-01-06 11:05:05'),(897,3,308,'https://dropbox/vk/file_2',2,'{\"owner\": \"Damien Klocko\"}','2008-04-19 23:38:26','2020-01-06 11:05:05'),(898,3,235,'https://dropbox/vk/file_9951162',9951162,'{\"owner\": \"Armand Johnston\"}','2006-11-04 04:25:38','2020-01-06 11:05:05'),(899,1,253,'https://dropbox/vk/file_9676091',9676091,'{\"owner\": \"Jermain Keeling\"}','1980-02-29 04:05:09','2020-01-06 11:05:05'),(900,1,58,'https://dropbox/vk/file_18',18,'{\"owner\": \"Judge Sipes\"}','1982-12-03 17:09:59','2020-01-06 11:05:05'),(901,2,32,'https://dropbox/vk/file_42',42,'{\"owner\": \"Santino Cassin\"}','1999-04-23 13:28:29','2020-01-06 11:05:05'),(902,1,484,'https://dropbox/vk/file_66807',66807,'{\"owner\": \"Kadin Macejkovic\"}','2015-10-31 12:05:00','2020-01-06 11:05:05'),(903,2,322,'https://dropbox/vk/file_8396825',8396825,'{\"owner\": \"Estevan Funk\"}','1979-08-30 15:40:43','2020-01-06 11:05:05'),(904,3,161,'https://dropbox/vk/file_320',320,'{\"owner\": \"Everette O\'Conner\"}','1973-12-12 12:54:05','2020-01-06 11:05:05'),(905,1,336,'https://dropbox/vk/file_85119406',85119406,'{\"owner\": \"Matt Graham\"}','2016-10-16 22:51:33','2020-01-06 11:05:05'),(906,1,199,'https://dropbox/vk/file_77',77,'{\"owner\": \"Jean Spinka\"}','1982-09-23 12:47:40','2020-01-06 11:05:05'),(907,3,486,'https://dropbox/vk/file_31054369',31054369,'{\"owner\": \"Jillian Bogan\"}','1997-06-30 09:58:13','2020-01-06 11:05:05'),(908,2,332,'https://dropbox/vk/file_153905',153905,'{\"owner\": \"Christy Purdy\"}','1999-07-23 22:37:03','2020-01-06 11:05:05'),(909,2,200,'https://dropbox/vk/file_14884440',14884440,'{\"owner\": \"Helene O\'Kon\"}','1978-12-07 23:52:19','2020-01-06 11:05:05'),(910,2,5,'https://dropbox/vk/file_6272911',6272911,'{\"owner\": \"Jed Ratke\"}','2004-08-04 12:22:37','2020-01-06 11:05:05'),(911,1,426,'https://dropbox/vk/file_15',15,'{\"owner\": \"Luciano Baumbach\"}','1990-12-19 20:28:58','2020-01-06 11:05:05'),(912,2,112,'https://dropbox/vk/file_0',0,'{\"owner\": \"Margarette Reinger\"}','2005-01-11 16:34:13','2020-01-06 11:05:05'),(913,3,281,'https://dropbox/vk/file_7993371',7993371,'{\"owner\": \"Keira Greenholt\"}','2005-11-04 08:07:51','2020-01-06 11:05:05'),(914,1,71,'https://dropbox/vk/file_0',0,'{\"owner\": \"Greta Witting\"}','2005-06-26 14:07:05','2020-01-06 11:05:05'),(915,3,10,'https://dropbox/vk/file_6069278',6069278,'{\"owner\": \"Kailey Nikolaus\"}','2000-06-07 08:16:01','2020-01-06 11:05:05'),(916,2,335,'https://dropbox/vk/file_2892',2892,'{\"owner\": \"Zackery Renner\"}','2016-07-31 05:00:05','2020-01-06 11:05:05'),(917,1,147,'https://dropbox/vk/file_0',0,'{\"owner\": \"Ali Von\"}','1989-05-08 09:06:00','2020-01-06 11:05:05'),(918,3,229,'https://dropbox/vk/file_12408',12408,'{\"owner\": \"Darryl Hane\"}','2009-06-24 05:27:40','2020-01-06 11:05:05'),(919,3,205,'https://dropbox/vk/file_990575',990575,'{\"owner\": \"Helene Spinka\"}','2016-04-18 00:15:18','2020-01-06 11:05:05'),(920,3,335,'https://dropbox/vk/file_676386',676386,'{\"owner\": \"Zackery Renner\"}','2002-03-03 15:00:59','2020-01-06 11:05:05'),(921,1,61,'https://dropbox/vk/file_0',0,'{\"owner\": \"Margarita Jakubowski\"}','1993-01-05 05:35:47','2020-01-06 11:05:05'),(922,2,301,'https://dropbox/vk/file_0',0,'{\"owner\": \"Jasmin Reynolds\"}','1976-11-23 11:23:15','2020-01-06 11:05:05'),(923,1,318,'https://dropbox/vk/file_1459810',1459810,'{\"owner\": \"Arvel Brakus\"}','1977-12-16 06:36:44','2020-01-06 11:05:05'),(924,3,189,'https://dropbox/vk/file_0',0,'{\"owner\": \"Libby Franecki\"}','2012-06-06 16:20:57','2020-01-06 11:05:05'),(925,3,488,'https://dropbox/vk/file_8183',8183,'{\"owner\": \"Layne Kirlin\"}','2018-07-10 03:41:10','2020-01-06 11:05:05'),(926,3,375,'https://dropbox/vk/file_19933009',19933009,'{\"owner\": \"Estevan Fisher\"}','1995-02-10 21:19:36','2020-01-06 11:05:05'),(927,1,409,'https://dropbox/vk/file_2814044',2814044,'{\"owner\": \"Tressa Hyatt\"}','2007-07-16 21:32:07','2020-01-06 11:05:05'),(928,1,420,'https://dropbox/vk/file_117666160',117666160,'{\"owner\": \"Ernestina Towne\"}','1973-07-15 18:23:17','2020-01-06 11:05:05'),(929,1,371,'https://dropbox/vk/file_92',92,'{\"owner\": \"Domingo Cremin\"}','1983-10-06 07:44:35','2020-01-06 11:05:05'),(930,2,96,'https://dropbox/vk/file_300633945',300633945,'{\"owner\": \"Helga Bechtelar\"}','1985-06-17 03:57:52','2020-01-06 11:05:05'),(931,3,365,'https://dropbox/vk/file_6',6,'{\"owner\": \"Stacey Grimes\"}','1972-12-13 16:11:39','2020-01-06 11:05:05'),(932,3,36,'https://dropbox/vk/file_0',0,'{\"owner\": \"Orlo Feest\"}','1991-10-09 03:26:43','2020-01-06 11:05:05'),(933,2,85,'https://dropbox/vk/file_0',0,'{\"owner\": \"Katheryn Schmidt\"}','2019-04-26 13:31:56','2020-01-06 11:05:05'),(934,1,316,'https://dropbox/vk/file_0',0,'{\"owner\": \"Luella Lowe\"}','1997-02-05 09:43:16','2020-01-06 11:05:05'),(935,3,324,'https://dropbox/vk/file_302',302,'{\"owner\": \"Beth Pollich\"}','2000-12-17 18:22:32','2020-01-06 11:05:05'),(936,3,172,'https://dropbox/vk/file_75141',75141,'{\"owner\": \"Dewitt Brown\"}','1970-11-14 16:12:33','2020-01-06 11:05:05'),(937,3,387,'https://dropbox/vk/file_580113',580113,'{\"owner\": \"Angus Rosenbaum\"}','1996-02-03 11:02:31','2020-01-06 11:05:05'),(938,2,418,'https://dropbox/vk/file_20',20,'{\"owner\": \"Boyd Monahan\"}','2019-08-11 04:27:09','2020-01-06 11:05:05'),(939,2,430,'https://dropbox/vk/file_483488',483488,'{\"owner\": \"Alec Cummerata\"}','1988-07-30 12:06:46','2020-01-06 11:05:05'),(940,1,394,'https://dropbox/vk/file_19',19,'{\"owner\": \"Robbie Doyle\"}','2011-03-18 23:51:45','2020-01-06 11:05:05'),(941,3,182,'https://dropbox/vk/file_384348',384348,'{\"owner\": \"Grace Hauck\"}','1982-08-22 19:53:39','2020-01-06 11:05:05'),(942,3,227,'https://dropbox/vk/file_5770',5770,'{\"owner\": \"Adriel McClure\"}','2004-02-04 17:14:11','2020-01-06 11:05:05'),(943,1,87,'https://dropbox/vk/file_96',96,'{\"owner\": \"Missouri Mertz\"}','1997-12-26 00:02:35','2020-01-06 11:05:05'),(944,3,254,'https://dropbox/vk/file_7',7,'{\"owner\": \"Tyrel Volkman\"}','1987-10-21 22:23:18','2020-01-06 11:05:05'),(945,1,9,'https://dropbox/vk/file_49464575',49464575,'{\"owner\": \"Tod Toy\"}','1985-12-19 03:02:43','2020-01-06 11:05:05'),(946,2,280,'https://dropbox/vk/file_23465',23465,'{\"owner\": \"Jermaine Corwin\"}','2010-08-19 15:37:04','2020-01-06 11:05:05'),(947,1,375,'https://dropbox/vk/file_7955',7955,'{\"owner\": \"Estevan Fisher\"}','1996-01-26 02:34:10','2020-01-06 11:05:05'),(948,1,33,'https://dropbox/vk/file_6',6,'{\"owner\": \"Durward Schroeder\"}','1998-08-18 12:07:12','2020-01-06 11:05:05'),(949,1,39,'https://dropbox/vk/file_40220308',40220308,'{\"owner\": \"Kellen Wuckert\"}','1970-06-02 13:42:04','2020-01-06 11:05:05'),(950,1,97,'https://dropbox/vk/file_876',876,'{\"owner\": \"David Marquardt\"}','2007-02-21 10:25:05','2020-01-06 11:05:05'),(951,1,366,'https://dropbox/vk/file_51831',51831,'{\"owner\": \"Ella Hirthe\"}','2005-04-07 17:40:54','2020-01-06 11:05:05'),(952,1,38,'https://dropbox/vk/file_4358',4358,'{\"owner\": \"Fletcher Rice\"}','1975-12-09 23:13:26','2020-01-06 11:05:05'),(953,1,92,'https://dropbox/vk/file_8993645',8993645,'{\"owner\": \"Owen Goldner\"}','1982-05-16 06:09:40','2020-01-06 11:05:05'),(954,1,346,'https://dropbox/vk/file_3044',3044,'{\"owner\": \"Tyrell Schmidt\"}','1997-07-23 21:20:25','2020-01-06 11:05:05'),(955,3,452,'https://dropbox/vk/file_366',366,'{\"owner\": \"Werner Veum\"}','1990-12-06 15:06:58','2020-01-06 11:05:05'),(956,2,221,'https://dropbox/vk/file_6214044',6214044,'{\"owner\": \"Chanel Franecki\"}','1984-08-03 14:47:17','2020-01-06 11:05:05'),(957,1,248,'https://dropbox/vk/file_3693621',3693621,'{\"owner\": \"Earlene Sauer\"}','1991-10-28 23:25:55','2020-01-06 11:05:05'),(958,1,77,'https://dropbox/vk/file_81611030',81611030,'{\"owner\": \"Cyril Hermiston\"}','2000-11-13 00:17:11','2020-01-06 11:05:05'),(959,1,140,'https://dropbox/vk/file_571768',571768,'{\"owner\": \"Santa Marks\"}','2017-06-29 18:55:14','2020-01-06 11:05:05'),(960,3,468,'https://dropbox/vk/file_718',718,'{\"owner\": \"Maude Barrows\"}','1996-12-20 02:37:38','2020-01-06 11:05:05'),(961,2,422,'https://dropbox/vk/file_4',4,'{\"owner\": \"Alfredo Koch\"}','2007-09-21 02:28:10','2020-01-06 11:05:05'),(962,2,205,'https://dropbox/vk/file_97774',97774,'{\"owner\": \"Helene Spinka\"}','1988-02-20 13:09:45','2020-01-06 11:05:05'),(963,3,259,'https://dropbox/vk/file_0',0,'{\"owner\": \"Esmeralda Cassin\"}','1986-12-01 20:52:52','2020-01-06 11:05:05'),(964,2,179,'https://dropbox/vk/file_2653448',2653448,'{\"owner\": \"Monroe Fadel\"}','2003-08-23 00:22:06','2020-01-06 11:05:05'),(965,2,118,'https://dropbox/vk/file_148252',148252,'{\"owner\": \"Eudora Hintz\"}','1988-01-22 13:28:04','2020-01-06 11:05:05'),(966,2,51,'https://dropbox/vk/file_564952241',564952241,'{\"owner\": \"Janie Purdy\"}','1979-06-21 03:24:10','2020-01-06 11:05:05'),(967,3,399,'https://dropbox/vk/file_80',80,'{\"owner\": \"Marcia Smith\"}','1990-07-31 21:26:57','2020-01-06 11:05:05'),(968,3,344,'https://dropbox/vk/file_74364731',74364731,'{\"owner\": \"Cary Schimmel\"}','1999-09-03 10:16:50','2020-01-06 11:05:05'),(969,1,23,'https://dropbox/vk/file_80',80,'{\"owner\": \"Marian Kling\"}','2013-01-21 04:53:41','2020-01-06 11:05:05'),(970,1,82,'https://dropbox/vk/file_0',0,'{\"owner\": \"Melvin Shields\"}','2012-10-09 15:00:15','2020-01-06 11:05:05'),(971,2,339,'https://dropbox/vk/file_42217787',42217787,'{\"owner\": \"Yoshiko Stokes\"}','2017-09-05 16:23:29','2020-01-06 11:05:05'),(972,1,450,'https://dropbox/vk/file_24377942',24377942,'{\"owner\": \"Winfield Ankunding\"}','1990-12-06 15:43:15','2020-01-06 11:05:05'),(973,3,234,'https://dropbox/vk/file_37',37,'{\"owner\": \"Lela Schmeler\"}','1995-11-28 00:05:57','2020-01-06 11:05:05'),(974,2,317,'https://dropbox/vk/file_72051',72051,'{\"owner\": \"Zelma Smith\"}','2013-02-07 03:12:24','2020-01-06 11:05:05'),(975,1,383,'https://dropbox/vk/file_2',2,'{\"owner\": \"Chase Hettinger\"}','1975-09-22 12:04:19','2020-01-06 11:05:05'),(976,3,462,'https://dropbox/vk/file_89933',89933,'{\"owner\": \"Minerva Ortiz\"}','2014-06-20 05:20:19','2020-01-06 11:05:05'),(977,3,161,'https://dropbox/vk/file_91003',91003,'{\"owner\": \"Everette O\'Conner\"}','2008-09-25 05:41:03','2020-01-06 11:05:05'),(978,3,421,'https://dropbox/vk/file_62',62,'{\"owner\": \"Garland Gorczany\"}','1987-02-04 02:57:25','2020-01-06 11:05:05'),(979,2,120,'https://dropbox/vk/file_78',78,'{\"owner\": \"Eva Cremin\"}','2008-06-06 20:09:20','2020-01-06 11:05:05'),(980,1,335,'https://dropbox/vk/file_552',552,'{\"owner\": \"Zackery Renner\"}','2006-10-02 22:12:16','2020-01-06 11:05:05'),(981,1,316,'https://dropbox/vk/file_6',6,'{\"owner\": \"Luella Lowe\"}','1973-05-22 20:30:09','2020-01-06 11:05:05'),(982,1,72,'https://dropbox/vk/file_27281',27281,'{\"owner\": \"Charlotte Braun\"}','1988-01-11 13:50:04','2020-01-06 11:05:05'),(983,1,414,'https://dropbox/vk/file_9',9,'{\"owner\": \"Foster King\"}','1984-07-03 01:09:03','2020-01-06 11:05:05'),(984,3,353,'https://dropbox/vk/file_44629215',44629215,'{\"owner\": \"Alexander Hermiston\"}','1976-05-23 21:43:29','2020-01-06 11:05:05'),(985,1,21,'https://dropbox/vk/file_3100813',3100813,'{\"owner\": \"Hunter Goyette\"}','1976-01-18 00:37:56','2020-01-06 11:05:05'),(986,1,45,'https://dropbox/vk/file_7182510',7182510,'{\"owner\": \"Melyssa Monahan\"}','1980-02-22 04:52:57','2020-01-06 11:05:05'),(987,1,163,'https://dropbox/vk/file_9182',9182,'{\"owner\": \"Demetrius Murazik\"}','1991-05-16 09:43:21','2020-01-06 11:05:05'),(988,2,181,'https://dropbox/vk/file_89',89,'{\"owner\": \"Zoie Monahan\"}','1993-06-07 17:52:11','2020-01-06 11:05:05'),(989,2,413,'https://dropbox/vk/file_0',0,'{\"owner\": \"Israel Greenfelder\"}','2011-09-15 11:16:55','2020-01-06 11:05:05'),(990,3,24,'https://dropbox/vk/file_5',5,'{\"owner\": \"Immanuel Rau\"}','2011-05-03 07:52:02','2020-01-06 11:05:05'),(991,3,378,'https://dropbox/vk/file_1',1,'{\"owner\": \"Julio Schiller\"}','1978-07-04 21:26:16','2020-01-06 11:05:05'),(992,3,320,'https://dropbox/vk/file_168504460',168504460,'{\"owner\": \"Frida Larson\"}','1994-09-20 22:46:33','2020-01-06 11:05:05'),(993,3,464,'https://dropbox/vk/file_430602489',430602489,'{\"owner\": \"Thora Sipes\"}','2002-12-03 06:47:04','2020-01-06 11:05:05'),(994,2,361,'https://dropbox/vk/file_958',958,'{\"owner\": \"Kamron Moore\"}','1995-12-08 00:54:49','2020-01-06 11:05:05'),(995,1,413,'https://dropbox/vk/file_5',5,'{\"owner\": \"Israel Greenfelder\"}','1994-09-06 03:15:54','2020-01-06 11:05:05'),(996,1,482,'https://dropbox/vk/file_8',8,'{\"owner\": \"Emely O\'Hara\"}','1997-12-27 17:26:04','2020-01-06 11:05:05'),(997,1,170,'https://dropbox/vk/file_684537',684537,'{\"owner\": \"Jacinto Cummerata\"}','1986-01-23 22:47:42','2020-01-06 11:05:05'),(998,2,402,'https://dropbox/vk/file_5864800',5864800,'{\"owner\": \"Sam Bahringer\"}','2018-07-15 10:39:56','2020-01-06 11:05:05'),(999,3,499,'https://dropbox/vk/file_670998',670998,'{\"owner\": \"Kamille Cummerata\"}','2008-06-17 02:15:22','2020-01-06 11:05:05'),(1000,1,291,'https://dropbox/vk/file_6942',6942,'{\"owner\": \"Guy Bergnaum\"}','2017-03-01 14:33:15','2020-01-06 11:05:05');
/*!40000 ALTER TABLE `media` ENABLE KEYS */;
UNLOCK TABLES;

--
-- Table structure for table `media_types`
--

DROP TABLE IF EXISTS `media_types`;
/*!40101 SET @saved_cs_client     = @@character_set_client */;
/*!50503 SET character_set_client = utf8mb4 */;
CREATE TABLE `media_types` (
  `id` int unsigned NOT NULL AUTO_INCREMENT,
  `name` varchar(255) CHARACTER SET utf8 COLLATE utf8_unicode_ci NOT NULL,
  PRIMARY KEY (`id`),
  UNIQUE KEY `name` (`name`)
) ENGINE=InnoDB AUTO_INCREMENT=4 DEFAULT CHARSET=utf8 COLLATE=utf8_unicode_ci;
/*!40101 SET character_set_client = @saved_cs_client */;

--
-- Dumping data for table `media_types`
--

LOCK TABLES `media_types` WRITE;
/*!40000 ALTER TABLE `media_types` DISABLE KEYS */;
INSERT INTO `media_types` VALUES (3,'audio'),(1,'photo'),(2,'video');
/*!40000 ALTER TABLE `media_types` ENABLE KEYS */;
UNLOCK TABLES;

--
-- Table structure for table `meetings`
--

DROP TABLE IF EXISTS `meetings`;
/*!40101 SET @saved_cs_client     = @@character_set_client */;
/*!50503 SET character_set_client = utf8mb4 */;
CREATE TABLE `meetings` (
  `user_id` int unsigned NOT NULL,
  `name` varchar(150) NOT NULL,
  `scheduled_at` datetime DEFAULT NULL,
  PRIMARY KEY (`user_id`),
  UNIQUE KEY `name` (`name`),
  UNIQUE KEY `meetings_name_idx` (`name`),
  CONSTRAINT `meetings_user_id_fk` FOREIGN KEY (`user_id`) REFERENCES `users` (`id`)
) ENGINE=InnoDB DEFAULT CHARSET=utf8mb4 COLLATE=utf8mb4_0900_ai_ci;
/*!40101 SET character_set_client = @saved_cs_client */;

--
-- Dumping data for table `meetings`
--

LOCK TABLES `meetings` WRITE;
/*!40000 ALTER TABLE `meetings` DISABLE KEYS */;
INSERT INTO `meetings` VALUES (1,'Fabian','2020-01-06 17:48:51'),(2,'Miracle','2020-01-06 17:48:51'),(3,'Mekhi','2020-01-06 17:48:51'),(4,'Lavern','2020-01-06 17:48:51'),(5,'Jed','2020-01-06 17:48:51'),(6,'Efrain','2020-01-06 17:48:51'),(7,'Hayley','2020-01-06 17:48:51'),(8,'Addie','2020-01-06 17:48:51'),(9,'Tod','2020-01-06 17:48:51'),(10,'Kailey','2020-01-06 17:48:51'),(11,'Rae','2020-01-06 17:48:51'),(12,'Morris','2020-01-06 17:48:51'),(13,'June','2020-01-06 17:48:51'),(14,'Adrienne','2020-01-06 17:48:51'),(15,'Eudora','2020-01-06 17:48:51'),(16,'Neoma','2020-01-06 17:48:51'),(17,'Neil','2020-01-06 17:48:51'),(18,'Roslyn','2020-01-06 17:48:51'),(19,'Georgiana','2020-01-06 17:48:51'),(20,'Nat','2020-01-06 17:48:51');
/*!40000 ALTER TABLE `meetings` ENABLE KEYS */;
UNLOCK TABLES;

--
-- Table structure for table `meetings_users`
--

DROP TABLE IF EXISTS `meetings_users`;
/*!40101 SET @saved_cs_client     = @@character_set_client */;
/*!50503 SET character_set_client = utf8mb4 */;
CREATE TABLE `meetings_users` (
  `meeting_id` int unsigned NOT NULL,
  `user_id` int unsigned NOT NULL,
  `created_at` datetime DEFAULT CURRENT_TIMESTAMP,
  PRIMARY KEY (`user_id`,`meeting_id`),
  CONSTRAINT `meetings_users_user_id_fk` FOREIGN KEY (`user_id`) REFERENCES `users` (`id`)
) ENGINE=InnoDB DEFAULT CHARSET=utf8mb4 COLLATE=utf8mb4_0900_ai_ci;
/*!40101 SET character_set_client = @saved_cs_client */;

--
-- Dumping data for table `meetings_users`
--

LOCK TABLES `meetings_users` WRITE;
/*!40000 ALTER TABLE `meetings_users` DISABLE KEYS */;
INSERT INTO `meetings_users` VALUES (39,1,'2020-01-17 16:36:36'),(420,3,'2020-01-17 16:36:36'),(79,4,'2020-01-17 16:36:36'),(139,4,'2020-01-17 16:36:36'),(139,7,'2020-01-17 16:36:36'),(281,8,'2020-01-17 16:36:36'),(157,9,'2020-01-17 16:36:36'),(319,9,'2020-01-17 16:36:36'),(407,9,'2020-01-17 16:36:36'),(351,10,'2020-01-17 16:36:36'),(5,12,'2020-01-17 16:36:36'),(283,12,'2020-01-17 16:36:36'),(369,12,'2020-01-17 16:36:36'),(34,13,'2020-01-17 16:36:36'),(105,13,'2020-01-17 16:36:36'),(180,13,'2020-01-17 16:36:36'),(133,14,'2020-01-17 16:36:36'),(213,16,'2020-01-17 16:36:36'),(235,16,'2020-01-17 16:36:36'),(267,17,'2020-01-17 16:36:36'),(382,18,'2020-01-17 16:36:36'),(261,19,'2020-01-17 16:36:36'),(445,19,'2020-01-17 16:36:36'),(284,20,'2020-01-17 16:36:36'),(215,21,'2020-01-17 16:36:36'),(420,21,'2020-01-17 16:36:36'),(473,21,'2020-01-17 16:36:36'),(73,22,'2020-01-17 16:36:36'),(328,22,'2020-01-17 16:36:36'),(212,23,'2020-01-17 16:36:36'),(423,25,'2020-01-17 16:36:36'),(274,27,'2020-01-17 16:36:36'),(107,28,'2020-01-17 16:36:36'),(391,29,'2020-01-17 16:36:36'),(486,31,'2020-01-17 16:36:36'),(497,31,'2020-01-17 16:36:36'),(461,32,'2020-01-17 16:36:36'),(256,33,'2020-01-17 16:36:36'),(296,33,'2020-01-17 16:36:36'),(38,34,'2020-01-17 16:36:36'),(87,35,'2020-01-17 16:36:36'),(204,35,'2020-01-17 16:36:36'),(328,36,'2020-01-17 16:36:36'),(391,36,'2020-01-17 16:36:36'),(141,37,'2020-01-17 16:36:36'),(452,39,'2020-01-17 16:36:36'),(344,40,'2020-01-17 16:36:36'),(179,45,'2020-01-17 16:36:36'),(462,45,'2020-01-17 16:36:36'),(228,46,'2020-01-17 16:36:36'),(240,47,'2020-01-17 16:36:36'),(79,50,'2020-01-17 16:36:36'),(337,50,'2020-01-17 16:36:36'),(283,52,'2020-01-17 16:36:36'),(303,52,'2020-01-17 16:36:36'),(398,53,'2020-01-17 16:36:36'),(298,55,'2020-01-17 16:36:36'),(188,59,'2020-01-17 16:36:36'),(199,59,'2020-01-17 16:36:36'),(125,61,'2020-01-17 16:36:36'),(225,63,'2020-01-17 16:36:36'),(50,64,'2020-01-17 16:36:36'),(336,64,'2020-01-17 16:36:36'),(118,68,'2020-01-17 16:36:36'),(466,68,'2020-01-17 16:36:36'),(253,71,'2020-01-17 16:36:36'),(299,73,'2020-01-17 16:36:36'),(89,74,'2020-01-17 16:36:36'),(190,76,'2020-01-17 16:36:36'),(67,77,'2020-01-17 16:36:36'),(333,80,'2020-01-17 16:36:36'),(223,81,'2020-01-17 16:36:36'),(187,82,'2020-01-17 16:36:36'),(25,83,'2020-01-17 16:36:36'),(44,83,'2020-01-17 16:36:36'),(286,85,'2020-01-17 16:36:36'),(438,87,'2020-01-17 16:36:36'),(160,88,'2020-01-17 16:36:36'),(497,89,'2020-01-17 16:36:36'),(483,90,'2020-01-17 16:36:36'),(217,91,'2020-01-17 16:36:36'),(85,93,'2020-01-17 16:36:36'),(217,93,'2020-01-17 16:36:36'),(133,96,'2020-01-17 16:36:36'),(229,96,'2020-01-17 16:36:36'),(406,96,'2020-01-17 16:36:36'),(273,100,'2020-01-17 16:36:36'),(336,100,'2020-01-17 16:36:36'),(485,100,'2020-01-17 16:36:36'),(326,101,'2020-01-17 16:36:36'),(392,103,'2020-01-17 16:36:36'),(261,105,'2020-01-17 16:36:36'),(323,105,'2020-01-17 16:36:36'),(3,107,'2020-01-17 16:36:36'),(44,107,'2020-01-17 16:36:36'),(432,108,'2020-01-17 16:36:36'),(162,109,'2020-01-17 16:36:36'),(482,109,'2020-01-17 16:36:36'),(95,110,'2020-01-17 16:36:36'),(182,110,'2020-01-17 16:36:36'),(341,110,'2020-01-17 16:36:36'),(120,111,'2020-01-17 16:36:36'),(228,111,'2020-01-17 16:36:36'),(354,111,'2020-01-17 16:36:36'),(441,111,'2020-01-17 16:36:36'),(489,111,'2020-01-17 16:36:36'),(103,112,'2020-01-17 16:36:36'),(370,112,'2020-01-17 16:36:36'),(98,114,'2020-01-17 16:36:36'),(165,114,'2020-01-17 16:36:36'),(90,115,'2020-01-17 16:36:36'),(467,116,'2020-01-17 16:36:36'),(81,117,'2020-01-17 16:36:36'),(399,118,'2020-01-17 16:36:36'),(120,119,'2020-01-17 16:36:36'),(49,120,'2020-01-17 16:36:36'),(106,120,'2020-01-17 16:36:36'),(349,122,'2020-01-17 16:36:36'),(448,122,'2020-01-17 16:36:36'),(265,124,'2020-01-17 16:36:36'),(382,124,'2020-01-17 16:36:36'),(453,124,'2020-01-17 16:36:36'),(388,125,'2020-01-17 16:36:36'),(76,126,'2020-01-17 16:36:36'),(322,129,'2020-01-17 16:36:36'),(276,130,'2020-01-17 16:36:36'),(493,130,'2020-01-17 16:36:36'),(60,131,'2020-01-17 16:36:36'),(296,134,'2020-01-17 16:36:36'),(22,136,'2020-01-17 16:36:36'),(301,136,'2020-01-17 16:36:36'),(147,137,'2020-01-17 16:36:36'),(225,139,'2020-01-17 16:36:36'),(262,140,'2020-01-17 16:36:36'),(227,141,'2020-01-17 16:36:36'),(301,141,'2020-01-17 16:36:36'),(224,143,'2020-01-17 16:36:36'),(438,144,'2020-01-17 16:36:36'),(329,147,'2020-01-17 16:36:36'),(164,148,'2020-01-17 16:36:36'),(196,148,'2020-01-17 16:36:36'),(169,153,'2020-01-17 16:36:36'),(207,153,'2020-01-17 16:36:36'),(268,155,'2020-01-17 16:36:36'),(96,156,'2020-01-17 16:36:36'),(179,158,'2020-01-17 16:36:36'),(304,158,'2020-01-17 16:36:36'),(471,158,'2020-01-17 16:36:36'),(104,159,'2020-01-17 16:36:36'),(345,160,'2020-01-17 16:36:36'),(443,160,'2020-01-17 16:36:36'),(492,160,'2020-01-17 16:36:36'),(46,163,'2020-01-17 16:36:36'),(417,163,'2020-01-17 16:36:36'),(184,164,'2020-01-17 16:36:36'),(202,165,'2020-01-17 16:36:36'),(493,165,'2020-01-17 16:36:36'),(291,167,'2020-01-17 16:36:36'),(414,167,'2020-01-17 16:36:36'),(26,169,'2020-01-17 16:36:36'),(284,169,'2020-01-17 16:36:36'),(413,169,'2020-01-17 16:36:36'),(8,170,'2020-01-17 16:36:36'),(116,171,'2020-01-17 16:36:36'),(227,172,'2020-01-17 16:36:36'),(270,172,'2020-01-17 16:36:36'),(332,172,'2020-01-17 16:36:36'),(201,177,'2020-01-17 16:36:36'),(305,177,'2020-01-17 16:36:36'),(405,177,'2020-01-17 16:36:36'),(56,178,'2020-01-17 16:36:36'),(248,179,'2020-01-17 16:36:36'),(2,180,'2020-01-17 16:36:36'),(452,182,'2020-01-17 16:36:36'),(482,182,'2020-01-17 16:36:36'),(20,183,'2020-01-17 16:36:36'),(401,183,'2020-01-17 16:36:36'),(69,184,'2020-01-17 16:36:36'),(162,184,'2020-01-17 16:36:36'),(348,185,'2020-01-17 16:36:36'),(276,187,'2020-01-17 16:36:36'),(404,187,'2020-01-17 16:36:36'),(484,187,'2020-01-17 16:36:36'),(83,189,'2020-01-17 16:36:36'),(113,189,'2020-01-17 16:36:36'),(193,190,'2020-01-17 16:36:36'),(184,191,'2020-01-17 16:36:36'),(43,193,'2020-01-17 16:36:36'),(123,193,'2020-01-17 16:36:36'),(70,194,'2020-01-17 16:36:36'),(119,194,'2020-01-17 16:36:36'),(46,195,'2020-01-17 16:36:36'),(60,197,'2020-01-17 16:36:36'),(261,197,'2020-01-17 16:36:36'),(354,197,'2020-01-17 16:36:36'),(383,198,'2020-01-17 16:36:36'),(421,198,'2020-01-17 16:36:36'),(25,199,'2020-01-17 16:36:36'),(195,200,'2020-01-17 16:36:36'),(202,200,'2020-01-17 16:36:36'),(71,201,'2020-01-17 16:36:36'),(355,201,'2020-01-17 16:36:36'),(248,203,'2020-01-17 16:36:36'),(379,205,'2020-01-17 16:36:36'),(42,206,'2020-01-17 16:36:36'),(50,206,'2020-01-17 16:36:36'),(395,207,'2020-01-17 16:36:36'),(126,208,'2020-01-17 16:36:36'),(19,210,'2020-01-17 16:36:36'),(37,213,'2020-01-17 16:36:36'),(247,213,'2020-01-17 16:36:36'),(331,214,'2020-01-17 16:36:36'),(150,215,'2020-01-17 16:36:36'),(484,217,'2020-01-17 16:36:36'),(17,218,'2020-01-17 16:36:36'),(260,218,'2020-01-17 16:36:36'),(287,219,'2020-01-17 16:36:36'),(354,219,'2020-01-17 16:36:36'),(163,220,'2020-01-17 16:36:36'),(432,220,'2020-01-17 16:36:36'),(323,222,'2020-01-17 16:36:36'),(499,223,'2020-01-17 16:36:36'),(169,224,'2020-01-17 16:36:36'),(318,224,'2020-01-17 16:36:36'),(452,225,'2020-01-17 16:36:36'),(267,227,'2020-01-17 16:36:36'),(345,228,'2020-01-17 16:36:36'),(198,229,'2020-01-17 16:36:36'),(286,229,'2020-01-17 16:36:36'),(458,229,'2020-01-17 16:36:36'),(50,234,'2020-01-17 16:36:36'),(301,234,'2020-01-17 16:36:36'),(380,235,'2020-01-17 16:36:36'),(7,237,'2020-01-17 16:36:36'),(174,237,'2020-01-17 16:36:36'),(27,239,'2020-01-17 16:36:36'),(209,242,'2020-01-17 16:36:36'),(77,243,'2020-01-17 16:36:36'),(260,243,'2020-01-17 16:36:36'),(79,244,'2020-01-17 16:36:36'),(404,244,'2020-01-17 16:36:36'),(182,245,'2020-01-17 16:36:36'),(287,246,'2020-01-17 16:36:36'),(102,249,'2020-01-17 16:36:36'),(142,250,'2020-01-17 16:36:36'),(234,250,'2020-01-17 16:36:36'),(325,250,'2020-01-17 16:36:36'),(23,253,'2020-01-17 16:36:36'),(318,253,'2020-01-17 16:36:36'),(333,254,'2020-01-17 16:36:36'),(343,255,'2020-01-17 16:36:36'),(359,258,'2020-01-17 16:36:36'),(442,258,'2020-01-17 16:36:36'),(200,259,'2020-01-17 16:36:36'),(464,259,'2020-01-17 16:36:36'),(150,260,'2020-01-17 16:36:36'),(254,260,'2020-01-17 16:36:36'),(401,263,'2020-01-17 16:36:36'),(273,265,'2020-01-17 16:36:36'),(96,267,'2020-01-17 16:36:36'),(448,267,'2020-01-17 16:36:36'),(209,268,'2020-01-17 16:36:36'),(274,269,'2020-01-17 16:36:36'),(472,270,'2020-01-17 16:36:36'),(12,272,'2020-01-17 16:36:36'),(378,272,'2020-01-17 16:36:36'),(32,273,'2020-01-17 16:36:36'),(112,273,'2020-01-17 16:36:36'),(463,275,'2020-01-17 16:36:36'),(465,276,'2020-01-17 16:36:36'),(241,277,'2020-01-17 16:36:36'),(445,277,'2020-01-17 16:36:36'),(100,278,'2020-01-17 16:36:36'),(134,278,'2020-01-17 16:36:36'),(456,279,'2020-01-17 16:36:36'),(275,281,'2020-01-17 16:36:36'),(168,282,'2020-01-17 16:36:36'),(371,282,'2020-01-17 16:36:36'),(243,283,'2020-01-17 16:36:36'),(422,283,'2020-01-17 16:36:36'),(43,287,'2020-01-17 16:36:36'),(41,288,'2020-01-17 16:36:36'),(380,288,'2020-01-17 16:36:36'),(449,288,'2020-01-17 16:36:36'),(310,289,'2020-01-17 16:36:36'),(4,290,'2020-01-17 16:36:36'),(314,290,'2020-01-17 16:36:36'),(288,291,'2020-01-17 16:36:36'),(340,291,'2020-01-17 16:36:36'),(39,292,'2020-01-17 16:36:36'),(442,293,'2020-01-17 16:36:36'),(254,294,'2020-01-17 16:36:36'),(427,294,'2020-01-17 16:36:36'),(248,297,'2020-01-17 16:36:36'),(283,297,'2020-01-17 16:36:36'),(25,298,'2020-01-17 16:36:36'),(238,299,'2020-01-17 16:36:36'),(5,300,'2020-01-17 16:36:36'),(154,300,'2020-01-17 16:36:36'),(460,300,'2020-01-17 16:36:36'),(215,301,'2020-01-17 16:36:36'),(364,301,'2020-01-17 16:36:36'),(57,302,'2020-01-17 16:36:36'),(149,302,'2020-01-17 16:36:36'),(169,302,'2020-01-17 16:36:36'),(196,302,'2020-01-17 16:36:36'),(249,304,'2020-01-17 16:36:36'),(324,304,'2020-01-17 16:36:36'),(29,306,'2020-01-17 16:36:36'),(47,306,'2020-01-17 16:36:36'),(26,308,'2020-01-17 16:36:36'),(137,308,'2020-01-17 16:36:36'),(26,309,'2020-01-17 16:36:36'),(51,309,'2020-01-17 16:36:36'),(189,309,'2020-01-17 16:36:36'),(436,310,'2020-01-17 16:36:36'),(437,311,'2020-01-17 16:36:36'),(226,313,'2020-01-17 16:36:36'),(245,313,'2020-01-17 16:36:36'),(235,314,'2020-01-17 16:36:36'),(397,314,'2020-01-17 16:36:36'),(341,315,'2020-01-17 16:36:36'),(46,317,'2020-01-17 16:36:36'),(301,317,'2020-01-17 16:36:36'),(49,318,'2020-01-17 16:36:36'),(206,319,'2020-01-17 16:36:36'),(418,319,'2020-01-17 16:36:36'),(266,320,'2020-01-17 16:36:36'),(26,321,'2020-01-17 16:36:36'),(459,321,'2020-01-17 16:36:36'),(300,325,'2020-01-17 16:36:36'),(388,325,'2020-01-17 16:36:36'),(26,327,'2020-01-17 16:36:36'),(172,327,'2020-01-17 16:36:36'),(472,328,'2020-01-17 16:36:36'),(165,329,'2020-01-17 16:36:36'),(480,329,'2020-01-17 16:36:36'),(143,331,'2020-01-17 16:36:36'),(312,331,'2020-01-17 16:36:36'),(69,333,'2020-01-17 16:36:36'),(259,334,'2020-01-17 16:36:36'),(377,335,'2020-01-17 16:36:36'),(65,336,'2020-01-17 16:36:36'),(373,337,'2020-01-17 16:36:36'),(235,339,'2020-01-17 16:36:36'),(267,341,'2020-01-17 16:36:36'),(319,341,'2020-01-17 16:36:36'),(387,341,'2020-01-17 16:36:36'),(112,342,'2020-01-17 16:36:36'),(495,343,'2020-01-17 16:36:36'),(106,345,'2020-01-17 16:36:36'),(121,345,'2020-01-17 16:36:36'),(481,346,'2020-01-17 16:36:36'),(345,348,'2020-01-17 16:36:36'),(340,350,'2020-01-17 16:36:36'),(302,351,'2020-01-17 16:36:36'),(32,353,'2020-01-17 16:36:36'),(267,353,'2020-01-17 16:36:36'),(77,355,'2020-01-17 16:36:36'),(382,356,'2020-01-17 16:36:36'),(299,357,'2020-01-17 16:36:36'),(311,357,'2020-01-17 16:36:36'),(282,360,'2020-01-17 16:36:36'),(293,360,'2020-01-17 16:36:36'),(311,364,'2020-01-17 16:36:36'),(459,364,'2020-01-17 16:36:36'),(393,365,'2020-01-17 16:36:36'),(186,366,'2020-01-17 16:36:36'),(3,368,'2020-01-17 16:36:36'),(324,371,'2020-01-17 16:36:36'),(437,371,'2020-01-17 16:36:36'),(178,372,'2020-01-17 16:36:36'),(193,372,'2020-01-17 16:36:36'),(470,372,'2020-01-17 16:36:36'),(275,375,'2020-01-17 16:36:36'),(390,376,'2020-01-17 16:36:36'),(198,378,'2020-01-17 16:36:36'),(239,378,'2020-01-17 16:36:36'),(460,378,'2020-01-17 16:36:36'),(396,382,'2020-01-17 16:36:36'),(470,382,'2020-01-17 16:36:36'),(42,383,'2020-01-17 16:36:36'),(279,383,'2020-01-17 16:36:36'),(283,384,'2020-01-17 16:36:36'),(285,385,'2020-01-17 16:36:36'),(420,388,'2020-01-17 16:36:36'),(128,389,'2020-01-17 16:36:36'),(176,389,'2020-01-17 16:36:36'),(228,389,'2020-01-17 16:36:36'),(19,391,'2020-01-17 16:36:36'),(220,392,'2020-01-17 16:36:36'),(309,392,'2020-01-17 16:36:36'),(359,392,'2020-01-17 16:36:36'),(373,393,'2020-01-17 16:36:36'),(114,396,'2020-01-17 16:36:36'),(393,396,'2020-01-17 16:36:36'),(244,397,'2020-01-17 16:36:36'),(368,397,'2020-01-17 16:36:36'),(403,397,'2020-01-17 16:36:36'),(150,398,'2020-01-17 16:36:36'),(61,399,'2020-01-17 16:36:36'),(112,400,'2020-01-17 16:36:36'),(239,400,'2020-01-17 16:36:36'),(342,400,'2020-01-17 16:36:36'),(247,401,'2020-01-17 16:36:36'),(96,402,'2020-01-17 16:36:36'),(199,403,'2020-01-17 16:36:36'),(438,404,'2020-01-17 16:36:36'),(47,405,'2020-01-17 16:36:36'),(412,405,'2020-01-17 16:36:36'),(11,408,'2020-01-17 16:36:36'),(195,408,'2020-01-17 16:36:36'),(38,410,'2020-01-17 16:36:36'),(472,412,'2020-01-17 16:36:36'),(455,413,'2020-01-17 16:36:36'),(10,415,'2020-01-17 16:36:36'),(378,415,'2020-01-17 16:36:36'),(451,416,'2020-01-17 16:36:36'),(89,417,'2020-01-17 16:36:36'),(485,417,'2020-01-17 16:36:36'),(5,419,'2020-01-17 16:36:36'),(469,419,'2020-01-17 16:36:36'),(44,420,'2020-01-17 16:36:36'),(118,420,'2020-01-17 16:36:36'),(165,420,'2020-01-17 16:36:36'),(239,422,'2020-01-17 16:36:36'),(399,423,'2020-01-17 16:36:36'),(460,424,'2020-01-17 16:36:36'),(488,424,'2020-01-17 16:36:36'),(459,425,'2020-01-17 16:36:36'),(477,425,'2020-01-17 16:36:36'),(234,428,'2020-01-17 16:36:36'),(419,428,'2020-01-17 16:36:36'),(212,430,'2020-01-17 16:36:36'),(305,431,'2020-01-17 16:36:36'),(395,433,'2020-01-17 16:36:36'),(47,435,'2020-01-17 16:36:36'),(375,436,'2020-01-17 16:36:36'),(493,436,'2020-01-17 16:36:36'),(433,438,'2020-01-17 16:36:36'),(17,441,'2020-01-17 16:36:36'),(169,442,'2020-01-17 16:36:36'),(389,442,'2020-01-17 16:36:36'),(153,443,'2020-01-17 16:36:36'),(263,443,'2020-01-17 16:36:36'),(438,444,'2020-01-17 16:36:36'),(470,446,'2020-01-17 16:36:36'),(435,447,'2020-01-17 16:36:36'),(180,448,'2020-01-17 16:36:36'),(256,448,'2020-01-17 16:36:36'),(485,449,'2020-01-17 16:36:36'),(195,450,'2020-01-17 16:36:36'),(220,453,'2020-01-17 16:36:36'),(82,454,'2020-01-17 16:36:36'),(274,456,'2020-01-17 16:36:36'),(493,456,'2020-01-17 16:36:36'),(32,457,'2020-01-17 16:36:36'),(392,458,'2020-01-17 16:36:36'),(65,459,'2020-01-17 16:36:36'),(54,461,'2020-01-17 16:36:36'),(342,461,'2020-01-17 16:36:36'),(429,461,'2020-01-17 16:36:36'),(93,462,'2020-01-17 16:36:36'),(478,463,'2020-01-17 16:36:36'),(159,464,'2020-01-17 16:36:36'),(414,464,'2020-01-17 16:36:36'),(266,465,'2020-01-17 16:36:36'),(442,465,'2020-01-17 16:36:36'),(349,466,'2020-01-17 16:36:36'),(249,467,'2020-01-17 16:36:36'),(57,468,'2020-01-17 16:36:36'),(123,468,'2020-01-17 16:36:36'),(246,468,'2020-01-17 16:36:36'),(59,469,'2020-01-17 16:36:36'),(172,470,'2020-01-17 16:36:36'),(247,470,'2020-01-17 16:36:36'),(107,472,'2020-01-17 16:36:36'),(44,473,'2020-01-17 16:36:36'),(415,474,'2020-01-17 16:36:36'),(109,475,'2020-01-17 16:36:36'),(277,475,'2020-01-17 16:36:36'),(31,478,'2020-01-17 16:36:36'),(143,478,'2020-01-17 16:36:36'),(166,479,'2020-01-17 16:36:36'),(232,479,'2020-01-17 16:36:36'),(490,480,'2020-01-17 16:36:36'),(313,482,'2020-01-17 16:36:36'),(206,483,'2020-01-17 16:36:36'),(113,484,'2020-01-17 16:36:36'),(308,484,'2020-01-17 16:36:36'),(325,485,'2020-01-17 16:36:36'),(264,489,'2020-01-17 16:36:36'),(335,490,'2020-01-17 16:36:36'),(472,491,'2020-01-17 16:36:36'),(477,491,'2020-01-17 16:36:36'),(452,495,'2020-01-17 16:36:36'),(50,496,'2020-01-17 16:36:36'),(388,498,'2020-01-17 16:36:36'),(276,499,'2020-01-17 16:36:36'),(407,499,'2020-01-17 16:36:36');
/*!40000 ALTER TABLE `meetings_users` ENABLE KEYS */;
UNLOCK TABLES;

--
-- Table structure for table `messages`
--

DROP TABLE IF EXISTS `messages`;
/*!40101 SET @saved_cs_client     = @@character_set_client */;
/*!50503 SET character_set_client = utf8mb4 */;
CREATE TABLE `messages` (
  `id` int unsigned NOT NULL AUTO_INCREMENT,
  `from_user_id` int unsigned DEFAULT NULL,
  `to_user_id` int unsigned DEFAULT NULL,
  `body` text CHARACTER SET utf8 COLLATE utf8_unicode_ci NOT NULL,
  `is_important` tinyint(1) DEFAULT NULL,
  `is_delivered` tinyint(1) DEFAULT NULL,
  `created_at` datetime DEFAULT CURRENT_TIMESTAMP,
  PRIMARY KEY (`id`),
  KEY `messages_from_user_id_fk` (`from_user_id`),
  KEY `messages_to_user_id_fk` (`to_user_id`),
  CONSTRAINT `messages_from_user_id_fk` FOREIGN KEY (`from_user_id`) REFERENCES `users` (`id`) ON DELETE SET NULL,
  CONSTRAINT `messages_to_user_id_fk` FOREIGN KEY (`to_user_id`) REFERENCES `users` (`id`) ON DELETE SET NULL
) ENGINE=InnoDB AUTO_INCREMENT=1009 DEFAULT CHARSET=utf8 COLLATE=utf8_unicode_ci;
/*!40101 SET character_set_client = @saved_cs_client */;

--
-- Dumping data for table `messages`
--

LOCK TABLES `messages` WRITE;
/*!40000 ALTER TABLE `messages` DISABLE KEYS */;
INSERT INTO `messages` VALUES (1,408,47,'Occaecati alias temporibus qui earum cum est. Dolorem molestiae non saepe ea qui voluptas.',0,0,'1998-04-20 22:35:44'),(2,13,422,'Vel aut molestias aut officiis ut dolor nobis. Esse expedita eos dolores hic.',1,0,'2013-07-10 20:12:58'),(3,71,90,'Voluptates qui iure officia cupiditate sunt atque non. Sapiente sit qui reiciendis et ullam veritatis corporis officia. Quia provident a ea optio perspiciatis aut odit id.',0,0,'2015-09-25 02:17:52'),(4,234,400,'Voluptatem ut aut voluptatem tempore. Officia ut odio accusantium quia magni dolore. Provident asperiores aliquid ut.',1,0,'2015-05-06 11:52:58'),(5,296,282,'Ut qui ea alias molestiae ea praesentium praesentium. Et aperiam corrupti tenetur atque laboriosam sequi. Culpa deserunt magnam repudiandae pariatur vero distinctio. Id sint natus rerum atque velit.',1,1,'2000-04-23 21:11:17'),(6,22,262,'Doloremque nisi voluptatem optio odio voluptatem. Nobis voluptatem occaecati doloribus iusto animi sunt quas. Ut dolorum cupiditate non vel iusto fuga aliquid. At mollitia quia qui consequuntur.',1,1,'2014-05-13 12:34:23'),(7,244,434,'Dolorem autem rerum perferendis amet. Facilis quidem ea necessitatibus tempora velit magni. Fuga qui recusandae itaque. Perferendis labore optio cumque impedit officiis aspernatur sint.',0,0,'1972-02-05 11:58:46'),(8,437,382,'Sit suscipit qui modi porro velit. Ipsa libero ducimus eaque sunt. Qui omnis in ad facilis.',1,0,'1973-05-15 12:59:51'),(9,97,340,'Nihil quibusdam vel aut ut. Dolore possimus rerum debitis reiciendis possimus. Et ea non perspiciatis quaerat expedita. Dolorum quo aut est dolor ad.',1,1,'1991-02-17 13:05:34'),(10,410,26,'Laboriosam expedita qui optio id odit officiis est. Explicabo rerum aut velit aut id. A inventore culpa id. Officia est eum distinctio fugit.',1,0,'1973-09-13 03:12:43'),(11,403,436,'Odit omnis possimus iusto ea inventore. Reprehenderit qui omnis qui deserunt vero enim. Ea blanditiis recusandae eligendi eum qui. Perferendis eum praesentium non.',0,0,'1998-08-07 04:41:32'),(12,471,46,'Aspernatur cum cupiditate et dicta ea voluptate illo. Corporis consequatur dignissimos ut a cumque. Nostrum quia natus tenetur. Ut consectetur aut porro ducimus consequatur.',0,1,'2004-03-20 07:49:30'),(13,317,445,'Id mollitia iure ut qui ea. Placeat fugiat deleniti sed. Sed qui non veniam est.',0,1,'1999-02-24 02:38:04'),(14,273,31,'Sed sint reiciendis iste voluptas. Voluptas eum sint aliquid officia ducimus.',1,0,'2002-07-23 09:27:15'),(15,337,91,'Illo sint quidem veritatis ut dolor est molestias. Non nihil mollitia itaque doloribus eius consequatur provident et. Veritatis adipisci iure libero repellendus incidunt aut id fugiat. Quod recusandae nostrum ut voluptatem quo error et ea.',1,1,'2006-12-17 08:16:42'),(16,442,436,'Cum optio dolorem provident. Distinctio qui fugiat adipisci voluptas. Nihil quas voluptatem temporibus molestiae sapiente excepturi. Iure aperiam asperiores consequatur et facilis occaecati.',1,1,'2007-02-21 23:00:32'),(17,352,455,'Accusantium officia enim soluta esse tempore et. Iste quia iste sed esse molestias nulla voluptas. Sunt numquam dolorem esse aut.',1,1,'1999-07-10 08:38:18'),(18,217,222,'Quia commodi labore illum perferendis et veniam aut maxime. Cupiditate sit repudiandae fugit aut. Quo quod a omnis iste laboriosam quia. Quas iusto ut modi quia molestiae optio.',1,0,'1991-01-02 17:53:07'),(19,455,110,'Distinctio qui reprehenderit sit magni. Rerum ad praesentium consequatur placeat quidem. Doloribus et dicta sit ut sunt.',0,0,'2003-06-03 09:43:41'),(20,185,94,'Libero velit consequatur aspernatur voluptatem numquam facere odio. Facilis quam illo ipsam a aut non. Ad consequuntur sapiente perspiciatis quia et dolorem cumque illum. Asperiores in quis amet nemo non expedita impedit excepturi.',1,0,'1994-10-09 23:22:00'),(21,415,293,'Ut voluptas dolorum sunt praesentium voluptatem. Enim cum sit voluptates necessitatibus sit. Eaque recusandae qui quis.',1,1,'1986-12-15 23:07:50'),(22,221,224,'Non consequatur necessitatibus rem sunt. Aliquam modi repellendus et dolorum quia magni. Qui quis at porro laudantium.',1,0,'2004-08-31 05:18:51'),(23,456,107,'Explicabo ipsum sit incidunt esse. Reprehenderit atque delectus amet ducimus. Qui est sint vero iusto reprehenderit.',0,1,'1979-08-11 21:39:00'),(24,166,9,'Neque consectetur possimus molestias ut et autem cupiditate. Deserunt temporibus pariatur est sequi et. Et magnam esse cum adipisci sequi rerum dolor minus.',1,1,'2010-12-25 09:29:47'),(25,46,205,'Tenetur qui inventore sit sit facilis. Quia iure est nulla a dolor quaerat libero. Rem et quo autem unde soluta. Commodi tempore deleniti nesciunt et.',0,0,'1994-05-19 03:57:20'),(26,384,304,'Est maiores consequuntur ea cum qui ut atque odit. Assumenda laudantium occaecati error iusto a. Dolor iusto laudantium quod assumenda.',1,1,'1990-01-10 09:32:24'),(27,367,423,'Odit et reiciendis in error et. Ducimus consequuntur magnam nobis occaecati debitis vel temporibus tempore. Ad ipsum natus autem est repellat mollitia.',0,1,'1995-12-17 13:49:01'),(28,12,292,'Veniam fugit ullam animi neque quia. Fugiat nulla nulla ullam nostrum itaque atque. Officiis ut iste nulla animi quisquam qui magni nemo. Voluptate aut laboriosam incidunt sed numquam.',0,0,'1973-03-29 00:24:29'),(29,424,243,'Deserunt sed sit repellendus possimus. Et ipsa modi nihil ut. Laudantium eos optio iure et vero enim facere placeat.',1,0,'2009-10-05 03:51:27'),(30,443,486,'Enim aperiam omnis natus nemo ea dolor. Ex qui maiores dolorem possimus quia. Provident veniam velit libero laboriosam dolore incidunt. Enim ut unde ut sunt et beatae ullam et.',1,0,'1976-08-07 14:23:59'),(31,101,44,'Voluptatem adipisci qui et id non rerum. Optio modi quaerat quis odio nihil distinctio omnis.',1,0,'2014-06-10 15:35:48'),(32,417,455,'Et sint atque est tempore illo occaecati. Veniam amet aspernatur quam. Sed cumque sit est adipisci.',1,0,'1985-11-05 22:07:00'),(33,22,244,'Odio voluptate labore labore cumque incidunt odio. Eum enim error sequi optio. Aspernatur recusandae repellendus ut quisquam. Doloremque fugiat id autem numquam esse qui.',0,0,'1972-03-13 04:31:13'),(34,154,39,'Veniam animi ab consequatur aut. Incidunt quo eligendi fuga asperiores quod. Fugit in ut vel corporis magnam. Eum maxime iure minus error.',0,0,'1996-08-22 22:03:13'),(35,230,36,'Maxime voluptatem quas dolorem earum molestiae. Velit dolorem et dignissimos eius ex eum maiores. Doloremque unde molestias facere perferendis fuga ea doloremque ut.',1,1,'1996-08-20 17:43:51'),(36,486,321,'Nemo et id ut. Quo facilis asperiores consequatur praesentium. Recusandae accusamus rerum deserunt.',0,1,'1986-03-28 17:49:46'),(37,148,277,'Commodi vitae consequatur dolor rerum ipsam distinctio. Eaque enim tenetur sapiente illum sed tenetur vero quo. Cupiditate eum voluptatem aut et omnis omnis.',1,0,'1983-01-22 03:53:06'),(38,439,365,'Est sint voluptas a vitae. Aperiam quasi officiis laborum quia ut. Sapiente fugiat eius error excepturi aliquam. Voluptas dolorem ipsum commodi officiis dignissimos repellendus.',0,0,'2004-08-27 20:16:15'),(39,5,432,'Reprehenderit consequatur quia quisquam non et ex. Quisquam ea et voluptatum similique. Aut rem ad recusandae neque. Reprehenderit velit quia rem quam quos.',0,1,'2000-03-09 00:10:21'),(40,145,428,'Dolorem id nihil atque nulla est corrupti. Id harum voluptates sunt sit dolorem temporibus accusantium earum. Repudiandae consectetur rerum non sunt. Cum eius ullam iusto cum.',0,1,'2007-11-30 03:47:05'),(41,206,245,'Repudiandae ea officiis facilis. Accusantium est ut ipsa dolorem animi a nulla. Et consequuntur amet repudiandae quos.',1,0,'1983-09-02 15:17:21'),(42,104,286,'Et sunt enim autem velit. Omnis totam autem consequatur modi magnam eum ullam. Voluptas dignissimos voluptatem amet sed quia officia aut recusandae.',1,1,'1975-09-08 14:25:47'),(43,117,225,'Consequuntur et asperiores qui qui. Libero consequatur aut quod mollitia explicabo consequatur. Mollitia labore harum dignissimos qui.',0,1,'1995-10-17 06:40:39'),(44,275,199,'Qui sint quia vitae voluptatem accusamus in. Animi repudiandae eius amet qui fuga. Aut suscipit et explicabo ex. Nulla aut est laboriosam velit sequi explicabo.',1,0,'1991-01-15 16:20:52'),(45,169,247,'Consequatur necessitatibus repellat odit id. Nesciunt laborum ducimus quia incidunt amet. Laudantium eveniet delectus placeat sit maxime et expedita et. Non illo et sunt deleniti ratione. Possimus commodi doloremque nesciunt facilis eius maiores.',1,1,'2000-10-03 01:01:16'),(46,227,394,'Qui id harum repellat enim praesentium ab velit. Facere et in est sint similique.',1,0,'2002-11-24 01:59:25'),(47,290,267,'Sed quos voluptas porro reiciendis et. Aut sit voluptatem nemo qui. Quo magni voluptas rerum aperiam in. Quam magnam pariatur numquam ea.',0,1,'1987-06-10 23:18:11'),(48,465,21,'Quia corrupti ipsum impedit ad maiores. Nihil minus et maiores numquam exercitationem dolorem. Qui tempore magni atque reiciendis blanditiis et eligendi labore. Voluptatem in sit qui.',0,1,'1978-09-14 10:08:51'),(49,213,499,'Hic odit autem fugiat sunt modi impedit. Quo at rerum dolor. Animi nulla numquam quasi adipisci consequatur sit saepe ab. Dolores facere officiis eum exercitationem et.',1,0,'1987-05-17 04:24:58'),(50,355,278,'Non iste aut natus porro non dolor laboriosam. Sint impedit quae voluptate porro vel. Ut id a occaecati quasi quia. Atque reiciendis libero est optio voluptatem maxime quia.',0,0,'2004-12-05 19:34:20'),(51,325,289,'Et quo rerum dolores vero ex. Atque commodi repellendus quia rerum. Eligendi quae ut voluptatem est. Natus totam quae non aut sed.',1,1,'2015-11-04 22:21:27'),(52,472,491,'Corrupti suscipit iure non rerum qui. Ea inventore consectetur commodi occaecati quia molestiae. Corporis ea vero in aspernatur.',1,0,'1988-07-11 14:48:55'),(53,39,219,'Sapiente deleniti et magnam culpa id. Ipsam tempora aspernatur consequatur vitae. Aut exercitationem voluptas quo fuga. Praesentium eaque non harum consectetur maxime eum.',0,0,'2003-08-28 16:04:01'),(54,481,246,'Recusandae doloremque numquam id voluptates commodi sunt eligendi. Voluptates omnis qui eum magnam quia corrupti dolor. Soluta qui debitis voluptatem natus et accusantium. Rerum similique odit aut quasi nemo labore ex.',0,0,'1990-12-05 06:42:44'),(55,286,190,'Ipsam harum magni tempora illum culpa. Dolorem fugiat nobis consequatur omnis facere. Numquam perspiciatis consequuntur eos tempora totam. Rerum quia fugit voluptate praesentium ullam magnam.',1,0,'1995-05-26 07:24:07'),(56,94,399,'Animi totam optio itaque omnis magni voluptates placeat recusandae. Ut fugit aliquid ut voluptate sed explicabo. Sapiente temporibus voluptatem aperiam.',0,0,'1978-07-02 08:08:24'),(57,213,367,'Cupiditate magni esse ullam rerum adipisci rem ducimus. Ipsa iste voluptate impedit accusantium nesciunt ut. Atque non cupiditate voluptas nesciunt culpa culpa. Eveniet est deserunt vel sint saepe repudiandae.',1,0,'2010-11-21 18:18:55'),(58,195,372,'Sint sunt qui illo qui voluptatem quas voluptatibus. Qui eaque et rerum pariatur et. Qui nesciunt numquam veritatis fugit voluptates itaque.',1,1,'1976-02-12 01:22:34'),(59,275,259,'Voluptas rerum ducimus rem ut aperiam magnam. Qui qui modi quae aliquid ducimus cumque officiis iste. Atque repellat quasi ut et harum.',1,0,'2001-03-04 07:49:23'),(60,468,62,'Accusantium ratione delectus id. Provident illum cum voluptatem temporibus. Et ab doloribus quia quo amet.',0,1,'1971-06-10 00:08:05'),(61,405,341,'Quia molestiae eos enim quam. Perspiciatis nesciunt qui tempora distinctio accusantium enim sed. Id odit porro et molestiae tempore rerum. Fugiat porro nisi eum aut culpa ex.',0,1,'1983-09-13 05:36:14'),(62,490,425,'Voluptas quas magni tempora aliquam quo nemo ullam est. Voluptatem qui quidem itaque deserunt necessitatibus error. Quam ipsa quam tempore natus soluta id nulla. Atque excepturi sit quia.',0,0,'2006-01-26 16:25:03'),(63,156,5,'Sed inventore qui suscipit officiis eligendi libero. Atque id omnis inventore necessitatibus molestiae et.',0,1,'2017-01-13 22:47:24'),(64,57,267,'Nam odit adipisci aut quia dolores inventore soluta. Nihil rerum odio distinctio nulla. Sit est sint quia sequi dicta voluptatem corporis numquam. Libero unde molestias quos qui quis laudantium voluptatem.',1,0,'1981-08-25 08:25:01'),(65,164,20,'Quia doloremque ut nisi ullam quas perferendis quas eum. Doloremque est ex et iure. Unde est provident qui nulla quaerat est.',1,1,'1983-12-14 06:24:36'),(66,106,472,'Quia eum sed ab atque. Quisquam quae ullam dolorum unde maiores laboriosam. Dolor quaerat qui sit tenetur et.',0,1,'1993-06-11 21:53:25'),(67,39,279,'Ea dolor ut nobis consequatur deleniti qui aliquid. Temporibus blanditiis sint provident et. Earum et ab eaque quis. Eum ut ea maiores similique.',1,0,'1975-05-30 15:39:56'),(68,278,53,'Quia aliquid dolores temporibus quae. Nam quis voluptatem dolores ullam quo. Odio hic aut sed nisi aperiam.',1,1,'1978-07-11 10:32:45'),(69,432,499,'Dicta debitis nesciunt omnis et. Minima voluptatibus et temporibus veritatis. Architecto sapiente ut et autem esse maxime.',0,1,'1984-10-26 19:36:46'),(70,200,1,'Consequatur asperiores inventore eveniet veniam quas. Esse animi suscipit odio doloribus ipsum. Eius dolores qui at et quaerat voluptas ex. Possimus velit qui natus.',1,0,'1993-07-30 23:27:39'),(71,406,26,'Quis cum rerum modi ut nisi accusamus voluptas. Non veritatis aut aut dolor. Id sed temporibus labore itaque exercitationem provident.',0,1,'1979-10-26 14:05:36'),(72,410,473,'Accusamus et possimus quia voluptate in. Exercitationem aut animi fuga. Aut iure esse saepe sint quis. Beatae dolores id aperiam laboriosam. Animi sit ipsum illo.',1,0,'1977-03-18 16:24:01'),(73,133,245,'Sunt dolorem ab libero maiores. Et aut quas et facilis.',1,0,'1992-02-16 23:18:40'),(74,325,392,'Dolorem necessitatibus debitis earum sequi. Dolore ea est rerum et aliquam rem. Ab quis eaque dolorum rem maiores fuga.',1,0,'1977-09-21 22:35:45'),(75,484,242,'Nam perspiciatis eaque eos voluptatem. Quod officiis quibusdam eius. Quis voluptates deleniti corporis natus ea ab exercitationem.',1,0,'1972-06-26 04:51:13'),(76,257,61,'Quaerat quia et ut ducimus ab non. Aliquid maxime exercitationem quia quia labore atque. Quae cum ullam voluptas omnis et.',1,0,'1977-10-30 02:04:23'),(77,32,478,'Debitis sint et et molestias saepe. Voluptatibus esse est perferendis odio. Qui quod sed a voluptatem et. Laboriosam aut minus itaque et beatae amet.',1,0,'1997-09-22 14:27:15'),(78,292,25,'Quia praesentium qui et natus ratione ut beatae. Cupiditate omnis est odit et qui consequuntur vel. Vel cum tempore laborum vitae dolorem esse aut.',0,1,'1982-06-01 20:14:51'),(79,249,169,'Corrupti laudantium voluptate facere perferendis. Voluptatem perspiciatis similique laboriosam rerum sit consequatur quia. Perspiciatis quas voluptatum perspiciatis officia eos ducimus omnis.',0,1,'1974-02-22 22:36:20'),(80,96,474,'Doloribus beatae laborum reprehenderit ab et odit ut consequatur. Fugit quia sequi deserunt et.',0,0,'2011-11-10 16:26:41'),(81,80,477,'Consequatur et voluptatem expedita non voluptatum. Officia facilis distinctio officia dolor. Autem et quis et officia.',1,0,'2008-11-18 03:30:07'),(82,146,300,'Ratione et rem sed eos velit quae eum nihil. Est enim voluptatem dolor praesentium.',0,1,'1997-04-13 03:15:40'),(83,59,397,'Sint expedita cum optio dolorem quis vero sunt. Quasi numquam debitis voluptatem eum molestiae quia aliquid. Et aut ipsa maxime magni sunt.',1,1,'1981-03-03 19:27:12'),(84,308,346,'Sed odio laboriosam nostrum porro. Reiciendis quaerat sunt soluta officiis eligendi. Qui et a ea eos rerum.',1,0,'2011-11-09 09:16:09'),(85,304,485,'Qui dignissimos rerum aliquid et quae quia. Nostrum aut veritatis consequatur ut mollitia officia. Dolor iusto rem odit eveniet quos qui eligendi est.',1,1,'1995-11-12 22:07:39'),(86,10,95,'Molestiae ipsam minus vel et repudiandae possimus voluptate. Quibusdam doloremque quo voluptatem molestiae ut molestiae tempore. Itaque in sed eligendi laborum nisi assumenda tempora nihil. Explicabo occaecati non pariatur odit.',0,0,'2012-08-23 12:58:46'),(87,446,443,'Ipsam omnis voluptatem provident nostrum voluptas. Eveniet eius fuga in sed.',0,1,'1986-11-23 06:46:19'),(88,375,48,'Voluptatem quis neque voluptatem omnis aperiam dolor fuga. Voluptatem vero asperiores facere voluptas aut excepturi. Natus commodi ut ex numquam quam fuga. Repellat ex alias quia sapiente placeat aperiam.',0,1,'2010-12-12 14:22:55'),(89,115,430,'Corporis quasi sed atque animi nisi maiores quasi qui. Qui dolorem sed ut. Rerum dolorum dolorem debitis. Autem et animi optio nam consequuntur repellendus.',1,0,'1975-01-26 17:19:30'),(90,302,222,'Laudantium sapiente dolorem libero eos. Est et nihil aut dignissimos. Rerum qui nesciunt et.',1,1,'1977-12-01 10:48:33'),(91,205,357,'Architecto illo voluptatem rerum quis. Voluptate suscipit qui magnam ab id eum. Sequi quod autem soluta enim.',1,1,'2016-01-31 07:36:44'),(92,167,267,'Quasi sed velit id dolor sequi esse qui deleniti. Hic illum ut quia ut asperiores. Velit optio perferendis temporibus molestias nobis ipsum tempora. Nemo eligendi molestiae sed.',0,0,'1985-08-25 06:47:40'),(93,333,365,'Corrupti numquam rem voluptas est expedita id. Id ea nostrum dolores neque tempora soluta id. Ipsam et dolorem qui aperiam non molestias nisi.',0,1,'2004-02-14 12:19:52'),(94,324,26,'Eius consequatur molestiae et et voluptates id ipsa. Occaecati nihil voluptatem accusantium incidunt. Distinctio perspiciatis ab iure dolor. Quaerat fugiat recusandae et distinctio.',1,1,'1986-04-03 19:25:45'),(95,159,213,'Pariatur aut quas ipsa deleniti a voluptatum sint necessitatibus. Tenetur dolores aut provident consectetur dolorem id et. Sunt eum sunt doloremque est.',1,1,'1997-06-12 22:26:52'),(96,89,306,'Voluptatum sit non voluptatum non repudiandae dolores. Et autem non consequuntur dolor. Officia deleniti blanditiis in eos officia quasi.',0,0,'1972-01-31 04:51:47'),(97,263,395,'Vitae esse iusto inventore porro. Quae omnis sit distinctio cumque minus. Nisi itaque ea et nisi aliquid exercitationem eos odit.',0,1,'1991-11-01 14:49:25'),(98,187,247,'Laudantium quo enim adipisci veritatis ut. Sapiente facere molestiae voluptatem. Culpa earum qui quo perferendis ipsa provident. Omnis possimus asperiores modi laborum.',1,0,'1978-11-20 20:38:06'),(99,176,138,'Dolor enim commodi nostrum omnis cupiditate soluta. Ipsam veniam sapiente eaque sunt et.',1,1,'1972-01-09 09:10:13'),(100,162,395,'Doloremque accusamus dolore cupiditate officia sunt temporibus et. Est est enim vitae aut voluptatibus vitae. Blanditiis porro itaque quia praesentium ipsam sequi quaerat.',0,1,'2001-04-11 10:34:23'),(101,488,256,'Nesciunt voluptas ducimus voluptatem magni omnis qui. Nobis laudantium incidunt ut minus. Distinctio debitis autem et.',1,1,'2015-02-08 15:26:27'),(102,316,310,'Tempora ducimus illum nam delectus laborum inventore non. Autem repellat ut excepturi aut aut.',0,1,'1999-02-27 02:28:42'),(103,100,70,'Beatae animi cupiditate sapiente sunt magnam sit error. Optio similique eos iusto molestias est sed. Eveniet aut quo adipisci et sed reiciendis.',0,1,'1973-12-02 18:33:44'),(104,52,46,'Voluptatem excepturi dicta pariatur soluta officia. Temporibus perferendis aperiam dicta. Placeat ab saepe nihil cum.',0,0,'1970-01-07 02:04:59'),(105,76,241,'Odit enim optio quia omnis magni id et. Culpa est animi rem sequi molestiae. Iste necessitatibus deleniti sapiente non quibusdam nihil rerum commodi.',0,0,'1978-07-05 22:42:14'),(106,475,150,'Dolor quod ut et et voluptatum et et rerum. Voluptatem cumque maiores dolore sit ratione. Tenetur voluptates et repellendus voluptatibus dignissimos et iure.',1,0,'2002-08-03 07:25:27'),(107,328,186,'Nostrum expedita quia possimus ut aut omnis. Veritatis et et illo sed sequi mollitia expedita enim. Unde praesentium nostrum explicabo est. Voluptatem quo ullam est occaecati dolorem ut modi.',1,1,'1979-05-09 11:54:13'),(108,449,184,'Eius rerum et quia ut asperiores est similique. Accusamus id soluta aut et nulla aut.',0,1,'1974-01-24 08:15:54'),(109,72,308,'Occaecati aut enim blanditiis repellat ratione. Ullam modi fugiat voluptatem reiciendis. Sunt sed voluptatem fugit. Praesentium atque fuga voluptatum ab inventore quae.',0,1,'1974-01-20 23:48:08'),(110,322,188,'Quos ad voluptas mollitia repellendus facilis. Ad quia et consequuntur totam quis consequatur. Voluptatum ut atque ullam similique corrupti excepturi. Voluptatibus voluptatem omnis vel maxime dignissimos. Voluptatem voluptas quasi et sit enim.',0,0,'2014-07-20 07:57:03'),(111,471,290,'Nesciunt ullam eos totam incidunt beatae ut ad. Et quidem et deserunt totam id. Est quae quia quibusdam enim odit at dolorem.',0,0,'1979-08-30 00:20:40'),(112,36,311,'Aliquam autem sit et ullam sequi officiis. Pariatur et quae esse. Explicabo vel consequatur enim molestiae rerum.',1,0,'2006-03-16 11:56:28'),(113,444,290,'Reprehenderit velit recusandae doloremque porro similique. Nam ut et excepturi repellendus dicta. Voluptas quo id ipsum rerum ut rem. Tempora dolores non nesciunt optio iste porro sequi.',1,0,'2007-11-16 12:06:23'),(114,117,212,'Id aliquam reprehenderit sit molestias nihil deserunt. Maxime dolorem minus optio id aut ab. Inventore dolor temporibus et nam error neque.',0,1,'2007-09-12 04:22:23'),(115,212,422,'Aut id repellat dolorem. Corporis aut saepe odit debitis suscipit rerum. Quia dolorem laboriosam laudantium quisquam quos cum. Veniam nostrum laborum recusandae est assumenda sit sequi consectetur.',0,0,'2004-03-26 03:32:30'),(116,472,97,'Saepe et qui soluta velit ipsum aspernatur. Est eum qui quis voluptates excepturi. Perspiciatis occaecati quas nisi quia deleniti. Praesentium et aperiam quo velit nulla deserunt.',0,0,'1976-08-11 02:16:52'),(117,65,36,'Nesciunt et ab laudantium qui architecto numquam. Sed molestiae repellat nesciunt quaerat dolores. Voluptates eius et in. Error culpa quidem et quo odit.',0,1,'1982-12-13 15:37:58'),(118,483,308,'Ut necessitatibus debitis fugiat at. Quod aliquid fugiat impedit ut officiis animi cumque. Quasi officia architecto consectetur aut est omnis.',0,1,'2007-12-19 10:14:02'),(119,89,21,'Ex odit molestiae quod ad qui cumque repellendus. Unde a maiores deserunt rerum. Adipisci blanditiis dolores totam iure fugit mollitia rem.',0,1,'1996-10-25 15:57:44'),(120,337,121,'Cumque voluptatem iusto porro ut nam est dolor reiciendis. Molestias autem autem nesciunt et aliquid officia voluptatum. Porro cum quia quia hic delectus tempore.',0,1,'2018-02-07 06:55:17'),(121,94,105,'Sint ea aut blanditiis ex quia. Praesentium rerum dignissimos qui consectetur. Cupiditate quas voluptas facere assumenda. Ut qui aspernatur labore sapiente fuga voluptatem et provident. Vero facilis alias quisquam aperiam numquam.',0,1,'2013-11-18 10:12:44'),(122,245,409,'Velit aspernatur facere facilis voluptatem modi eos. Reiciendis tempora similique dolorem et quisquam ex. Alias ut qui voluptatem aliquam fuga id consequuntur. Nemo et magnam minima aut non praesentium.',1,1,'1992-11-04 10:31:34'),(123,308,314,'Quia corporis voluptatem ea autem commodi consequatur. Minima voluptatem facere amet sed. Excepturi repellat quo sapiente et. Excepturi voluptate ea quas.',1,1,'1992-05-01 06:31:54'),(124,147,291,'Eum aut aliquam accusantium vel autem possimus eum. Magnam qui vitae est eaque.',0,0,'2004-06-05 22:58:54'),(125,15,199,'Beatae quia exercitationem commodi est est expedita. Ducimus omnis sint nihil maiores ut alias. Facere omnis sint qui quisquam. Quaerat quas earum minus eos et dolor.',1,0,'1971-10-06 04:54:26'),(126,451,157,'Eius praesentium autem expedita cumque dolorum. Nemo quibusdam porro ipsum eveniet ad labore sunt.',1,1,'2002-01-07 21:00:06'),(127,430,182,'Reprehenderit quaerat commodi voluptatibus et est et. Quia voluptatum iste doloremque sint. Voluptatem enim sed natus ut placeat aut.',1,1,'1981-04-04 16:51:01'),(128,116,35,'Facilis voluptatibus quae non ea. Beatae aut doloribus non qui modi. Velit id illo velit ea molestiae sapiente.',0,0,'2012-07-14 13:24:06'),(129,324,18,'Eos vel atque voluptatem nam impedit totam fugiat dolorum. Distinctio rerum tenetur aliquid ipsum expedita suscipit pariatur. Quod esse in nihil et doloremque voluptas et ut.',0,1,'2010-03-24 00:49:59'),(130,114,19,'Quas sint excepturi in distinctio. Natus nesciunt optio consequatur enim doloribus adipisci consequatur. Necessitatibus aut culpa et dignissimos voluptatum soluta provident.',1,1,'1978-03-24 17:06:10'),(131,252,200,'Aut totam odio beatae quibusdam possimus a. Vero est et eius reiciendis sed id praesentium magnam. Asperiores aliquam enim expedita. Quis dolor explicabo qui eum.',1,1,'1982-12-18 14:03:50'),(132,246,128,'Laboriosam ut iure id. Omnis aut quia enim. Neque facere occaecati quas nobis. Id voluptas magnam placeat accusamus et cupiditate rerum.',1,0,'1972-10-02 08:55:34'),(133,401,123,'Magnam eveniet molestiae et. Repellat quam et dignissimos corrupti aut corrupti. Qui id a esse dolores non sit.',1,0,'1989-06-13 09:39:02'),(134,409,177,'Veniam et quia maxime nostrum laborum. Voluptatem et quasi tenetur voluptatibus. Qui rerum tempore quia aut nam. Quaerat consequuntur dolores qui quis optio consequatur enim.',0,0,'1970-03-04 14:03:31'),(135,155,245,'Dolor ut ex et. Commodi vel quas non consequuntur vero. Et quia id delectus eaque facere.',1,0,'2000-06-05 21:21:38'),(136,260,65,'Qui cumque dolorem consequatur impedit temporibus aspernatur voluptas. Id accusantium qui voluptatem provident suscipit magni. Dolore et laudantium molestiae vel ut. Suscipit officia itaque dignissimos pariatur nisi similique odit. Repudiandae consectetur dolore eum consequatur non facilis.',1,0,'2012-01-27 08:57:49'),(137,45,30,'Rerum tenetur quibusdam unde enim vitae. Impedit delectus aut omnis consequatur.',0,1,'2011-09-04 23:45:54'),(138,12,471,'Nemo ullam autem dolores enim earum. Ea non consequatur omnis veniam nihil ipsa. Ipsum aut qui reiciendis ut molestias modi quo voluptas.',0,0,'1992-07-25 23:59:28'),(139,317,173,'At sed deserunt ducimus magni. Quo et commodi soluta magni. Et vitae assumenda est molestiae non.',0,0,'1988-08-12 15:18:39'),(140,414,51,'Quia quasi ad veritatis enim rem. Voluptate rem natus minima ipsa excepturi id. Magnam quia placeat laboriosam repudiandae.',0,1,'1981-07-07 09:11:35'),(141,11,402,'Maiores ea nisi delectus ut ipsam. Et aspernatur occaecati et in sunt minus. Odio explicabo ut velit. Dolorem et illo qui molestiae voluptatem.',1,1,'1992-11-18 11:12:20'),(142,476,172,'Eum autem aut cum et sint possimus aut. Fugiat quam veniam non laudantium et consequatur dolorem. Sit voluptas placeat sint et nisi laboriosam.',0,0,'2014-06-06 05:57:02'),(143,432,142,'Aspernatur nobis pariatur qui ut harum tempora ullam ipsam. Corporis eos est ea quasi et. Quos sunt provident et consequuntur ea similique ipsum.',1,1,'1990-07-21 16:24:11'),(144,416,152,'Et dolores sequi consequuntur in. Perferendis doloremque rerum ut est. Voluptas dolorum et ut nemo.',0,1,'2013-12-28 11:32:22'),(145,12,102,'Aperiam voluptatem error dolor nemo. Ab et repellat aut qui. Modi non expedita magni blanditiis.',1,1,'1985-06-18 15:57:19'),(146,474,62,'Quia quam animi et corporis optio ad. Facere omnis sequi vel maxime aspernatur pariatur ratione. Ut fugit recusandae similique fugiat. Reprehenderit dolor reprehenderit culpa qui. Nisi porro labore ea atque rerum non.',1,1,'1970-11-27 23:06:13'),(147,390,261,'Hic quod quo minima nihil. Maxime voluptates occaecati et. Qui iste ea voluptate. Nihil qui recusandae doloremque molestiae minima natus. Ad vero numquam optio reiciendis omnis aliquam voluptas provident.',1,1,'2018-11-13 00:10:31'),(148,134,388,'Delectus cumque totam odit consequuntur ea aut. Tempora voluptatem sunt aspernatur nulla. Delectus itaque nesciunt modi perspiciatis ratione repudiandae dolorem ea. Magni culpa sapiente porro omnis.',1,1,'1989-03-14 00:10:27'),(149,38,25,'Explicabo rerum ab similique nisi delectus quia molestiae. Accusantium recusandae quia ullam architecto numquam. Nobis provident atque est ut numquam iusto qui velit. Consequatur quidem in aut voluptates facere iure eaque.',0,0,'2004-07-11 10:37:16'),(150,11,479,'Quaerat velit vel sint occaecati inventore. Nam exercitationem optio cumque sint. Fugiat ut explicabo ratione perferendis modi aliquam id. Molestiae inventore eaque qui sit.',0,0,'2009-10-27 12:22:25'),(151,363,377,'Ipsa ipsum est qui molestias quo. Omnis ut minus ullam in dolores. Ipsa ratione provident quis itaque aliquam corrupti.',1,0,'1998-09-10 03:07:40'),(152,295,342,'At ducimus accusantium non deleniti omnis. Eligendi animi quae eos modi fugiat omnis a autem. Aut dolorem inventore dolor illum omnis accusantium non tempora. Similique provident aut in ipsam et reiciendis.',1,1,'1974-12-02 04:28:01'),(153,326,105,'Consequatur quis itaque optio doloribus soluta. Et porro et ea consequatur dolores accusantium. Perspiciatis quis consequatur fugit porro velit incidunt. Ipsum praesentium aperiam ex nostrum.',0,1,'1990-02-10 13:21:36'),(154,45,410,'Aperiam rerum quia reiciendis quaerat rerum qui quia. Quasi suscipit fugit in voluptatem. Qui ratione fuga assumenda et sed voluptatem. Natus earum repellendus fugiat est voluptas.',1,1,'2018-03-16 22:19:12'),(155,413,336,'Qui eum commodi voluptatum natus. Rerum ea voluptatibus tempore voluptatibus quam. Architecto ut ut itaque optio voluptatem est sit.',1,0,'2010-12-18 13:42:57'),(156,440,190,'Et distinctio necessitatibus expedita ea. Eaque corporis voluptatem quos. Suscipit est accusamus distinctio fugiat.',1,1,'1979-12-11 23:06:57'),(157,129,74,'Consequatur nesciunt occaecati dolorem fugit. Cupiditate qui omnis aut. Accusantium quia soluta et enim asperiores quidem reiciendis.',0,0,'2017-02-08 16:06:37'),(158,483,192,'Error illo sunt enim ut reprehenderit. Voluptatem architecto voluptas unde sit et officia. Qui maxime odio fugit esse eum. Fugit vitae maxime laudantium quae autem.',1,0,'2012-07-23 17:35:37'),(159,10,476,'Fuga dolor fugit sint. Veniam veniam dolorem sunt. Molestiae sunt impedit maxime non. Sed quos nam consequuntur perspiciatis id nobis modi.',1,0,'1986-07-06 18:14:20'),(160,349,315,'Est dolorem in sint. Odio tempora error ipsam aut quos voluptas quos. Esse libero deserunt autem numquam ex quia. Magni occaecati possimus sit et saepe.',0,0,'1995-09-01 18:33:59'),(161,27,188,'Quibusdam neque magni autem aut deleniti. Consequatur hic provident sit quis. Doloribus quia cum quas sit alias. Voluptas enim dolores recusandae similique et quia.',1,1,'2017-02-25 18:18:20'),(162,362,244,'Reprehenderit cupiditate quod unde quae. Labore provident culpa doloribus beatae. Vel quos vero voluptas tempora nulla quibusdam culpa consequatur.',0,1,'1994-06-06 10:15:13'),(163,134,438,'Et esse dolorem nesciunt hic temporibus et voluptates. Non sint asperiores impedit aut saepe ut nesciunt. Ad est totam odio sed qui. Ratione qui recusandae qui ut numquam eaque voluptatem.',0,1,'2003-08-07 08:16:04'),(164,287,120,'Ullam et animi voluptates. Dolores reiciendis velit ullam. Explicabo ea labore consequatur est.',1,1,'1991-07-01 18:35:19'),(165,241,341,'Vero unde distinctio rerum consequatur. Accusantium dolor suscipit qui in. Dolores ab eos repellendus corporis ut.',0,1,'2000-12-18 22:50:04'),(166,484,395,'Quia ut veniam cum sunt eos praesentium. Sit blanditiis aspernatur et unde voluptas. Ea esse in corporis rerum id sapiente voluptatem. Praesentium culpa sunt magnam numquam ipsum maxime maxime quod.',0,1,'1970-07-19 14:13:47'),(167,24,434,'Occaecati architecto delectus modi minus et. Rerum in exercitationem et rem minima facere laborum. Quisquam fugit sed ea architecto. Eos vitae voluptatem assumenda. Itaque quaerat ea recusandae consequatur tempora.',0,1,'2012-11-03 10:11:15'),(168,98,188,'Perferendis voluptatem ad earum porro at necessitatibus. Aut dolor ducimus porro corporis illum doloremque est sit. Quod ullam itaque incidunt tempora et soluta facere est. Dolore ab aut modi iusto voluptatem aut aut magnam.',1,1,'2008-06-20 02:34:21'),(169,145,161,'Rem eius eius nobis aut eum ducimus. Unde voluptates ut dolores.',0,1,'1995-02-11 22:50:53'),(170,371,370,'Itaque odit voluptas quae voluptatem laudantium vel. A et sint fuga qui aut culpa ab. Distinctio suscipit dolorum est.',0,1,'1993-05-04 08:34:12'),(171,235,66,'Quas ut est totam et laboriosam dolores aut. Sed sit incidunt sed est dicta. Quidem voluptatum officia quas molestiae ut doloribus optio.',0,1,'1995-02-19 20:10:30'),(172,122,415,'Voluptas qui voluptatem tenetur incidunt optio eveniet consequuntur. Voluptates at est voluptatem aspernatur possimus. Et voluptatem nulla voluptatibus dolorem sapiente sequi harum.',1,0,'1992-09-18 07:54:48'),(173,207,289,'Ipsam inventore aut occaecati commodi libero dolor. Eos et et incidunt commodi doloribus at ex. Iure qui distinctio corrupti soluta. Officiis ipsa totam illum modi.',0,0,'1986-07-18 14:41:23'),(174,323,250,'Magnam molestiae rerum cum et animi doloribus laboriosam consequuntur. Accusantium qui cumque consequatur reiciendis architecto. Soluta sunt delectus laborum consequuntur. Et sapiente voluptatem expedita unde possimus.',0,0,'2017-03-12 22:23:50'),(175,280,149,'A tenetur qui velit odit. Mollitia voluptate est dolorem. Ut dolorem inventore ea est expedita omnis.',1,0,'2016-02-20 13:24:43'),(176,406,82,'Excepturi sint blanditiis omnis. Voluptatem fugit ipsa assumenda recusandae sed. Veniam beatae ut error assumenda corrupti nobis consequatur quae. Maiores dolorem sit eos explicabo.',1,1,'1985-02-07 07:14:16'),(177,193,217,'Ut sunt occaecati aut unde. Aliquam pariatur perferendis libero ducimus et eos. Ut ea voluptas ducimus et rem.',1,1,'2009-08-15 18:25:28'),(178,7,382,'Dicta cum assumenda eveniet iste ipsa ex iste ullam. Voluptas autem est unde dolores recusandae velit. Odit eos aspernatur unde fuga culpa. Et quia ipsum vel exercitationem.',0,1,'1992-10-15 10:43:03'),(179,387,291,'Quidem hic laboriosam non aperiam modi adipisci illum voluptatem. Sit et non ipsa error voluptas est. Sit autem pariatur id eligendi.',1,0,'1985-02-09 12:04:13'),(180,291,84,'Temporibus est dignissimos tempore voluptates earum. Quasi cum temporibus perspiciatis corrupti minima. Aliquid velit eligendi mollitia dignissimos nihil facere.',0,0,'1996-01-23 22:16:18'),(181,44,468,'Qui minima eveniet quo sed nihil. Ipsam tempore aut suscipit porro. At mollitia cum ducimus aperiam quod. Eveniet tenetur et eum similique et.',0,1,'1987-07-13 06:37:14'),(182,208,137,'Aut consequatur sed maiores saepe id modi ut. Sit qui assumenda nam inventore. Distinctio rem doloremque sed aliquid. Aliquam quaerat et nobis vel.',1,1,'1975-11-07 21:30:56'),(183,58,379,'Amet ut sunt quia distinctio excepturi voluptates. Laudantium quam consequatur culpa recusandae. Qui pariatur laudantium est eius. Laborum autem quo ipsum expedita natus incidunt.',1,0,'2016-03-18 03:24:16'),(184,219,459,'Rerum eos ex nemo similique eius magnam. Magni ducimus possimus rem nam ipsam cumque vitae. Necessitatibus sequi nemo mollitia molestiae amet.',0,0,'1971-07-07 18:59:33'),(185,138,311,'Sed quia aperiam sit exercitationem eos repellat a repellendus. Ab exercitationem dolorem mollitia veritatis fugiat voluptates est. Quia itaque sit non laudantium. Rem a aperiam quo non eum impedit optio sint.',1,1,'2012-10-14 17:50:24'),(186,143,279,'Saepe porro nisi explicabo. Id sint ea ducimus eum. Sunt sapiente eligendi voluptatum eum sed itaque qui. Modi voluptatem veritatis iste sit.',1,1,'2011-03-30 18:09:07'),(187,468,1,'Aliquid omnis aperiam soluta nesciunt ea qui. Nulla a dolores porro explicabo inventore maiores. Et saepe dolor cum itaque quasi voluptatem. Nam reiciendis explicabo molestias non omnis. Quia et sunt eius molestias iure quo magni rerum.',1,1,'2003-12-02 03:40:34'),(188,101,500,'Tempore officiis ratione illo at voluptatem vitae. Similique et deserunt quidem aperiam quia voluptatem dolorem. Ut magnam quaerat ratione blanditiis. Et et ducimus ipsum atque vel.',1,1,'2013-03-19 03:37:33'),(189,195,478,'Sed consequatur rerum quas mollitia enim ut. Labore rerum in nam molestias cum. Nihil earum accusamus consequatur voluptatem aliquam minima. Est tenetur dignissimos laborum.',0,0,'1977-10-11 09:41:25'),(190,304,85,'Non blanditiis vel sunt amet consectetur omnis. Autem sapiente ut officia maxime cupiditate eum similique. Voluptatibus consequatur quia mollitia ipsa dicta voluptas. Dignissimos nisi natus qui quisquam.',0,1,'2001-07-29 20:55:26'),(191,14,313,'Dolor exercitationem natus unde qui fuga. Eaque numquam laboriosam et aliquam vero. Inventore occaecati et est distinctio quaerat.',1,1,'1987-06-27 20:24:31'),(192,22,171,'Enim dolorem nesciunt aspernatur reiciendis distinctio reprehenderit veniam non. Ea ipsa molestiae eos tempora non corporis rerum. Similique blanditiis quia amet sint reiciendis. Nihil dolores incidunt commodi illum quod.',0,0,'2017-03-27 16:25:26'),(193,288,425,'Fugiat est unde ab aut minima magnam accusamus dolorum. Perferendis saepe cum molestiae dolorum. Harum expedita et repellat eveniet possimus. Nesciunt commodi voluptas dolores debitis ut aut sit.',1,1,'2012-05-06 04:33:19'),(194,263,39,'Voluptas labore placeat ut iste hic. Qui perferendis sequi consequatur et. Ipsum non expedita quia earum. Molestias reprehenderit consequatur dicta quae dolorum autem.',1,1,'1999-11-17 07:06:03'),(195,407,415,'Eligendi culpa ut aliquid sapiente vero doloremque aut. Voluptas dolor rerum omnis eum minus qui. Architecto possimus eos eius est beatae.',1,0,'1981-01-19 11:06:11'),(196,354,27,'Nesciunt velit earum rerum sunt. Ad similique libero eius reprehenderit beatae expedita. Provident sit architecto corporis eum qui quisquam qui et. Corrupti nihil dolor impedit velit.',0,0,'2014-05-16 00:09:34'),(197,69,264,'Atque fugiat ipsa ullam. Alias atque sint tempore minus quod. Optio sapiente ipsam eveniet.',0,1,'1989-09-16 19:24:18'),(198,115,279,'Ducimus natus facere qui eum enim. Nulla voluptatem magnam recusandae. Cum cupiditate velit asperiores quibusdam quidem eos.',1,0,'1971-11-16 05:59:06'),(199,53,426,'Aspernatur iusto iste dolor vitae quis. Est enim asperiores odio numquam distinctio. Fugit pariatur id cumque totam. Mollitia dicta et sed nobis rem.',0,0,'1981-11-29 05:34:16'),(200,471,78,'Voluptatum nesciunt vero rerum vitae fugiat deserunt. Voluptas vero nisi fuga. Voluptas voluptas accusantium odio ut nihil est. Odio autem ut repellendus est sequi harum optio.',0,1,'2017-01-09 13:27:36'),(201,476,145,'Quia impedit maiores id mollitia est sed. Quaerat quia assumenda ex magni.',0,0,'2016-01-08 09:06:44'),(202,298,53,'Ut quidem et distinctio assumenda sint et. Magni qui necessitatibus eum unde. Est non unde repellat assumenda.',1,1,'2013-07-06 10:36:03'),(203,369,186,'Aut pariatur aut itaque necessitatibus voluptate. Possimus architecto nulla numquam nulla sunt et. Sint esse impedit vero nostrum fuga officiis. Perferendis vitae et iste qui atque error.',1,1,'1985-10-29 12:12:31'),(204,323,54,'Ea voluptas rem ipsum unde et sed fugit. Vitae et sed laborum ut corrupti deserunt. Dignissimos quo eum eos voluptatibus et iure rerum atque.',1,1,'2001-05-17 18:14:36'),(205,304,357,'Sit esse deleniti quia ratione sunt voluptatum dolores sit. Iusto harum dolorem et quia corrupti voluptate et. Non sunt corrupti vero eveniet id atque.',1,1,'1984-10-13 15:11:45'),(206,371,283,'Impedit soluta ut sed saepe. A facere sed aut dolorem saepe voluptatem. Ullam nobis inventore enim aspernatur rerum blanditiis.',0,1,'1975-11-02 22:23:27'),(207,302,161,'Aut in impedit occaecati officia minus. Ut distinctio quam repellat nihil sed harum ut quisquam. Quaerat voluptatem recusandae et ut dolorem error odit.',1,0,'2000-09-16 08:46:36'),(208,398,7,'Adipisci commodi dolorem ut qui voluptatem. Amet consequatur ut maxime in occaecati. Quod officiis nisi in asperiores maxime. Sed dolores totam assumenda nisi ea enim.',1,0,'1980-05-27 03:18:02'),(209,341,184,'Aut fuga voluptate modi magnam ratione ut temporibus. Fugit soluta quia doloribus veritatis accusantium. Voluptatem molestias aut quis est est perspiciatis dolorem.',0,1,'1979-07-03 10:54:38'),(210,394,418,'Rerum molestiae quis quo labore aliquam cumque omnis. Laboriosam numquam voluptates ut officiis dicta maiores consequatur.',1,0,'2008-01-04 17:11:43'),(211,410,293,'Molestias sunt debitis sint dolore nam. Asperiores in quos accusamus labore repudiandae. Quaerat ut illum et ex. Nam quis nostrum ea fuga autem maxime.',0,1,'1985-05-24 06:40:17'),(212,234,292,'Modi ut ullam praesentium impedit architecto et velit. Doloribus voluptate molestiae sequi. Est et sed velit qui aut quasi dicta. Voluptas aspernatur ea rerum doloremque voluptatem eos.',1,0,'1977-12-27 05:18:26'),(213,258,413,'Aut dolore qui voluptatum voluptas et fugiat magni. Sit delectus sint autem similique aut. Ipsum aut rem nisi. Magnam aliquid officiis sit.',0,1,'1971-02-04 05:32:51'),(214,292,218,'Laudantium distinctio ut asperiores officia facere voluptate. Similique autem error et sint voluptatem numquam. Iste accusantium corrupti et ut porro illo. Perspiciatis culpa ipsa eum nihil id facere ut.',0,1,'1993-12-25 09:33:34'),(215,216,423,'Et modi recusandae ea velit quaerat ut. Nam in earum minus architecto dolor rerum. Dolor voluptatum aperiam nulla. Inventore earum doloribus id sed eveniet et.',1,0,'1996-03-15 20:46:15'),(216,465,59,'Velit a sit quo. Omnis incidunt ea incidunt nesciunt praesentium optio. Ut voluptas itaque et est. Qui iure illum ipsam quia.',1,0,'2003-07-06 20:40:48'),(217,400,319,'Dolor blanditiis accusamus in delectus quaerat. Et voluptas eligendi ea occaecati aperiam error neque.',1,0,'2013-01-07 02:20:57'),(218,397,27,'Sunt facilis molestiae quas id animi perspiciatis molestias. Ut excepturi consequuntur voluptates fuga illum laboriosam. Dolorem ut culpa quia quos.',0,1,'1972-03-07 00:08:27'),(219,442,131,'Ut repellat aut odio officiis libero praesentium quam aperiam. Totam similique et delectus non alias atque modi. Voluptate dolorem eos asperiores nemo ea quis. Et dolores esse est nulla et.',1,0,'2008-02-22 15:04:27'),(220,327,243,'Repellat quos quia rerum tempora. Est aut nobis qui dolores odit sint. Eius dolor sint eaque et et voluptate nisi. Sunt expedita est doloribus et rerum maxime.',1,0,'1974-03-30 22:48:14'),(221,234,439,'Possimus placeat consequatur ea est asperiores dolorem. Quod ipsum veritatis aut similique expedita. Qui quisquam impedit quae beatae odio modi. Nulla assumenda veritatis placeat praesentium quis mollitia.',1,0,'2008-02-01 22:11:32'),(222,493,147,'Saepe tempore rerum dicta. Sapiente hic ea vero quia eius ipsum aliquid. Vel qui hic assumenda dolor magnam.',0,0,'2000-10-15 10:46:02'),(223,254,330,'Ducimus quas assumenda nemo unde porro fugiat a. Est veritatis quo qui ratione. Provident accusamus et rerum aut voluptatibus. Id repellendus delectus sit labore voluptatum.',0,1,'1996-02-01 06:06:07'),(224,389,455,'Ea vel ducimus voluptas. Vero tenetur ipsam rerum eveniet. Impedit omnis non in ullam eos id.',0,1,'1973-08-07 03:54:39'),(225,108,173,'Illum et mollitia numquam similique. Tempora esse rerum fuga et blanditiis non. Iusto dignissimos fugiat qui nemo animi repellat pariatur quidem. Et modi ea sequi error omnis qui vel.',1,0,'2006-11-09 07:14:02'),(226,40,183,'Omnis dolor laborum sunt deserunt ducimus eum. Et voluptatem dicta id et. Fugit enim dolor qui quisquam autem aut. Quam aut deserunt ut sit.',0,1,'1986-09-26 01:39:42'),(227,291,407,'Vel aut minus ut labore et illum. Fuga quo illo nesciunt beatae nesciunt eligendi. Sequi pariatur molestiae laborum facilis consequatur id at. Omnis sequi et veritatis labore modi.',0,0,'1975-03-19 13:21:47'),(228,162,88,'Fuga dolor delectus sequi sit est dolor. Officia mollitia aut vel blanditiis molestias nihil asperiores. Vero reprehenderit placeat ut consequuntur perferendis corporis enim impedit.',1,1,'2002-06-07 13:48:25'),(229,453,3,'Ut sunt exercitationem nobis aperiam eligendi odit iste. Qui aliquid error sequi soluta consectetur praesentium vel consequuntur. Illum ipsa assumenda dignissimos numquam. Dicta et corporis consequatur magnam.',0,1,'2017-05-23 20:52:24'),(230,153,255,'Est rerum ipsam cumque quos dolorem voluptatem. Atque ducimus consequuntur in necessitatibus aliquam fugit. Alias aliquid illo nam.',0,1,'2008-12-17 03:58:57'),(231,318,325,'Nihil nemo aliquid est. Omnis ipsam ut qui a. Et pariatur est aspernatur quam ut saepe non. Veritatis ea autem optio.',0,0,'1977-10-01 23:23:31'),(232,169,370,'Quo ut quam molestias voluptatibus quod ut animi. Provident possimus omnis eaque. Rem quis qui quia ex deserunt. Deleniti ut eligendi deleniti alias aliquid qui. Officiis et ipsa omnis.',0,0,'1980-05-03 00:17:21'),(233,344,110,'Tempora voluptatum laudantium commodi necessitatibus. Quasi eaque odio omnis aliquid tenetur quisquam. Blanditiis dolorum reiciendis amet ut enim labore. Quis eum ipsam et itaque at non et alias.',1,1,'1980-11-20 16:32:13'),(234,17,252,'Ab esse consequatur voluptas nulla quasi. Numquam omnis autem neque saepe. Explicabo sed officia autem voluptatem deleniti maiores dignissimos. Mollitia libero neque voluptatem dolore molestiae et ad quos.',0,1,'1990-04-29 15:10:20'),(235,210,294,'Illo beatae veniam est quia pariatur impedit nostrum sit. Ut minus soluta quae ad.',0,0,'2003-02-03 13:11:02'),(236,338,306,'Aut consectetur aut a. Modi sed aut iste exercitationem dolor quos doloribus. Numquam voluptas cum tempore qui est necessitatibus perspiciatis.',1,0,'2016-07-15 15:08:44'),(237,19,176,'Quos modi enim amet cumque et. Fugit omnis sapiente sit fugiat. Dicta maiores nesciunt sit. Aut praesentium est optio quod expedita. Vitae distinctio cupiditate placeat nam aut repellendus.',1,1,'1970-12-26 02:29:05'),(238,320,73,'Non vero corrupti aperiam nobis sint magnam et. Voluptate quae delectus laudantium esse ipsam minima. Non ad dolorem exercitationem natus tenetur voluptatem. Ea repellendus id quo sit quasi voluptates placeat.',0,1,'1976-08-21 19:20:53'),(239,403,297,'Dolorem tempora at aut cumque nihil. Velit quos temporibus optio voluptate. Iure dolorum voluptatem temporibus voluptas ducimus omnis. Placeat amet molestias aut fugit nesciunt dolorum.',0,1,'1971-10-24 05:02:56'),(240,274,477,'Autem commodi ex doloribus iusto eum. Similique impedit repudiandae in. Nobis aspernatur sit illo tempora saepe repudiandae cum. In rem et eos facere.',0,0,'1981-06-08 15:20:07'),(241,65,393,'Quia qui delectus aut laudantium nobis dolores sit. Dolore illo dolorem laudantium eos iure rerum tenetur. Sit quia assumenda voluptatem harum omnis qui.',0,1,'1981-12-16 17:19:06'),(242,269,166,'Quis molestias libero cupiditate ut labore. Eos maxime in iste consequatur facilis voluptatem est consequuntur. Ratione at doloribus ut hic. Quam minus et porro deleniti reprehenderit.',0,1,'1991-10-08 02:10:44'),(243,23,116,'Illum necessitatibus tempora enim ut. Sapiente ut aliquid consequatur laborum.',1,1,'2011-09-15 21:39:44'),(244,10,203,'Molestias tempore ea libero sint dignissimos. Ratione corrupti voluptate dolorem sit dolor illo. Quo ut ipsum ut dolores est reprehenderit. Voluptatibus rerum est aliquid quia recusandae corrupti voluptatem quibusdam. Voluptas ut aut amet quae vel.',0,0,'1981-05-03 06:19:02'),(245,485,316,'Soluta eaque ut corporis eum. Quam neque et vel tenetur illum unde. Quisquam tempora fuga similique consequatur voluptatem. Excepturi totam sed voluptatem eaque dolorum sed. Qui et illo ipsum perferendis ex.',0,1,'1995-06-18 20:37:16'),(246,125,178,'Quis magni molestiae laboriosam rerum. Mollitia dolorem veritatis sunt. Voluptatem reprehenderit eius similique tempora. Voluptate quo aut sit dolorum qui.',0,1,'2016-08-19 20:43:43'),(247,11,22,'Voluptatem alias et blanditiis distinctio et enim. Veniam et debitis placeat modi ut. Error ut velit ut. Delectus facere explicabo voluptate rerum sint non consequatur.',1,1,'1997-08-01 11:55:36'),(248,75,311,'Qui eaque fugit repellat eligendi. Repellendus esse ipsa laboriosam dolore officia nisi hic. Fuga sed quas occaecati id.',0,0,'2004-07-03 18:33:04'),(249,327,203,'Dolor et aut assumenda inventore omnis. Rerum voluptatum consequuntur provident rem nisi. Molestias debitis ut accusantium. Explicabo neque consequuntur iste ut nisi itaque.',1,0,'2007-12-17 23:17:52'),(250,34,58,'Sed similique unde cupiditate vitae qui odio. Error assumenda voluptatem voluptatum. Perspiciatis est ipsam maiores sed id placeat ut est. Ipsam iure reiciendis est velit vitae id omnis.',0,1,'1982-08-26 18:10:46'),(251,190,274,'Sint distinctio dolorem nam aut culpa et omnis. Aut placeat ut debitis id repellendus pariatur eaque ut. Ab architecto perferendis sit. Dolore rem quis autem hic nesciunt tenetur.',0,1,'1988-12-21 18:47:09'),(252,300,176,'Minima ducimus ducimus necessitatibus quo dignissimos. Culpa consequatur ipsa asperiores. Quidem quo eveniet quia nihil expedita quae et accusamus.',1,1,'2011-02-08 14:38:00'),(253,480,373,'Et quisquam rerum quisquam nihil laudantium numquam molestias. Ipsam eum aut aut molestias autem earum et. Alias fuga repudiandae ut at rerum. Autem velit est rem sunt consequatur aut.',1,1,'2005-04-12 07:06:56'),(254,424,500,'Quo provident sit itaque architecto. Necessitatibus expedita doloremque accusamus laborum dolores facere. Velit autem dolores ad ut enim eum.',0,1,'1999-07-10 11:32:25'),(255,226,131,'Et temporibus corporis maxime assumenda fugit cupiditate numquam itaque. Maxime est qui possimus. Totam tempora vitae odio harum aperiam commodi.',1,1,'2007-04-25 23:48:03'),(256,478,494,'Amet quae consectetur eaque aut aut et. Impedit voluptatem officiis quis doloribus. Molestias expedita aut libero debitis molestias. Ut dolore sunt veritatis quo expedita distinctio. Ad nihil pariatur ea dolores quis quibusdam non totam.',1,0,'1992-07-28 02:33:46'),(257,37,203,'Natus maiores recusandae cumque qui eius veniam nostrum. Et commodi id cumque optio veniam culpa iure mollitia. Dolorem eum omnis quasi dolorem rerum.',1,1,'1987-06-19 02:41:10'),(258,403,404,'Id ut qui nam eaque. Sunt minus voluptas libero doloribus eligendi asperiores. Delectus aut expedita fuga minima. Laudantium facilis est sit et voluptate architecto assumenda.',1,1,'1998-03-13 05:35:42'),(259,314,354,'Dolore et a maxime qui odit quia repellendus. Impedit est fugiat nostrum. Eos id omnis qui repellendus nulla eveniet saepe.',0,1,'1990-12-17 21:56:47'),(260,328,80,'Dolorem reiciendis est facilis illo aut. Vero facilis quo modi ut. Et accusamus dignissimos voluptatum consectetur aut et.',1,0,'1998-01-29 13:56:56'),(261,413,327,'Quasi ratione dolore a fugiat enim. Sequi mollitia maxime nulla itaque vitae sit dolore. A velit culpa unde dolorem tenetur.',0,0,'1986-11-03 01:57:30'),(262,394,488,'Vitae placeat deleniti sunt quae atque aut omnis nesciunt. Rerum sed illo voluptatum mollitia qui aperiam ab sint. Cum amet rem labore.',1,0,'1984-12-10 02:16:22'),(263,259,330,'Deserunt dolor architecto eos nihil. Porro eveniet velit assumenda incidunt optio. Aliquid sunt qui nam exercitationem eos. Animi adipisci aut explicabo corporis vel et.',1,1,'1984-12-01 09:07:13'),(264,373,373,'In laborum veritatis quidem iusto. Quia reiciendis nemo amet et culpa est aut. Repellat cum perferendis quia illo molestiae. Fugiat facilis dolorem quasi dolorem.',0,0,'1992-08-03 18:04:43'),(265,246,110,'Odit facilis voluptatibus qui quisquam aut nihil ut. Optio dolorem accusantium officia sint dolorem. Voluptatem dolorem enim odit tempora sunt ex est.',0,0,'2018-08-02 23:44:22'),(266,312,230,'Beatae laudantium maxime eum non ducimus saepe provident. Quis et qui ut sunt eius ut. Est quaerat laboriosam tempora id nemo delectus nostrum dolor.',0,0,'1975-02-14 15:53:53'),(267,213,376,'Inventore ex molestiae rerum voluptas nihil. Consequatur iure qui facere dignissimos consequatur. Cum voluptas consectetur aut animi eos commodi est sed.',0,1,'2012-08-21 18:20:51'),(268,237,60,'Mollitia distinctio earum molestiae magnam at iusto. Sed hic et ducimus dolores dolorum. Aperiam natus maxime aut at.',1,0,'1989-09-10 23:27:09'),(269,88,260,'Est est molestias animi ducimus quia. Molestiae qui itaque veritatis quam autem molestias minima eum. Provident sed quibusdam distinctio et placeat.',1,1,'1990-07-15 22:46:52'),(270,34,391,'Ullam velit pariatur tempora dolorem et et qui. Quod quia ipsam et eum tempora aliquam eos adipisci. Ut enim eos assumenda. Facilis vero eveniet qui veritatis harum. Et illum enim reprehenderit porro.',0,1,'1974-11-30 10:06:55'),(271,353,89,'Quod similique nihil autem quia. Deleniti omnis et ad molestias aperiam rerum aspernatur. Aut ducimus in veritatis nesciunt quisquam. Accusamus illo iste ullam illum commodi autem rerum.',0,0,'1987-06-03 09:34:22'),(272,387,168,'Quos perferendis voluptates eum optio. Blanditiis dolorum quod aliquam aut accusamus. Blanditiis molestiae qui fuga nam numquam.',0,0,'1978-02-02 15:03:12'),(273,180,392,'Officia debitis est velit. Dicta maiores a est harum. Esse corporis aut autem eum architecto. Occaecati officia voluptatem est ullam accusantium dignissimos molestiae sed. Ut nihil officiis enim quo dolore enim nulla architecto.',0,1,'2018-11-10 06:48:30'),(274,422,433,'Tenetur voluptatum in quos fugit cupiditate cum neque. Accusantium culpa qui enim. Aliquam doloribus adipisci dolores.',1,1,'1989-05-01 00:17:43'),(275,397,186,'Perferendis cumque rerum aliquam minus sed vero. Eos est omnis architecto facere placeat. Ut suscipit expedita aut hic.',0,1,'1984-01-14 07:54:07'),(276,241,145,'Sunt cupiditate numquam beatae incidunt et voluptates ad. In sapiente vel minima labore accusamus.',1,0,'1985-07-23 19:17:25'),(277,500,64,'Sunt et sed quae iusto. Saepe aut delectus aspernatur et. Enim incidunt aliquam accusantium nesciunt debitis voluptatibus. Reiciendis corrupti tenetur alias a.',1,0,'1971-08-02 15:19:07'),(278,322,418,'Voluptatum cum quam voluptas et porro earum. Et assumenda vel dolorem et. Esse dolor sequi dolore quaerat autem.',1,1,'1996-11-27 15:32:22'),(279,122,358,'Fugit eligendi non voluptatibus velit dicta et consequatur molestias. Eum cumque sequi fugit. Voluptates fugit aut soluta rem.',1,0,'1985-12-17 06:50:51'),(280,421,31,'Ipsum sed veritatis sed deserunt. Temporibus sed sed vitae aut molestiae distinctio cupiditate. Tempore quidem est omnis quo.',0,0,'2009-03-15 13:53:54'),(281,391,362,'Similique error quia amet et odio repellat. Ut voluptatibus eos consequatur excepturi. Maxime qui dolores consectetur repellat quia nihil magnam.',0,0,'2010-04-19 04:26:27'),(282,137,100,'Quos commodi labore aut aut a ea. Dolorem vel facilis aut reiciendis sit cupiditate. Saepe sequi consequatur explicabo dignissimos et.',0,0,'1988-01-05 09:04:15'),(283,86,129,'Et veritatis eum est consequuntur praesentium. Voluptatem sunt adipisci voluptatem alias. Doloribus fugit consequatur eaque autem delectus. Et atque libero animi doloremque omnis excepturi non.',0,0,'1992-07-06 05:15:13'),(284,387,46,'Inventore voluptatem totam repellendus. Sed aut aut porro voluptatibus.',1,0,'1981-02-17 10:57:53'),(285,69,207,'Est in aut minus tenetur a amet. Illum eligendi aut porro consequatur. Iste iusto reiciendis omnis quis omnis voluptas et. Ipsa iure nemo quam incidunt.',1,0,'2012-08-29 18:15:06'),(286,326,11,'Aut hic repellendus et eaque ab dolorem dolor. At suscipit nihil rerum. Fugit est omnis omnis autem.',0,0,'1975-09-03 12:38:23'),(287,75,342,'Qui ipsam iusto voluptas qui. Culpa qui in ut suscipit quo ullam. Libero sit odio placeat distinctio.',1,0,'1973-08-22 04:56:52'),(288,484,393,'Et dolores qui et inventore. Consequatur blanditiis nostrum vel non vel illum. Sed itaque quis incidunt excepturi.',1,0,'2007-08-09 10:38:08'),(289,13,385,'Quibusdam molestiae dicta exercitationem porro ducimus voluptas. Impedit nostrum voluptas beatae non nisi facere rerum. Minima consequatur ex omnis quisquam. Consequuntur quasi aut rerum et. Animi et autem sed ut odio aut.',0,1,'1993-09-06 07:38:13'),(290,386,276,'Maxime eum voluptatem qui velit qui recusandae. Sapiente exercitationem culpa maxime doloremque. Ut unde perspiciatis illum quam ipsa ex minus.',0,0,'1971-12-10 19:45:10'),(291,219,267,'Eos occaecati fuga cum quia accusantium aliquid. Temporibus ut suscipit sunt recusandae libero ratione a. Vitae aspernatur omnis corporis est. Doloribus modi sit magnam eligendi mollitia perferendis.',1,0,'1983-12-26 22:35:55'),(292,176,80,'Ipsum vero sapiente hic architecto. Porro numquam voluptatibus rerum et soluta et debitis. Sed alias sapiente qui. Aut incidunt non hic non sunt dolorem quia.',0,1,'1999-07-19 17:06:55'),(293,371,117,'Alias dolorum cumque possimus deleniti dolores sit quas. Rem enim maiores est provident. Aspernatur praesentium sapiente aut omnis rem voluptatem dolorem voluptatem. Repellendus non molestias non non officia magni. Qui hic enim dolorum et quibusdam voluptas.',1,1,'2018-02-02 04:22:21'),(294,469,493,'Quo sed at esse iusto esse quis blanditiis ut. Fugit non aut et veniam. Vel fugiat commodi explicabo pariatur et.',0,0,'2004-01-21 09:11:12'),(295,57,305,'Rerum est molestiae consectetur perspiciatis facere voluptates consectetur. Et totam sit ipsum numquam magni. Aut recusandae et et quibusdam. Magni sunt provident fugit quas autem voluptatum enim. Aut magnam ut iusto voluptatem amet.',1,0,'1971-03-14 20:19:06'),(296,356,364,'Voluptatum qui natus aspernatur suscipit qui minus. Minus qui modi vero qui ipsum aut impedit. Sint commodi molestiae et voluptatum enim.',1,0,'1976-08-15 22:37:12'),(297,252,167,'Nostrum a ut fugit ipsum. Assumenda autem sit distinctio in autem illo. Repellendus provident qui officia totam excepturi quidem voluptatum asperiores. Animi hic laudantium quam ratione error.',0,1,'1993-06-25 01:11:00'),(298,78,389,'Eos sint qui odio nam ad dolorem ab. Dolore quis magnam dicta et enim repellat. Enim sequi consequatur aut officiis dolorem. In beatae est perferendis quibusdam molestiae voluptatem quo.',1,0,'1981-04-07 00:45:08'),(299,212,393,'A sunt tempora minus nihil. Quam veniam itaque omnis nulla explicabo error sint. Fugit consequatur repellat dolores excepturi quis.',1,1,'2013-09-30 09:49:54'),(300,328,459,'Praesentium et voluptate recusandae vel accusantium necessitatibus necessitatibus. Qui pariatur id molestiae repellendus esse.',1,1,'1985-10-15 01:20:08'),(301,310,174,'Nostrum excepturi unde aut sunt fugit quis sunt. Sapiente facere et et sit doloribus. Et sed eos consequuntur eaque exercitationem sed. Debitis cumque nisi repudiandae quia.',0,1,'2005-01-17 14:20:39'),(302,438,169,'Quos cumque voluptas voluptas alias. Dolor quisquam molestias doloremque est. Eos in repudiandae neque autem. Laudantium qui iusto eos iusto voluptas sit quaerat.',0,0,'2010-09-15 08:28:40'),(303,30,141,'Corporis vel quas rem in. Omnis non ratione animi repellat in nihil voluptas. Ipsum impedit ipsa autem officiis et impedit.',0,0,'2014-10-19 16:41:51'),(304,118,163,'Voluptatum molestiae voluptatem quaerat. Expedita quia consectetur ad ab voluptas. Et omnis impedit cum delectus distinctio ipsum dolorem. Nulla accusantium tempore asperiores dicta non. Asperiores veritatis facere autem corporis minus quia facere.',0,1,'1973-08-23 23:27:58'),(305,463,324,'Praesentium doloremque eos sed eos consectetur tenetur neque. Tenetur recusandae possimus facere et eaque omnis. Est totam harum aliquid.',1,1,'1994-08-11 04:10:41'),(306,231,181,'Maiores aspernatur quam saepe est est. Exercitationem ab veritatis dolorum eaque. Laborum occaecati voluptatem dolorem nobis odio magni. Cum sed quia quas sit quia.',0,0,'1981-04-01 21:22:12'),(307,212,16,'Sequi sint fugiat non rem accusantium qui accusantium repudiandae. Placeat dicta nulla omnis et ullam qui similique. Est neque non ipsa.',0,0,'2005-08-21 03:31:45'),(308,442,164,'Soluta ea sunt facilis qui facilis ut ea. Facere quo molestiae sunt rem facilis. Quas rerum modi minus dolor minus. Soluta omnis aut placeat sed quo nesciunt voluptatem.',1,0,'2013-11-19 15:49:22'),(309,493,472,'Aspernatur numquam commodi illo ut. Suscipit nemo unde in quia sequi voluptas. Sit assumenda qui nesciunt natus et rerum voluptatem ab. Qui aut vero ipsam eveniet non consectetur.',1,1,'2013-02-24 10:44:52'),(310,380,484,'Aut tempora qui nulla voluptatem officia assumenda. Voluptatem quis odit debitis omnis autem architecto quasi. Ipsum ea sequi quo aut.',0,1,'1978-07-10 14:46:16'),(311,280,449,'Consequatur molestias doloremque occaecati est esse id. Eum et consequatur eum et omnis nesciunt. Ut dolores nesciunt quia. Consequuntur magnam aliquid explicabo doloribus iure quo voluptas minus.',0,1,'2004-03-22 09:50:54'),(312,403,169,'Eaque voluptatum debitis sed nisi aut deleniti natus voluptatem. Provident cum libero quod in. Odit sequi amet aut aliquam.',1,0,'1976-03-11 18:46:47'),(313,136,171,'Debitis ducimus eos tenetur dolorem. Voluptatem nostrum fugit at in magni tenetur illo doloribus. Deleniti sit rem quas maxime. Exercitationem et minus quidem consequatur quia mollitia expedita.',0,0,'2001-11-25 10:14:15'),(314,447,221,'Libero quaerat enim nesciunt eveniet delectus nesciunt non. Consequuntur quo ad ea est. Numquam dolor est a facere qui atque veritatis.',0,0,'2004-05-15 20:38:06'),(315,264,155,'Sit minus ipsum facere placeat rem totam delectus. Ipsam inventore ex earum iusto aut similique qui. Est dignissimos non repellendus perferendis quo aut rerum. Ducimus id magnam explicabo facere autem.',0,0,'2001-09-27 21:09:54'),(316,485,458,'Provident a nisi necessitatibus dicta. Et officia voluptas numquam in quia. Distinctio maiores et qui est.',0,1,'2018-03-01 19:21:08'),(317,337,308,'Enim qui iure voluptatibus. Possimus cumque ipsam necessitatibus unde voluptas soluta. Tenetur quis amet inventore molestias. Nostrum necessitatibus voluptatem dicta enim ea assumenda.',0,0,'1995-09-01 01:17:51'),(318,28,218,'Nobis minus officia eos aut maiores corrupti dicta. Consectetur numquam quidem quas. Quas vero sint dolores omnis similique unde vero.',0,0,'1980-07-26 17:34:47'),(319,5,371,'Exercitationem cupiditate voluptas corrupti est rerum. Sit veritatis omnis eveniet eum est porro. Dolorem ut quasi et ratione illum. Nisi fugit odit quo laudantium quaerat doloremque eligendi.',0,1,'1991-06-04 03:35:26'),(320,340,87,'Dolores at consequuntur exercitationem et qui sit at. Voluptatem rerum necessitatibus fugit eum vero tempore et. Porro officia corporis saepe. Nihil veritatis amet exercitationem consequatur.',1,1,'1998-03-16 05:07:08'),(321,415,314,'Temporibus aperiam et est possimus tempore voluptates quasi. Qui voluptatem dolore dolores maiores rerum cumque. Voluptate voluptatibus praesentium itaque. Explicabo est et eum odio.',0,1,'2007-08-24 22:47:13'),(322,324,176,'Quaerat magni quaerat accusantium ipsam ratione non. Corporis voluptatibus sunt eum. Vero aliquid illum alias. Rerum quod fugiat laborum officia asperiores maiores impedit.',1,0,'1996-10-14 06:18:18'),(323,409,17,'Magnam nulla accusantium mollitia non minima. Vel pariatur atque doloremque esse. Debitis sit aperiam est.',1,1,'2002-08-09 07:05:47'),(324,356,230,'Vitae et architecto omnis rerum officia placeat veniam. Nam ad dolor nihil quaerat. Aspernatur corrupti tenetur incidunt. Ea assumenda perspiciatis eum sint aut assumenda.',0,0,'1991-02-22 12:18:16'),(325,81,216,'Non maxime ut assumenda rem dolore. Explicabo et tempora delectus hic provident et. Et dolores saepe temporibus architecto.',0,0,'1980-03-26 18:58:49'),(326,334,24,'Dolorem molestiae dolore unde quia quaerat. Deleniti dolorum ad ut perspiciatis molestias. Id quia dolorum et rerum.',0,0,'1987-03-28 07:11:26'),(327,115,3,'Odio dolores ducimus placeat voluptatibus explicabo velit. Cupiditate earum ipsum reiciendis maiores. Et nemo ipsa necessitatibus omnis laborum aliquam eligendi libero.',0,1,'1999-03-13 19:30:09'),(328,169,336,'Quam tempora qui blanditiis tempora. Eius voluptatibus et exercitationem sed. Impedit ad pariatur libero soluta id ad. Occaecati quod dignissimos blanditiis eaque.',1,1,'2000-06-08 14:44:55'),(329,171,348,'Et dignissimos quae placeat et tenetur laudantium perferendis sed. Exercitationem doloremque suscipit quaerat. Vero rerum aut adipisci et aut quisquam rerum.',1,1,'2004-01-23 08:41:21'),(330,228,93,'Possimus similique iure et tenetur sed ab quasi. Dolore odio sint et. Natus placeat earum iste. Voluptatem consequuntur ratione aut labore in velit.',1,0,'1973-01-13 02:30:55'),(331,280,121,'Qui iusto non aut quae dolores ipsum. Magni accusantium quas ea deserunt.',1,1,'1990-03-08 01:07:57'),(332,263,453,'Consequuntur expedita enim quo et et. Vel et excepturi enim ea veniam culpa nihil. Voluptatem vitae facere sequi autem aut. Nam ipsa et atque dolor.',1,0,'1982-11-20 18:20:11'),(333,477,25,'Dolorem distinctio libero enim fuga laudantium quae et. Sint voluptatem quaerat omnis. Aperiam asperiores cumque vero ipsam occaecati. Voluptatibus labore aperiam voluptatem reiciendis.',1,0,'2018-09-01 16:08:49'),(334,195,397,'Molestiae quo repellendus voluptatum suscipit quis. Officiis labore quam dolorum pariatur vero nisi. Beatae animi quod ipsa illo. Autem consequatur ut quod quos sit.',1,0,'1985-04-19 12:26:01'),(335,401,313,'Odio laboriosam quos laboriosam corporis voluptatem accusamus et. Dolorem earum eum dolores architecto asperiores quia. Mollitia quas libero quia expedita omnis quos.',1,0,'2019-05-19 17:49:00'),(336,362,371,'Non adipisci excepturi saepe laborum necessitatibus. Quia sit dolores similique. Ratione earum natus ipsa voluptates autem enim.',0,1,'2011-08-10 22:14:46'),(337,268,226,'Quod repellat ipsum qui architecto ut mollitia. Quod fuga dolorem molestias earum aut. Possimus quisquam magnam consequatur quo. Omnis odio doloremque aspernatur veritatis dignissimos molestias id. Delectus excepturi rerum veniam rerum odit dignissimos.',0,0,'1979-11-04 17:56:58'),(338,325,447,'Omnis quo a ullam ratione sint et. Veritatis sapiente quasi dolor velit nisi. Laboriosam architecto quo omnis quasi culpa vel recusandae.',0,1,'2015-04-18 09:16:54'),(339,258,447,'Voluptas blanditiis iusto dolores dolorem ipsa ea rem. Est est optio porro accusantium recusandae veniam voluptas. Magnam laudantium delectus sint facere.',0,1,'1993-06-01 08:34:12'),(340,464,478,'Sunt sit enim ut saepe suscipit culpa incidunt autem. Ut aliquam et qui. Incidunt quas totam reiciendis earum animi qui fuga. Ea omnis fugit ut quia dignissimos aut. Atque ut et suscipit.',0,0,'1995-12-26 08:09:15'),(341,497,50,'Esse in omnis rerum voluptatem est quia eaque. Et quod atque quae numquam velit. Harum impedit et velit qui. Cupiditate voluptas aliquam est aut.',1,1,'2011-04-26 19:51:23'),(342,257,135,'Ea rerum minus est sunt perspiciatis eum dignissimos excepturi. Beatae iure accusantium error et. Quia ea nihil consequatur occaecati rerum.',0,1,'2006-01-10 13:54:58'),(343,404,114,'Et iusto omnis natus saepe repudiandae adipisci. Sequi sunt distinctio distinctio non repudiandae quasi consequatur. Tempore alias et autem eos nostrum officiis est dolor. Omnis et dolores perferendis temporibus recusandae velit.',0,0,'1982-06-17 12:31:21'),(344,360,455,'Eum consequuntur quod quidem velit saepe possimus. Sit aut placeat saepe quia odit et. Consequatur reprehenderit totam ea porro.',0,0,'1999-03-17 02:27:47'),(345,194,105,'Ut nisi quis molestiae iusto enim. Praesentium earum hic qui officia qui adipisci. Blanditiis occaecati numquam quia repellat et excepturi assumenda quo. Sit nam quia enim ut illo.',1,1,'1995-03-07 11:03:57'),(346,443,400,'Quam qui animi fugiat tempore autem eius inventore. Assumenda quisquam et aut harum. Impedit aspernatur ut velit veniam maiores.',0,0,'1997-08-26 08:07:13'),(347,170,149,'Tempore voluptatem excepturi quidem aut perspiciatis consectetur. Harum ut molestiae omnis sint. Ratione et qui minima omnis possimus deserunt qui inventore.',0,0,'2018-03-23 07:09:33'),(348,234,223,'Voluptates vero rerum excepturi fugit eos minus. Minima soluta vero qui sapiente ut rerum et. Amet dolores et quod nihil hic et.',1,0,'2019-04-03 03:10:52'),(349,415,402,'Eligendi praesentium quia veritatis aut est necessitatibus quis. Excepturi id harum omnis. Reiciendis suscipit quo nostrum temporibus ut et. Earum veniam tenetur voluptatum consectetur minima est ut.',0,1,'2018-08-01 23:03:05'),(350,266,124,'Dolor debitis explicabo aliquid praesentium omnis. Qui magnam suscipit deleniti facilis voluptates minima. Debitis sunt et placeat labore cumque. Reiciendis harum optio omnis laboriosam cupiditate ex. Ut corporis labore laudantium et blanditiis occaecati.',0,1,'1970-07-17 15:39:52'),(351,320,228,'Tempore id consectetur voluptatem et tempore ipsa a. Et velit quisquam aspernatur qui architecto sit quisquam. Unde harum voluptatem vel deleniti sint. Vel aperiam saepe voluptatibus delectus.',1,1,'1972-04-10 14:44:50'),(352,179,212,'Animi doloremque et enim nam. Qui dolore repellat enim ad est labore. Dolore nesciunt soluta aut quod voluptas at. Fugit ipsa repellat nemo rerum voluptas fuga officia.',1,0,'1989-10-05 18:47:01'),(353,21,469,'Tempora nostrum qui facere ut. Aperiam libero placeat fugit et temporibus quam voluptate. Nostrum consequuntur voluptas est omnis molestiae.',1,1,'1993-10-06 11:49:31'),(354,283,7,'Voluptates cum provident alias nostrum. Dolor et quaerat aliquid architecto eius et voluptatem. A sunt ea provident. Assumenda rerum maiores suscipit aspernatur quis.',1,0,'1981-08-01 11:49:06'),(355,186,409,'Rerum qui optio et aut quaerat. Libero error alias molestias corrupti illum in rem.',0,1,'1998-01-05 17:11:08'),(356,484,193,'Voluptatem recusandae magnam eligendi. Rem qui corrupti itaque aut praesentium qui veniam accusantium. Impedit rerum sit et sit praesentium sint velit. Et et sed id commodi repellat quaerat sint.',1,0,'1973-12-04 20:21:15'),(357,12,481,'Eum temporibus sint et. Non voluptates distinctio officiis dicta qui adipisci recusandae ut. Delectus et quia sed voluptatem. Animi quis cumque laborum ea nobis.',0,0,'1995-05-23 22:21:17'),(358,370,406,'Eaque rerum eum expedita. Doloremque id et aut occaecati voluptatem ut. Autem nihil aut quia temporibus eius. Veniam non odio odit non facere unde praesentium.',0,1,'2006-01-09 15:20:04'),(359,421,383,'Doloribus repellat non fuga quas quaerat consequatur. Iusto consequatur maiores placeat doloribus debitis fuga in neque. Voluptatibus iste assumenda doloremque ab. Possimus sunt consequuntur beatae a repellat qui.',1,0,'2012-08-20 15:50:31'),(360,154,120,'Perspiciatis velit maxime sed et magnam. Asperiores ratione soluta quae facilis. Consequatur animi quam repudiandae velit modi. Nesciunt unde ut qui officia reprehenderit dolorem. Magni molestiae necessitatibus aut ut dicta.',0,0,'1977-06-18 13:42:42'),(361,138,327,'Assumenda totam cum amet quod qui. Ab dolore fuga ea qui non ipsum dolores. Non occaecati corrupti dolore commodi totam atque.',0,0,'1992-07-05 10:22:10'),(362,223,134,'Aperiam tempore sed quia distinctio voluptatibus possimus ut. Quasi assumenda optio velit voluptatem autem quod at voluptate. Nihil minima omnis et odio praesentium ipsum et. Repellat qui suscipit corrupti adipisci quas.',0,1,'2008-08-24 09:47:57'),(363,500,96,'Vel voluptatem ut deleniti odit autem nobis quaerat. Et id veritatis omnis et provident. Sunt quibusdam odit qui accusamus velit recusandae.',0,0,'2012-07-18 03:35:05'),(364,482,121,'Et voluptatibus officiis sint doloremque beatae eos. Exercitationem quia reprehenderit vero aut voluptatem. Omnis id similique enim consectetur vitae temporibus iure.',0,0,'2018-10-03 22:32:02'),(365,159,431,'Occaecati enim nostrum ducimus aut provident qui. Nihil maiores voluptatibus quia mollitia ullam. Consequatur consequatur deleniti quia aliquid et voluptatibus.',0,1,'2010-02-20 13:26:41'),(366,176,88,'Impedit pariatur odit a saepe fugit at. Voluptate fuga maxime et asperiores perspiciatis quaerat repellat. Ut ratione dolorem possimus exercitationem et voluptas occaecati.',0,1,'2003-12-13 03:53:48'),(367,413,297,'Amet quibusdam aperiam cum libero mollitia magnam. Velit sint consequatur est neque voluptatem beatae rem. Mollitia enim maiores id deserunt.',0,1,'1993-05-24 21:01:16'),(368,249,351,'Quis nisi ad assumenda ratione. Eum corrupti reiciendis et voluptatem ea. Ut optio quam modi blanditiis.',1,0,'2000-01-07 14:16:59'),(369,8,485,'Molestias animi et magnam hic temporibus sequi nisi nulla. Earum doloribus consectetur commodi veritatis vel. Tempore nobis voluptatem est asperiores necessitatibus ipsum autem.',0,1,'1975-07-16 02:17:29'),(370,401,52,'Consectetur aut alias vero commodi libero minima est. Quam ut consequatur officiis sunt similique dolore excepturi. Rem voluptates dignissimos voluptatem dolorem eius cum et.',0,0,'2014-02-28 06:00:44'),(371,55,117,'Recusandae in eius facilis veritatis similique vel iusto omnis. Repudiandae reiciendis sed deleniti sequi. Unde quos pariatur ex eos adipisci. Beatae quo et possimus explicabo quaerat qui ut.',0,0,'2007-06-17 11:59:43'),(372,420,247,'Aut molestiae veniam exercitationem ut in. Ea dolore sint iure soluta error autem. Qui provident praesentium sint ratione pariatur quaerat.',1,0,'1997-03-30 21:24:47'),(373,478,146,'Aut sit sequi omnis alias error. Animi architecto beatae alias molestiae ullam consequatur tempore odio. Ut excepturi aliquam sed ut tempora. Neque provident dolores ad consequatur cumque corporis. Eaque molestias mollitia dicta.',1,0,'2009-10-31 00:17:54'),(374,298,51,'Voluptas suscipit perferendis sequi nam qui dolor non et. Natus aspernatur et enim dolores. Occaecati libero ut nostrum sit unde.',0,0,'1975-04-15 17:47:18'),(375,360,147,'Sunt saepe non voluptatem quasi. Numquam quisquam adipisci sed et et. Autem suscipit et distinctio minima similique inventore doloribus quia. Tenetur minima aut saepe dolorem blanditiis.',0,0,'2007-07-09 12:35:28'),(376,156,337,'Itaque fugiat numquam consequatur aut. Non quasi et eius unde vero voluptatem. Molestias sed enim ducimus. Ut qui mollitia culpa nulla.',0,0,'1972-03-01 13:17:42'),(377,218,77,'Repellendus quidem neque atque dolore unde. Officia corrupti pariatur accusamus quidem magnam iure voluptatem. Ut esse ducimus iusto ut dolor voluptatem. Quia sint consectetur dolorem et voluptatem aut.',0,0,'1982-07-27 09:08:44'),(378,231,425,'Quia iure et aut alias. Reiciendis ullam sit pariatur reprehenderit est provident fugiat. Et quam et quaerat libero omnis.',0,1,'1999-02-13 05:52:04'),(379,430,374,'Optio aliquam deserunt quisquam quis. Nobis itaque ad reiciendis eum sit fugit explicabo.',1,0,'1973-11-11 23:51:40'),(380,81,283,'Ea consequatur architecto dolorum omnis. Alias eos sunt illo debitis sit voluptatum. Enim ut qui labore fuga ut.',1,1,'1980-07-04 18:10:03'),(381,171,5,'Quidem quisquam et fugit et laboriosam exercitationem tempore. Aut quidem dignissimos hic ullam nulla sunt. Fuga sed molestias molestias et voluptas architecto.',0,1,'1976-10-14 02:05:13'),(382,14,52,'Inventore itaque voluptas non ad praesentium enim. Cum sint ab sed voluptas et fugit temporibus. Molestiae cupiditate delectus quae ut sint consectetur nisi.',1,0,'1975-05-09 07:52:44'),(383,217,429,'In voluptatem at sint nesciunt quia quas. Et magnam aut sed deserunt. Mollitia porro suscipit aliquam quos aut sed. Quod blanditiis qui doloribus est saepe.',0,1,'1981-06-04 10:40:07'),(384,496,190,'Dolore nesciunt officiis vel tempore. Voluptas laborum laboriosam temporibus.',0,0,'1985-05-12 01:34:47'),(385,461,234,'Aliquam impedit sed quod aliquam. Rem laborum consequatur ipsum reiciendis qui dignissimos est. Ipsa est blanditiis corporis magnam blanditiis sit.',1,0,'1985-08-10 18:46:12'),(386,287,233,'Eveniet saepe nemo iusto eum. Rem pariatur voluptatem dolores esse. Cumque cupiditate enim cupiditate. Iste dolores non pariatur explicabo distinctio sequi assumenda.',0,1,'1974-05-02 08:29:28'),(387,305,323,'Aspernatur voluptate enim eaque. Delectus ut placeat ullam sint error in.',0,1,'2009-01-27 02:09:15'),(388,200,31,'Expedita dolor asperiores consequuntur sint quis consequuntur. Quod illum et est omnis ab. Cum adipisci pariatur rerum error. Voluptatem dolores tempora veritatis quo dicta.',1,1,'2006-05-03 00:57:10'),(389,53,171,'Repellat mollitia occaecati sit sequi ea est accusantium. Et exercitationem dolor neque sunt. Dolorem aut asperiores qui corrupti aperiam nihil et ut.',1,1,'2009-06-21 16:47:51'),(390,195,461,'Officiis blanditiis unde voluptate odit quia sed praesentium. Quas enim iusto harum laudantium cumque architecto. Ab et reiciendis cumque magni possimus impedit eligendi.',1,0,'1996-08-09 21:33:45'),(391,219,215,'Incidunt quibusdam qui illum eum. Reprehenderit et reprehenderit quia debitis dignissimos. Nam ipsa animi qui qui earum. Veniam enim quis itaque id impedit quia.',0,0,'1986-07-08 21:00:55'),(392,415,429,'Animi in quo consequuntur beatae quia placeat at. Exercitationem doloribus ratione asperiores sit veniam tempora voluptate sequi. Eum enim rem iste nihil aliquid quia.',1,1,'1980-02-29 00:50:19'),(393,398,205,'Deleniti incidunt sit ut sit dicta. Illum itaque qui a reprehenderit. Exercitationem vero est neque similique debitis.',1,0,'1973-04-20 17:20:30'),(394,328,25,'Illo perspiciatis est perspiciatis. Voluptatem quas aliquam est autem quas. Iure aut quae reiciendis.',0,0,'1989-11-04 16:37:34'),(395,142,134,'Omnis est non esse repellat ea et excepturi dicta. Ab et sed quod veritatis ducimus itaque.',0,1,'1978-12-01 08:14:50'),(396,243,312,'Eius molestiae totam laudantium repellat dolorem. Commodi temporibus doloremque sunt praesentium ut quos dicta. Temporibus repudiandae et doloremque quidem voluptatibus.',0,0,'1989-11-26 00:57:44'),(397,330,215,'Quia consequatur cumque fuga sint id aut. Consequatur temporibus alias corrupti et ut. Est officia enim minus tempora. Laborum alias sit nisi aut ratione maiores.',0,1,'2014-10-17 16:38:41'),(398,86,282,'Ut voluptatibus eum sed dicta distinctio omnis. Ex ut accusamus ut hic. Minima quis itaque consequatur voluptas est praesentium. Dolorem rerum sunt veniam repellat.',1,1,'1993-03-02 23:40:56'),(399,152,412,'Voluptates in voluptates aut et porro sint sed. Aperiam velit vero mollitia aut nihil. Aut ipsa cumque id numquam sit. Repudiandae in eos corporis nemo magnam. Qui sunt repellat quasi in enim.',0,0,'2017-02-14 11:06:38'),(400,103,280,'Delectus at aut incidunt est. Pariatur atque quia quo distinctio. Voluptatem dolor aut autem veniam impedit ut. Dolorem iusto at eum explicabo natus. Aut aut dolor enim unde molestiae et.',1,0,'1976-05-11 03:02:07'),(401,91,113,'Rerum dignissimos suscipit consequatur amet excepturi. Et quasi dicta maxime velit nesciunt voluptates magnam. Explicabo a id debitis fuga aut.',0,0,'1991-02-17 10:39:09'),(402,292,121,'A nam aut velit quia quia aliquid. Corrupti assumenda nulla et est ut aliquam. Aliquid voluptatem expedita placeat sit modi vitae dolorem. Voluptatem praesentium quo sapiente occaecati rerum.',1,0,'2000-12-15 02:06:29'),(403,227,272,'Velit quia error vel quia in suscipit. Cupiditate ullam error id alias blanditiis libero sequi nulla. Veritatis unde dignissimos sed odit nesciunt voluptas est molestias. Sed rerum illo et.',0,0,'1972-01-05 00:37:56'),(404,178,72,'Assumenda in et eos consequatur iste vitae adipisci consequuntur. In quidem aut aut ratione. Iure ut modi qui dolorum doloribus molestias facere.',0,1,'2009-12-19 08:04:30'),(405,327,418,'Omnis sunt at amet nam tempore blanditiis minima soluta. Sunt magni qui et doloremque error. Cumque expedita maiores dolorem. Qui et pariatur blanditiis magnam voluptate quia sint.',1,1,'2012-09-21 03:13:11'),(406,109,292,'Explicabo quos odio voluptas labore fugit. Itaque nisi beatae rerum. Hic officiis itaque recusandae. Fugiat rerum porro ut rem alias aperiam modi magni.',0,0,'1974-10-22 21:54:31'),(407,130,273,'Voluptas dolorem quia optio qui consectetur exercitationem. At praesentium dolore aut placeat quos. Fugit illo nulla sit consequatur dolorem.',1,1,'1997-04-22 03:57:46'),(408,476,60,'Cum dicta consequatur aliquam rem autem. Laborum earum placeat recusandae ipsum. Tempore eos eligendi vel.',1,0,'1984-12-23 22:09:13'),(409,370,170,'Deserunt doloremque aut aut amet rerum nisi debitis. Reprehenderit ratione ut eum distinctio. Suscipit nihil voluptatem qui eligendi quo dolor ipsum omnis.',0,1,'2001-06-14 11:31:58'),(410,241,194,'Iure debitis aut non consequatur corporis sit quia voluptas. Commodi voluptas consequuntur error. Quia harum nihil quis enim nesciunt. Ut voluptates id consequatur officia aut. Rerum necessitatibus amet numquam tenetur cupiditate.',1,0,'1988-05-02 07:25:01'),(411,246,149,'Qui cupiditate aliquid delectus architecto eligendi. Qui in culpa esse non nam in eum sunt. Eligendi repudiandae consequatur vitae eaque qui saepe.',0,0,'1972-08-24 07:05:24'),(412,5,76,'Aspernatur officiis neque ex similique. Omnis qui corporis non occaecati. Esse totam eos sunt fuga iusto perferendis totam nisi. Ut laudantium est consequatur sit.',1,0,'1984-12-16 01:12:39'),(413,365,97,'Fugit voluptatem enim nobis consequuntur velit. Voluptas vero impedit unde est voluptatibus. Et qui odio ipsum nesciunt dolorum. Autem cumque omnis temporibus perspiciatis.',1,0,'2017-09-05 16:42:58'),(414,389,152,'Similique eligendi est voluptas id et ea. Sit necessitatibus natus voluptatem et. Natus sit error commodi laborum sed. Qui aut asperiores fuga.',1,0,'2018-07-28 14:18:52'),(415,93,8,'Dolorem dolore qui qui. Molestiae et architecto eius enim sint aliquid eum dolores. Necessitatibus est architecto nihil voluptatem ipsum culpa.',0,1,'1992-12-05 21:43:16'),(416,263,291,'Labore itaque quam quia voluptas. Cum at in labore accusamus autem minus quod. Illum aut vel et qui quas totam.',0,1,'2001-01-11 06:29:57'),(417,163,442,'Aut ut eum temporibus expedita assumenda aut ea. Consequatur nihil voluptatem laboriosam.',1,1,'2010-09-28 04:04:28'),(418,222,285,'Et quis quos aut dolor accusamus necessitatibus. Autem suscipit placeat animi repellendus quia et et. Ut soluta aut omnis. Voluptatum maxime neque eligendi sed.',0,1,'1982-07-14 18:23:50'),(419,255,422,'Rerum voluptatem ratione mollitia dolores. Et quam ullam accusantium cumque.',1,0,'2017-03-11 02:50:05'),(420,343,451,'Maiores velit eos id optio. Et sequi voluptatem quibusdam cupiditate ad quis tempore. Velit et voluptatem ex et impedit autem omnis.',1,0,'2007-06-30 16:03:04'),(421,222,259,'Aperiam qui reiciendis autem voluptatibus doloribus voluptas sit eos. Sit omnis aut expedita laborum et. Nihil mollitia deleniti cupiditate quia autem perspiciatis. Dolore aspernatur cumque aliquid sit.',1,1,'2017-03-18 15:31:39'),(422,128,363,'Velit esse debitis illo esse omnis vitae illo libero. Laborum aut voluptatem reiciendis reprehenderit dolorem est. Adipisci magni excepturi quis ad. Optio libero omnis hic cum velit sit.',1,0,'2008-03-05 09:55:16'),(423,428,52,'Sit ipsa non fuga reiciendis exercitationem. Magni nihil sed at voluptas. Aut fugiat impedit iusto error debitis. Laudantium repudiandae vel inventore et ut sequi quo.',1,0,'1971-06-30 18:13:19'),(424,477,228,'Fugiat eum sit perferendis. Tenetur ducimus earum dolore. Ab illum voluptate fugit fugit ipsum praesentium quibusdam.',1,1,'1979-04-28 05:04:30'),(425,206,349,'Atque quam architecto accusantium reiciendis sed totam. Magni omnis aut cum exercitationem atque. Possimus temporibus vero sint possimus necessitatibus ex. Aut odit in nemo debitis est.',0,0,'1999-08-04 23:00:11'),(426,125,78,'Provident doloribus voluptatibus et similique eos. Similique deleniti sequi nihil.',0,1,'1988-10-18 01:42:26'),(427,16,345,'Dolorem assumenda saepe et facilis et dolorem praesentium et. Quo unde provident quo recusandae neque dolorem. Commodi quis ipsa eius aliquid recusandae laudantium quo. Vel consequatur quos aut impedit nemo consequuntur.',1,1,'2014-04-25 09:32:41'),(428,174,337,'Dolorum sunt qui aliquid vero ut vel. Ipsum qui amet nesciunt fuga enim dolor dolor. Sit aliquam est excepturi fugit.',1,1,'1997-02-15 05:37:30'),(429,161,295,'Sed et aut impedit consequatur perspiciatis sed quas. Ex rem vero aut nemo saepe quis aperiam. Quo natus quam sed repellat voluptatum quia soluta.',0,0,'1994-03-06 05:48:41'),(430,489,60,'Voluptatem nemo ea alias aut voluptatibus. Est voluptates perspiciatis rem aut accusamus tenetur ullam quia.',0,1,'2006-11-06 06:23:58'),(431,331,476,'Quas voluptatibus quis vel optio ut reprehenderit sunt. Aut quidem placeat quos necessitatibus est. Id id earum culpa. Velit tenetur nesciunt atque dolorem cupiditate.',1,0,'1981-08-08 08:32:42'),(432,388,11,'Occaecati et dolores itaque et quas. Et error porro laudantium exercitationem et sunt. Ut dolorum recusandae doloremque corrupti nesciunt ipsa. Sit eveniet consequatur vel earum sit.',0,1,'1994-07-07 09:54:27'),(433,389,414,'Aut et sit qui nihil. Veniam non doloribus in eum porro quaerat. Ipsa sequi est eveniet quam est. Et possimus illum iste sed aut ut.',1,1,'2005-03-28 08:11:29'),(434,401,261,'Maiores nulla est reiciendis consectetur aut expedita similique. Dolor distinctio vel ipsum. Voluptatem eum mollitia ab totam. Asperiores debitis nulla ex quo sunt rerum.',1,0,'2014-09-28 01:20:19'),(435,104,236,'Minus id accusamus eaque ut vel et non. Ullam officiis sed consequatur consequatur. Sed corrupti culpa eius est possimus.',0,0,'2006-05-27 16:23:07'),(436,369,136,'Est quis et consequuntur odio. Impedit rem saepe consequatur vitae. Omnis pariatur inventore alias.',1,1,'2018-07-16 04:08:41'),(437,71,447,'Explicabo ut ab qui neque molestias exercitationem. Nesciunt quis modi explicabo.',0,1,'2018-03-28 21:52:27'),(438,21,265,'Dolor natus repellat sit rerum ut minima sit omnis. Voluptatem sint asperiores alias necessitatibus ea beatae. Consequuntur sunt alias debitis. Illum eaque qui enim accusamus est qui.',0,0,'2001-10-07 20:31:05'),(439,262,15,'Et deleniti sed non aut tenetur. Et deleniti tenetur quibusdam enim est aut. Aut perspiciatis quibusdam qui maxime eum soluta.',0,0,'1985-09-19 19:20:45'),(440,288,393,'Rerum consequatur quis in quia sit et odio fugit. Eaque dolorum repudiandae molestiae illum voluptatibus impedit dolorem. Et consequuntur occaecati dolores sint error ad enim. Libero eveniet tenetur impedit qui. Qui optio dolore quia nam aspernatur facilis et aliquam.',1,0,'1995-07-25 00:32:31'),(441,101,325,'Est quod iste commodi ab ea deleniti consequatur. Voluptas nulla nulla non architecto. Laboriosam eos id et asperiores quis. Optio quasi velit consequuntur dolores quo saepe ut. Dolores nulla sint fugiat unde enim eum autem.',1,0,'1983-07-19 07:47:24'),(442,323,139,'Officiis distinctio omnis distinctio sunt neque quo est. Eveniet asperiores rerum minima. Repellendus amet fugit dolorem inventore commodi.',0,0,'2004-09-13 01:28:32'),(443,225,206,'Alias fugiat laboriosam voluptatem dolores blanditiis et ut. Reiciendis dolor laudantium sunt voluptatibus sunt dolorem magnam. Facere labore sit odio.',0,1,'1982-02-25 12:50:59'),(444,355,158,'Sit facilis velit exercitationem. Deserunt fugiat quam placeat consectetur temporibus recusandae. Sint enim provident qui pariatur qui consectetur laboriosam.',1,0,'1994-05-28 03:25:37'),(445,223,141,'Nisi eos laboriosam ut aut alias. Harum iure architecto voluptas vel vel. Ea veniam laudantium a deserunt ex corrupti dignissimos. Perspiciatis mollitia esse aut minus laboriosam velit.',0,0,'1995-08-03 16:27:42'),(446,36,257,'Ut ut reprehenderit quos temporibus necessitatibus. In adipisci qui voluptatem quia.',1,0,'2017-10-31 04:02:15'),(447,176,108,'Voluptates autem ut veniam impedit accusamus. Tempora ex aut explicabo facilis voluptatem exercitationem. Eos et quisquam delectus in quia. Fuga architecto atque sint aspernatur quidem autem maxime qui. Numquam molestias minus odio expedita necessitatibus animi voluptatem.',0,0,'2003-11-07 07:46:47'),(448,12,234,'Sunt in neque est architecto. Enim consequatur ut non qui accusantium. Minima dolorem enim quibusdam ratione eum eum aut enim. Doloribus ut tempore rem tempora aut qui eligendi qui.',1,0,'1994-10-24 07:30:40'),(449,134,470,'Facere excepturi molestiae qui consequatur. Ad itaque itaque et dolores nulla qui. Sapiente maiores similique quia consequatur accusamus sit. Sed iste fugiat assumenda soluta occaecati rerum.',0,0,'1971-11-21 20:59:38'),(450,444,312,'Consequatur perspiciatis aspernatur aliquam qui ducimus quam. Soluta et id voluptas itaque nobis at nesciunt.',1,0,'1973-02-21 17:10:29'),(451,229,205,'Iure repellendus nulla aut. Accusantium et voluptatibus odio eaque quae officia tenetur. Deserunt est ad qui temporibus. Voluptas molestiae suscipit dolorum inventore sit.',0,0,'2002-11-20 00:16:24'),(452,340,83,'Et laborum vero dicta qui ullam beatae fugiat. Odio dolores aut error aperiam. Deserunt omnis nesciunt est doloremque. Magnam consequatur eius consequatur ea. Nisi sequi molestiae sit rem id iure placeat.',1,0,'2006-11-26 00:26:46'),(453,393,219,'Consequatur corporis aut commodi corporis. Nemo libero ut veritatis reprehenderit aut veniam eum. Ut facilis possimus aliquam facilis eum est itaque soluta. Sed non nisi molestiae expedita id.',0,1,'1997-05-16 16:30:40'),(454,414,413,'Ad autem reprehenderit quo tenetur. Numquam voluptate ratione voluptatum voluptatem et unde veritatis. Et necessitatibus dolorum ab labore. Pariatur illum nam ut sed.',0,0,'2001-11-09 21:22:36'),(455,322,369,'Inventore voluptatem rerum ipsum omnis ab. Alias perspiciatis laborum enim qui ex voluptas. Aspernatur corporis id earum at laborum iste exercitationem. Sit incidunt sit autem perferendis quia nihil quod.',0,0,'1983-10-13 17:20:55'),(456,381,295,'Dolor voluptatem nostrum quaerat sit quod a iste. Dolorum et qui facilis distinctio.',1,1,'2019-07-14 00:46:25'),(457,335,286,'Esse illo asperiores voluptatem consequuntur quam omnis impedit magni. Est laudantium enim voluptatem ut a. Occaecati est consequuntur sint earum voluptas quia. Eius consequatur repudiandae tenetur provident quo possimus.',1,1,'2016-11-08 04:57:33'),(458,427,274,'Eaque sint ipsa consequatur sed consectetur aspernatur recusandae. Deserunt voluptas maxime nesciunt architecto. Quasi qui quas temporibus optio voluptatem aut. Quod voluptate itaque nihil aut quos.',1,1,'1978-06-17 13:00:50'),(459,89,122,'Voluptatem minima eius nihil voluptas illo quia quia. Distinctio consequatur fugit aut officia molestiae distinctio. Sunt omnis ad vero et distinctio. Quaerat dignissimos veritatis quis animi quod est et et. Est soluta ab quia blanditiis.',1,0,'1976-02-29 10:54:20'),(460,343,350,'Aliquid qui fuga aut accusamus est minima et. Ab qui ullam sit non distinctio vel ullam. Voluptatem magnam quo dolorem. Et unde harum aperiam voluptate voluptas aspernatur.',0,1,'1973-06-10 01:43:32'),(461,220,51,'Quos dolorem rerum expedita architecto et nemo. Saepe modi at voluptas velit quia error et. Aliquam occaecati quidem omnis natus voluptatum.',1,1,'1995-10-05 06:46:41'),(462,92,307,'Aperiam assumenda eligendi nisi necessitatibus. Et dolore maxime officiis at dolorem. Labore fugit tempore non ut.',0,1,'2016-11-19 22:42:32'),(463,258,371,'Cupiditate recusandae beatae sit iure veniam id. Dolor dicta suscipit at cum. Qui quo facilis consequatur assumenda veniam quaerat quibusdam similique.',1,0,'2012-06-09 07:35:58'),(464,77,275,'Praesentium est id sint mollitia nobis corporis. Repellat repellendus assumenda reprehenderit maxime. Ea quia aut qui dolorem earum commodi. Vero accusantium repudiandae aut recusandae velit.',1,0,'1978-03-28 09:19:40'),(465,142,384,'Tempora est maxime non ex qui. Consequatur voluptatem fugit vel atque ducimus qui sed. Tempore omnis id reiciendis voluptas est nostrum voluptate. Iure sunt ut rerum nemo.',1,1,'2014-01-17 22:41:35'),(466,492,310,'Mollitia temporibus laboriosam non repudiandae officia tempore recusandae. Quia fugiat mollitia necessitatibus et nostrum. Quisquam ipsum est nisi aut vel minima eos. Omnis ut laudantium hic sapiente aut. Ratione quo illum cum praesentium.',0,0,'2010-05-14 12:07:58'),(467,72,429,'Consequatur aliquid aut consequatur at qui laborum. Qui quo consequatur ut nobis atque. Aut qui repellendus molestiae porro dolor repudiandae. Eum quasi autem aperiam vero.',1,1,'1989-07-19 13:46:44'),(468,429,359,'Omnis et excepturi occaecati eveniet commodi aperiam deserunt perferendis. Blanditiis corporis esse in hic odio. In alias nemo qui provident sint. Similique sapiente tempore sunt nulla ut et in. Aut perspiciatis ea quae facilis.',1,0,'2011-02-06 07:38:37'),(469,8,464,'Et non quidem quia nisi recusandae quia. Explicabo sint laboriosam a repudiandae quibusdam recusandae. Nemo numquam occaecati modi sit. Modi ipsam vel totam odio.',1,0,'1999-03-25 09:52:54'),(470,292,69,'Consequatur maxime laboriosam ullam sequi iusto non quaerat. In autem dolorem aperiam. Necessitatibus quis quis est sequi. Est nam non nostrum sapiente odit.',0,0,'1999-11-09 20:01:06'),(471,466,126,'Voluptas blanditiis labore dolor sunt et non et. Quaerat eveniet quas et est labore. Quisquam rerum ut corporis. Voluptas ea alias debitis tenetur ut et.',1,1,'1986-11-20 05:41:12'),(472,231,274,'Iste deserunt at quas enim earum deserunt. Temporibus ex dolore ullam pariatur harum. Quo esse earum inventore accusamus. Aut possimus illo pariatur libero.',1,1,'2012-01-08 01:27:20'),(473,178,67,'Fugit velit unde est sequi dolores dignissimos. Nesciunt mollitia est possimus sequi. Sit odio sunt impedit. Officiis amet culpa beatae debitis excepturi.',1,0,'1974-08-15 00:12:27'),(474,303,311,'Non sed labore esse consequatur ut. Est corrupti officiis ipsam eos esse. Quia libero sit natus maxime voluptatem cum. Ut et rerum impedit blanditiis velit dolorem. Et maiores sed quas quos.',1,0,'1990-08-25 02:06:25'),(475,147,301,'Amet accusamus excepturi aut totam perspiciatis. Ad recusandae laudantium omnis et error aut aut. Reiciendis velit fugiat eum cupiditate.',1,0,'2006-10-11 11:28:13'),(476,63,410,'Et ab sint saepe in numquam. Eaque quasi enim quia deleniti cumque nostrum ipsum id. Doloribus veritatis autem recusandae autem nostrum earum.',1,1,'2005-12-30 06:20:29'),(477,363,86,'Quos quam in non qui. Dolores et aut qui. Fuga voluptatibus recusandae dolorem consequuntur temporibus veritatis voluptate. Ut autem quia illo et nulla aliquid corporis accusamus.',1,0,'2013-06-05 03:16:14'),(478,338,431,'Voluptatem qui ut sint quaerat quia molestiae deleniti. Sunt et ullam dolorum aut occaecati. Sed corporis fuga quia quo doloribus autem. Non repellendus dolores consequatur eum et veritatis. Voluptas illo quaerat incidunt enim quidem neque nobis.',1,0,'1998-11-04 00:11:45'),(479,143,421,'Fugiat rerum labore in. Est et placeat consectetur qui nesciunt error. Numquam et non reprehenderit dolores optio ipsa repudiandae. Sit ut illum id rerum. Dolorem aut ut consequatur deleniti.',0,1,'2003-09-08 17:15:18'),(480,176,118,'Omnis id quae aut. Aliquam quam consequatur quod ipsum ipsam. Reprehenderit fugit ducimus adipisci ducimus et tempora temporibus.',0,0,'2006-02-28 07:42:09'),(481,59,442,'Alias dicta excepturi ipsa voluptatum a quis. Ipsa ad ad quasi suscipit. Beatae ut qui sit eos in nesciunt incidunt. Itaque dolor et quos deleniti commodi dolores voluptas voluptatibus.',1,0,'1995-03-25 20:34:24'),(482,33,339,'Est sit facilis necessitatibus odit sunt explicabo quasi. Quia veritatis et nihil in modi debitis omnis. Exercitationem unde vel occaecati vitae aliquam.',0,0,'1970-08-02 03:03:08'),(483,97,465,'Ex nihil ipsam nihil iste dolor. Nesciunt atque aspernatur sapiente optio porro similique. Sed voluptatem molestiae reprehenderit ea officiis aut. Culpa porro laborum et corporis adipisci ut.',1,0,'2007-06-22 05:54:53'),(484,32,266,'Nesciunt labore excepturi deserunt animi. Consequuntur veniam voluptas ad ut et. Ipsa nisi aut omnis occaecati nihil sapiente. Error est commodi libero error ex facere officiis qui.',1,0,'1991-03-17 16:30:24'),(485,235,376,'Aliquid aut dolorem cum dolores quas nisi architecto. Sit sunt cumque quo. Voluptatem nihil nihil ipsam expedita omnis illum modi maiores. Ipsa et labore quos ea fugiat in est. Cupiditate in ut aut optio officia.',1,1,'1970-07-02 11:01:43'),(486,174,242,'Adipisci minus error libero aut et quis. Enim temporibus provident ex in est officia. Enim amet ex non tempora dolore. Est corrupti non quo molestiae. Eaque non est a excepturi blanditiis delectus.',1,1,'2003-04-17 19:49:25'),(487,189,216,'Quos dolores reprehenderit laboriosam nesciunt temporibus aut non. Debitis inventore quis nemo rerum. Occaecati ut similique dolores.',0,1,'1981-08-31 23:12:40'),(488,15,425,'Inventore dolores qui suscipit voluptas tempora eligendi. Sed ut tempore delectus saepe consequatur. Et ratione architecto ut et. Qui suscipit dolorem ut et.',0,0,'1985-05-13 22:12:15'),(489,78,114,'Rerum nobis numquam non maxime placeat debitis sed. Delectus soluta eveniet modi quos dolore. Eos qui et non consectetur et sunt reiciendis.',0,1,'2009-10-04 18:04:25'),(490,338,345,'Iste qui sed corrupti ducimus et laudantium. Eaque sit iure rerum dolorem quia qui. Ab porro porro laborum odio molestiae beatae.',0,0,'1974-10-27 02:58:05'),(491,211,21,'Quisquam dolor vel eos et dolores culpa eum. Enim consectetur aliquam qui saepe eum. Sequi minima porro impedit sint sit nihil doloribus aut. Quo ea molestiae dolorum sit neque.',1,0,'2003-01-10 07:14:34'),(492,469,284,'Laborum et nesciunt est deserunt doloremque sunt. Atque enim laborum quam qui ad quas voluptatem. Qui minima suscipit harum. Vel sunt sequi perferendis tempora quo nam fuga. Qui quod quam doloribus consequatur quidem.',1,1,'1972-08-26 02:34:01'),(493,12,206,'Alias quod consequuntur numquam et vitae. Sed minus consequuntur tenetur dolorem dolorem ad. Soluta omnis earum fuga quam dolorum. Inventore debitis molestiae porro qui ut.',1,0,'2019-03-31 21:30:33'),(494,494,354,'Et eaque id quasi. Et at at earum qui numquam. Qui nisi qui quis est autem repellat voluptatibus sit.',1,1,'1974-04-04 11:02:18'),(495,285,363,'Quos quo ipsam asperiores quis error officia incidunt. Exercitationem quod inventore placeat. Et quo voluptatibus eius doloremque illo saepe sapiente. Nulla reiciendis aut atque laborum rerum alias possimus sunt.',1,0,'1992-05-17 11:39:03'),(496,458,202,'Aut doloribus officia mollitia rerum aut nesciunt repudiandae. Voluptatum necessitatibus laborum numquam sed nam omnis. Cum voluptatem qui ut et dolor repellat. Enim doloribus fuga aliquam quidem.',1,1,'1987-03-16 09:17:24'),(497,135,67,'Asperiores beatae soluta dolore ut culpa facere. Sint delectus quidem eveniet veritatis dolor autem. Velit dolorem dolorem reprehenderit excepturi quam molestiae. Laborum tenetur et voluptatem tempora magnam accusantium.',1,1,'1970-08-07 17:04:50'),(498,431,452,'Non qui itaque natus iure consequatur quaerat. Esse totam ab odit numquam. Saepe unde accusantium repudiandae libero ut dolore.',1,0,'2010-05-01 13:25:34'),(499,467,480,'Qui ad exercitationem error voluptatem. Sint quod aut eius ut. Eligendi culpa consequuntur quisquam quia nemo tenetur atque.',0,0,'1994-06-06 15:25:52'),(500,497,45,'Voluptate vitae aut enim fugiat ut. Dolores dolor blanditiis vel dicta. Libero et occaecati eligendi quo nobis eaque fugiat et.',1,0,'2012-09-16 04:26:10'),(501,233,30,'Rerum a hic provident officia aut. Consequatur quas totam sed temporibus. Id laudantium qui quis mollitia minus. Aut ut provident sit ea velit.',1,0,'1983-10-13 10:19:31'),(502,450,161,'Qui nulla perferendis vero similique. Autem omnis odio voluptatibus officia vitae accusantium nihil ex. Sed aut eum commodi temporibus.',1,0,'1986-12-03 11:24:52'),(503,452,278,'Qui inventore illo sed illo. Error aut atque ab corrupti voluptate. Rem impedit culpa tempore amet culpa quod in.',1,0,'2007-10-11 12:00:19'),(504,32,328,'Ipsum neque mollitia voluptatem suscipit dolor. Cum beatae id ea aut nostrum dignissimos fugit. Dolorem est ipsam nisi quis autem pariatur.',1,0,'1994-10-21 13:37:36'),(505,44,235,'Optio non eius nostrum quas. Officiis iste voluptatem quia quis. Esse fuga vel est similique magnam.',0,1,'2019-11-24 17:13:21'),(506,40,497,'Voluptatem asperiores officia nemo sit perspiciatis. Facilis dolor occaecati sit delectus aliquam delectus. Molestiae possimus odio porro rerum necessitatibus accusamus.',0,0,'2018-09-03 04:55:35'),(507,363,323,'Suscipit vitae soluta maiores et. Voluptatem iste provident dolore ipsa occaecati perspiciatis consequatur. Quidem non alias explicabo tenetur quibusdam dolores optio. Sed voluptates rerum tempore maiores ullam animi rerum.',1,1,'1990-01-10 13:45:28'),(508,28,171,'Rerum iste omnis aperiam iure autem sit. Beatae libero quibusdam molestiae voluptatibus. Quod tenetur est accusamus dolores sit.',1,0,'2018-09-29 15:30:42'),(509,269,330,'Ea ut eius eos amet. Maiores harum reprehenderit aut. Fugit cumque cupiditate eum voluptas pariatur. Officiis eum reprehenderit eligendi non illum praesentium quam vel.',1,1,'1981-07-22 20:44:20'),(510,343,225,'Dolor qui doloremque amet earum. Iure explicabo qui commodi ratione maxime rerum maxime. Eum expedita animi et asperiores.',1,1,'2004-08-23 06:58:34'),(511,96,303,'Doloremque voluptatem consequatur deserunt accusamus tempora est id. Laborum ipsam cum voluptatibus fugit et. Incidunt eveniet voluptatum fugiat ut aut nobis quis. Earum et hic soluta sequi eos magni sit.',1,0,'1974-12-09 07:02:05'),(512,228,229,'Eaque nisi quia eius voluptatem voluptas. Reiciendis dolorem culpa saepe dicta debitis architecto. Qui facere ea exercitationem labore.',1,1,'1983-01-24 07:28:24'),(513,460,114,'Perferendis quod sint minus iste cupiditate magni ipsam. Ab adipisci natus ut soluta et voluptatem. Eos a harum qui tenetur et. Quos libero laborum delectus vel.',1,1,'2019-10-07 11:35:48'),(514,190,105,'Expedita quis sapiente qui voluptate libero vero autem. Harum eum magnam autem ea. Ea expedita nesciunt voluptatem.',1,1,'2005-07-12 15:31:59'),(515,457,468,'Quia beatae in inventore. Recusandae aspernatur temporibus id impedit. Autem ea ducimus ea esse.',0,1,'1993-02-04 10:31:30'),(516,467,433,'Eum illo iusto aperiam deserunt aut laboriosam. Eaque animi omnis dolorum ut. Excepturi ullam aut totam adipisci quia est est.',1,0,'2018-05-06 10:17:35'),(517,262,12,'Et unde ut eveniet rem et culpa. Rem doloribus corporis officiis omnis in voluptatem. Qui nam dolores rerum quaerat. Ducimus eos officiis ut omnis et.',1,1,'2001-02-27 20:37:46'),(518,272,324,'Voluptas tempore qui et ut. Odit rem dolore reprehenderit ab quod et in et. Accusantium et assumenda sed. In impedit excepturi consequatur.',1,0,'2014-12-18 23:25:44'),(519,303,44,'Accusamus labore modi omnis minus aut. Assumenda earum nemo ea ad provident corporis. Quia fugit rem non autem.',1,1,'1992-09-15 08:28:04'),(520,311,422,'Unde illo explicabo exercitationem eveniet culpa. Vitae perspiciatis impedit dolorem et. Rerum et pariatur nihil repudiandae itaque.',0,1,'2014-11-11 17:21:53'),(521,178,121,'Et laboriosam qui laboriosam illo eos laudantium. Hic soluta est eos ex unde nulla tempore. Ut repudiandae aut dolor ipsa.',1,1,'2013-01-24 12:51:18'),(522,73,1,'Excepturi repellendus temporibus voluptate architecto. Aliquid consequuntur dolores tempora molestiae asperiores omnis. Harum unde doloremque et. Aut consequatur nihil error totam illum omnis necessitatibus.',1,0,'2000-10-04 20:32:14'),(523,286,425,'Qui mollitia dolores ad amet ut. Quis ipsa modi et accusamus consequatur architecto. Quo ut non libero eius dolore voluptatem aut. Rerum possimus nam illo quibusdam aut nulla adipisci.',0,0,'1983-06-02 05:00:35'),(524,265,52,'Nisi excepturi qui quasi doloribus. Et sit labore exercitationem iusto inventore harum exercitationem et. Quia quia quam quaerat eum est. Modi voluptatem nemo enim et aut.',0,1,'2006-03-27 13:53:50'),(525,464,163,'Quam molestiae ab aperiam laborum quod porro fugiat. A sit ullam id non nemo natus fugiat fugiat. Voluptas consequatur quo voluptas.',1,0,'1973-12-09 18:36:45'),(526,424,132,'Nihil sit qui neque temporibus corrupti ut. Autem aut officiis quo adipisci. Ut distinctio est iure ab qui esse aut facilis.',0,0,'1981-08-30 04:02:40'),(527,384,25,'Distinctio aut quis accusamus consequatur vero. Nostrum quibusdam aliquid ratione eum dolorem aut et. Ut quia et fugiat cupiditate illo. Nulla corrupti rerum accusantium sequi doloremque.',0,0,'1971-09-02 10:37:02'),(528,470,278,'Ratione unde odio unde quod eius et exercitationem. Consequatur dolor deleniti modi ut. Tempore officiis rerum dolores nisi at delectus distinctio consectetur.',1,0,'1990-12-26 12:30:31'),(529,478,56,'Eius voluptatem ut at omnis omnis quae illo et. Consequatur tempora rem est soluta. Sunt fuga molestiae expedita consequatur illo id. Aperiam et aut iusto doloribus sit. Tenetur consectetur quis nisi sit voluptates quaerat error corporis.',0,1,'1992-01-28 13:21:29'),(530,344,54,'Doloribus enim animi aut nisi recusandae quia. Quis excepturi vero impedit. Recusandae facilis dolorum ipsam quia asperiores sunt magni. Ut sed quo quaerat excepturi dolorem consequuntur quam.',1,0,'2002-11-05 20:21:54'),(531,236,18,'Maiores praesentium eos et adipisci. Ipsam consequatur laudantium enim praesentium. Sit possimus nihil deserunt maiores architecto totam dolor.',0,0,'1994-05-09 22:25:38'),(532,380,347,'Culpa possimus soluta occaecati et laboriosam. Perferendis velit laborum iure ut id praesentium.',0,1,'2019-02-06 22:51:36'),(533,93,425,'Ea expedita vitae reiciendis inventore. Qui voluptatem nam aut aut totam est ipsum aut. Nisi nihil sunt enim accusantium tenetur eos.',1,1,'2000-09-03 15:04:19'),(534,344,446,'Et rerum explicabo est autem et numquam aut. Doloribus amet nostrum suscipit impedit. Nemo veritatis dolorum nihil magni.',0,0,'1999-10-16 01:58:43'),(535,195,137,'Architecto deleniti repellat magni rem rerum. Vel sed accusantium ducimus id optio quam sequi. Dolorem soluta qui in sequi iure. Deleniti tempora et quasi asperiores est.',0,1,'2010-03-12 01:41:57'),(536,101,94,'Optio beatae non magnam possimus ipsa debitis. Aut sed blanditiis assumenda laudantium. Qui iste sit mollitia.',1,0,'1979-12-20 17:05:36'),(537,164,38,'Nulla quibusdam eligendi cupiditate consequatur nobis dolor. Eligendi modi maiores id debitis natus laudantium. Voluptate aut facere quam quas earum.',1,0,'2008-01-14 04:36:34'),(538,200,382,'Fugit nesciunt sequi non delectus hic tempore. Reiciendis in est modi eius est. Dolor reiciendis eius aut voluptatem. Consequuntur quas rerum quam et dolores labore. Vitae dolore ut necessitatibus ut quis voluptatem animi.',0,0,'1980-12-17 16:38:13'),(539,313,415,'Adipisci recusandae rerum odio sit et non expedita unde. Ad quisquam sit at. Est quo sit sed doloremque numquam impedit.',0,1,'2005-07-20 09:31:32'),(540,139,446,'Facilis possimus est nostrum corrupti temporibus numquam. Officiis adipisci sed cupiditate corrupti consectetur enim. Commodi vel natus corporis quidem maxime esse est.',1,1,'1974-03-10 12:02:41'),(541,315,237,'Ipsa culpa nesciunt aut aperiam ea. Possimus corrupti ad quibusdam molestias. Reprehenderit qui vel dolorem corrupti quae sit et.',1,0,'1980-03-14 17:23:40'),(542,240,487,'Non alias temporibus ex aut. Amet aspernatur autem et autem est dignissimos occaecati quaerat. Sint facilis quo sit aut corporis voluptas et.',0,0,'2012-05-11 17:24:38'),(543,216,116,'Magni maxime omnis facere dolor aut cum. Tempora alias qui consequatur tempora. Fuga facere est aspernatur officia tenetur.',1,1,'2015-04-16 13:35:37'),(544,431,309,'Qui voluptatem neque minus eius explicabo totam recusandae. Minus eum recusandae molestias tempora numquam doloremque omnis. Nostrum quasi rerum ipsa odio repudiandae ea est consequuntur. Quia et consequatur nostrum ullam enim culpa facilis. Possimus eum cumque dolorem qui id consequuntur non.',0,1,'1989-07-10 20:34:23'),(545,251,325,'Enim necessitatibus velit reiciendis. Voluptatum et deleniti omnis et laboriosam et perferendis totam. Rerum debitis tempore eos laudantium voluptate. Error qui aut et qui minima quo at.',0,0,'1989-02-03 12:27:59'),(546,374,395,'Accusantium voluptatum ad fugiat distinctio eum quasi earum. Exercitationem quo eos possimus quos. Temporibus neque sapiente aspernatur odit.',0,1,'2002-07-14 20:54:41'),(547,352,75,'Id necessitatibus necessitatibus expedita qui ratione. Fugiat cupiditate nisi quibusdam odio atque accusantium aspernatur. Nemo autem autem et velit et autem dolores. Dolor accusantium libero est.',0,0,'2009-12-29 20:54:56'),(548,317,359,'Et cumque voluptatibus voluptas omnis ab et. Cumque magni autem iusto tempore eaque tempore sit quasi. Sit tempora autem necessitatibus recusandae voluptates.',1,1,'1998-04-17 17:49:49'),(549,344,143,'Voluptatibus harum ea ullam amet nihil dolorem. Nobis similique voluptate aut dolores. Magni nostrum deserunt maxime autem delectus.',0,0,'1988-11-19 03:25:19'),(550,180,474,'Ut laudantium ipsa ut mollitia quia architecto illum. Fugiat nemo commodi qui corporis ullam non tempore. Quasi placeat et deserunt sit. Et adipisci et quia fugit sit ex animi.',0,0,'1972-01-13 21:32:50'),(551,326,211,'Voluptatem autem non sint. Omnis numquam qui distinctio. Saepe accusantium dolor sit est quibusdam voluptatem velit.',0,1,'1987-12-17 14:57:50'),(552,76,245,'Nemo cumque distinctio magni vero. Repellendus est ut explicabo qui quae culpa nesciunt aut. Modi et quisquam doloremque.',1,1,'1990-12-26 13:09:43'),(553,496,246,'Suscipit neque consectetur in dolorem. Aut vero enim corporis autem officia. Dolore ex itaque nihil possimus sint ea. Excepturi rerum suscipit sed atque odio dolor molestiae. Autem quia aut voluptate inventore.',0,1,'1970-12-29 14:01:14'),(554,242,471,'Repellat nulla porro autem animi sequi. Numquam aut ducimus laborum qui. Consequuntur inventore ipsa reiciendis aut maiores.',1,0,'2010-05-08 04:35:59'),(555,128,226,'Rerum corporis perferendis aut fugit qui eos itaque. Nobis magni cumque architecto. Optio sunt iusto qui quas laudantium sunt. Repellendus magnam aspernatur voluptas cumque quae. Reiciendis et iusto tempora.',1,1,'1992-09-01 23:29:59'),(556,247,58,'Commodi ex ratione et saepe cupiditate. Exercitationem aliquid et sint non vitae laborum molestiae. Rerum dolorem dolorem minima aut vitae aliquid.',1,1,'1994-10-01 22:53:00'),(557,45,54,'Sint doloribus aut numquam et accusantium corrupti accusamus. Autem omnis optio deserunt eius qui aut. Aut ut dolorum aliquam qui.',0,1,'1989-09-01 17:42:03'),(558,133,500,'Aut occaecati dignissimos earum. Facere optio officia molestiae ut incidunt. Velit veritatis dolores qui est autem et.',0,1,'2008-04-28 15:30:34'),(559,104,20,'Expedita vitae totam porro. Quod velit temporibus quia et sunt sint. Quia repellendus alias dolorem quibusdam facilis qui et rem. Numquam et inventore quas autem rerum et facilis.',1,1,'1994-01-22 14:46:14'),(560,285,367,'Aspernatur sint error veniam totam. Sapiente et omnis molestiae et a illum. Quo qui dolore exercitationem qui at cumque.',0,1,'2019-11-21 18:25:44'),(561,478,287,'Earum aperiam pariatur rerum nisi ad porro ducimus. Ad quae non magnam et sint repudiandae. Eos libero cum debitis qui. Et sed in dolor deleniti cupiditate dolores.',1,0,'2011-11-10 02:01:08'),(562,2,149,'Numquam quia fugiat voluptate et excepturi qui. Velit vel iure porro nam quia totam repudiandae. Quidem rerum eligendi molestiae deserunt aperiam animi.',0,0,'1972-07-12 22:35:09'),(563,236,235,'Deleniti adipisci veritatis voluptas fugiat. Sed nihil cum ratione veniam et.',0,1,'1981-10-20 19:53:08'),(564,468,131,'Minus voluptatem sequi repellendus possimus. Animi id alias amet perferendis. Porro deleniti enim repellendus voluptatem. Et necessitatibus minus consequatur dicta temporibus.',0,0,'1981-02-14 01:22:11'),(565,254,373,'Expedita deleniti iusto accusamus et dolore quis. Ipsam reprehenderit nam velit.',0,0,'2018-10-26 16:35:38'),(566,104,399,'Similique iste aut sapiente ducimus nihil autem quae. Dolores deleniti eum quidem dolore nulla reiciendis pariatur. Blanditiis fugit ut necessitatibus.',1,0,'1990-12-18 12:26:59'),(567,185,228,'Fuga modi non esse sit aut incidunt. Corporis et eum aut. Sit voluptatum quod ea beatae nihil ea laborum. Hic est perspiciatis recusandae aut.',0,0,'1991-10-26 22:09:44'),(568,82,224,'Suscipit expedita ut alias ut adipisci natus. Quis non dolor velit debitis. Itaque consectetur aut atque ut accusamus quia earum tempore.',0,0,'1989-08-10 11:11:18'),(569,377,210,'Officiis veniam optio voluptatem neque ut eum reprehenderit. Commodi ut et eos est incidunt doloremque sit.',0,0,'1985-07-28 22:34:41'),(570,421,472,'Veniam aperiam commodi omnis commodi minus est nesciunt. Minus vitae qui molestiae molestiae. Non nulla asperiores possimus velit voluptatem aut aut.',0,0,'1985-02-22 23:13:08'),(571,96,67,'Numquam inventore ad rerum vel sed laboriosam molestiae. Quae aut quidem enim delectus consequuntur eum commodi.',0,0,'1993-10-04 17:19:53'),(572,43,15,'Iste itaque et voluptatum consequatur tempora. Ipsum ut vel libero ea est dolores. Amet perferendis praesentium eveniet occaecati qui.',0,1,'1973-11-22 14:34:12'),(573,444,177,'Voluptatem et quia quis aut est ullam quia voluptate. Minima dolorem et soluta ipsa magnam fugit voluptates. Error deleniti et autem. Laborum laborum est illo qui quia.',0,1,'1998-07-04 13:23:49'),(574,50,221,'Ratione at et maxime. Quod repellendus recusandae libero. Quia rerum repudiandae voluptate velit sed veritatis aliquid velit. Aut laboriosam ut est repellendus.',0,1,'2018-11-14 05:19:51'),(575,452,97,'Et laudantium harum et voluptas vel culpa omnis. Et quam est asperiores voluptatem sunt. Nulla voluptatem architecto laborum ut.',0,1,'2008-03-09 01:19:18'),(576,129,355,'Distinctio nulla et ut vitae adipisci. Aliquid reprehenderit unde voluptate distinctio. Fugit quae nisi aperiam fugit molestias. Vero aut exercitationem enim et ipsa autem aut.',0,0,'2012-06-21 02:28:49'),(577,385,361,'Labore perspiciatis aut voluptates voluptas. Id ex sit eos. Illo ut est tempora cumque ut rerum est. Quae praesentium occaecati consectetur enim fugit consectetur facilis.',1,1,'2002-02-10 00:20:53'),(578,151,170,'Tempore voluptas expedita et et. Porro officiis aut dolorem quae ut exercitationem. Animi aut et autem.',0,0,'1995-10-31 12:55:30'),(579,395,464,'Aspernatur et aut minima inventore quos qui ad voluptate. Hic officiis officia sint. Reiciendis deserunt dolor cupiditate qui. Fugiat et cumque mollitia fugit commodi quia alias. Doloremque facere rerum blanditiis maxime.',0,0,'1971-12-26 06:48:04'),(580,136,288,'Ea voluptatem ea ipsam temporibus aut. Et fugit id reiciendis. Iure iusto repellendus similique placeat. Molestias quidem corrupti omnis officia beatae animi.',1,0,'1994-08-18 05:39:05'),(581,33,298,'Commodi voluptatum enim mollitia. Eos sit odio consequatur similique. Perferendis porro rerum et sed eum.',0,1,'1990-07-27 16:22:16'),(582,390,55,'Et nulla cupiditate est fugit ut. Neque error ut aut nesciunt. Qui totam aut eveniet et ducimus. Culpa in enim enim officia saepe.',0,0,'2013-04-24 06:39:09'),(583,106,365,'Officiis doloribus minus necessitatibus omnis. Aut deleniti ea necessitatibus in ab sint voluptas. Non aliquam dolorem aut minima accusamus. Est quo quis qui alias quia ratione. Voluptatibus molestias magnam nesciunt.',1,0,'2017-10-23 17:58:25'),(584,7,438,'Saepe molestiae dolor blanditiis ea sit. Tempora sunt alias sint minima id aut modi. Tempore quaerat aut earum expedita quis unde voluptas provident.',0,1,'1978-04-21 04:14:31'),(585,167,22,'Temporibus voluptatem maiores omnis voluptate corporis magnam velit. Aliquid sed hic non eligendi. Earum ullam esse et ducimus aut qui.',0,1,'2004-02-18 21:07:04'),(586,107,471,'Consequatur odit doloribus fuga odit atque et facere. Et aut quisquam qui est. Blanditiis quasi dolores ducimus minima officiis fugiat autem.',1,0,'2005-10-06 21:00:38'),(587,34,254,'Ratione omnis consectetur unde rem. Commodi voluptatibus qui voluptatem suscipit. Ut rem autem porro nobis culpa blanditiis et.',1,1,'1985-11-20 22:34:53'),(588,168,78,'Ipsa voluptatem amet in molestias fuga. Velit nihil impedit ad mollitia necessitatibus quae earum. Eum placeat itaque reiciendis.',0,1,'1981-05-17 16:32:08'),(589,384,185,'Cum nemo accusamus voluptatem et exercitationem eaque sint. Facere ut rerum consequatur ut et cupiditate voluptate. Sed quo quia eum et corporis fugit aut et.',1,0,'1973-08-26 05:44:13'),(590,274,314,'Sed eaque reiciendis eum. Voluptatem perspiciatis ex quo omnis. Non et et vitae nam.',1,0,'2001-05-18 21:57:20'),(591,249,302,'Cum repudiandae maxime magni qui non placeat. Reiciendis facere tempore ullam nam saepe iure. Neque commodi atque modi.',0,0,'2005-03-16 20:38:37'),(592,262,403,'Nemo ipsum laborum omnis fuga quia cum. Molestiae et maiores deserunt quia id tempora et. Laudantium quis ut quae qui.',0,1,'1972-12-18 00:13:56'),(593,228,430,'Et occaecati amet est rerum cum. Fuga suscipit sit sunt non iusto est in. Ut dolores eius velit exercitationem omnis rerum distinctio.',1,0,'1986-01-29 02:38:10'),(594,467,45,'Vitae molestias aspernatur accusamus ad explicabo. Qui provident et explicabo placeat. Harum quis nulla necessitatibus deleniti quibusdam numquam est.',1,1,'1974-08-16 18:47:59'),(595,323,481,'Aperiam impedit totam quaerat autem placeat animi. Nemo blanditiis et sit sapiente voluptate. Nobis aut unde vitae.',1,1,'2002-12-27 08:11:01'),(596,436,234,'Cupiditate ab autem ut consequuntur temporibus officia. Nihil id et et dolor omnis commodi. Fugit voluptatibus aut voluptatem provident molestiae rerum.',1,1,'2009-11-02 15:04:51'),(597,363,111,'Itaque suscipit et minus et minus excepturi. Placeat accusamus assumenda quis maxime atque ipsum. Aut eum corrupti eligendi sunt. Soluta sint velit pariatur. Autem error quia ut adipisci nemo consequatur totam.',1,0,'1970-10-24 23:28:24'),(598,465,492,'Et reprehenderit veritatis eum cupiditate. Exercitationem voluptas eligendi et molestiae. Eum excepturi occaecati quo eum molestias ipsum hic.',0,1,'1985-09-03 16:05:01'),(599,63,340,'Ipsa et est neque veritatis maxime. Necessitatibus et consequatur repellendus et eum. Excepturi doloremque minima doloremque autem provident quod. Voluptas necessitatibus voluptas et nam.',0,1,'2002-03-12 00:02:42'),(600,10,31,'Placeat repellendus rerum et neque eligendi autem corporis. Ad adipisci ut laboriosam cum doloremque eaque dolor. Tenetur libero inventore quae vel laudantium.',0,0,'2017-05-01 02:21:03'),(601,125,29,'Quae qui magni odio at dolores. At minima odio et sed culpa voluptatem animi.',0,0,'2007-09-01 13:54:11'),(602,271,267,'Natus corrupti est sint atque. Eum veniam suscipit alias quis. Cupiditate repellat rerum iusto delectus non velit sed. Odio nobis fugit dolores. Nam error autem et exercitationem aut qui cum.',1,0,'2008-05-12 08:35:09'),(603,22,307,'Ea porro ducimus veniam inventore possimus sunt minus. Perspiciatis molestiae minima sed animi magnam illum vel. Saepe nisi quasi ea itaque ullam sint aliquid nemo.',0,1,'1978-06-18 09:35:36'),(604,471,432,'Consequatur architecto incidunt dolor animi eveniet quibusdam et. Fugiat ratione itaque et iure tenetur nihil. Ad earum laborum eligendi ex incidunt.',1,1,'1987-04-05 10:22:35'),(605,249,446,'Ut officia et dolor consequatur sapiente aspernatur. Hic aut est nesciunt.',0,1,'2016-02-07 01:23:51'),(606,483,75,'Dolores voluptatum reprehenderit fuga dolorem amet. Voluptates facere placeat dolorem dignissimos. Voluptas reprehenderit ut debitis eos alias non aut.',0,0,'1972-12-20 07:08:21'),(607,427,409,'Doloremque dolores ut nemo praesentium. Eligendi porro architecto dolor iusto. Quae odit nobis aut voluptatem quod.',0,0,'1988-09-15 03:12:55'),(608,263,90,'Recusandae non quia sit qui id. Autem voluptatum quod qui autem nesciunt eveniet.',1,1,'1976-07-17 15:07:36'),(609,159,23,'Aut rerum ut numquam aut et ea. Et et ut porro sunt dolorem. Et amet impedit esse velit.',1,0,'2012-03-07 01:15:46'),(610,141,132,'Et est qui minus dolore ea. Odio aut labore voluptas dolorum molestiae explicabo atque.',1,0,'1974-03-10 15:32:00'),(611,238,292,'Et quibusdam ullam recusandae assumenda labore cumque non. Iste rerum aliquid commodi perspiciatis. Sint officia consequatur quidem eum tenetur enim qui.',0,0,'1996-08-13 14:54:01'),(612,246,353,'Quia consequuntur quia ab nam quia consequuntur voluptatem. Magni deserunt praesentium et dicta temporibus ad. Iste dolores enim earum aut. Ut unde nulla cum consectetur tenetur fugiat laboriosam.',0,1,'2005-08-06 22:57:12'),(613,28,79,'Voluptas expedita voluptatem et culpa nobis dolor. Aliquam voluptatem distinctio quia sit dolores. Veniam ea et in provident sunt sed vitae accusamus. Aspernatur dolorem aut aperiam tempora rerum et et similique.',1,1,'2001-12-03 02:12:56'),(614,309,311,'Cumque tenetur et soluta odit qui qui aliquam nemo. Optio ut unde tenetur perferendis assumenda. Id molestias nam facere eum eum.',1,0,'1985-11-17 13:09:43'),(615,126,198,'Voluptatem minima earum impedit qui. Nihil excepturi sit vel minus. Qui non recusandae natus sint quia et autem.',0,1,'2010-08-22 13:35:06'),(616,109,450,'Et labore ut a quo aliquid fugiat perspiciatis. Sunt fugiat omnis consequatur vitae dolorem omnis. Ea quia consequatur vel voluptatem suscipit. Iusto et quae nisi enim consequuntur sed voluptate mollitia. Labore aut quam tempore est nulla voluptatum.',1,0,'1971-04-22 10:50:21'),(617,425,272,'Aut eaque ducimus vel quasi sit. Voluptas qui cum assumenda. Doloribus recusandae laboriosam dolorem. Eum eaque ex sint optio.',1,0,'1977-10-24 19:24:33'),(618,85,109,'Natus corporis illo velit vero et. Quidem quas eum fugit veritatis accusantium eum consectetur. A nihil molestiae itaque nihil numquam autem reiciendis laudantium.',0,1,'1979-04-02 21:32:20'),(619,291,125,'Est officia cumque laboriosam. Excepturi et inventore illum corporis. Ex ut dolor error porro.',0,1,'1996-09-13 12:57:27'),(620,254,395,'Voluptas corrupti repellat odit iste labore similique ut. Et quo animi aut atque. At voluptate molestiae voluptatem autem eos.',1,1,'1973-12-05 19:13:15'),(621,209,363,'Labore sed autem perspiciatis et facere dolor. Aut nulla itaque ut temporibus. Rem omnis aut molestiae dignissimos ducimus ut.',1,1,'2009-06-08 09:51:43'),(622,187,345,'Eligendi voluptate maxime aut iste. Sunt vitae est laborum eum. Omnis porro enim eos molestiae quidem voluptatibus.',0,1,'1997-06-24 04:43:26'),(623,164,284,'Nihil aut quia nisi iure maiores dolores. Nam quia consequatur nobis explicabo quisquam. Velit consequatur inventore officia aut. Occaecati vero esse labore perspiciatis sit voluptatem sed.',0,0,'2014-05-23 21:50:41'),(624,428,289,'Et voluptate et autem omnis qui quo a. Nulla qui sed quaerat reiciendis. Quia recusandae iure minima quia.',1,0,'2007-01-31 19:40:27'),(625,158,424,'Aperiam tempora dolores eum consequatur. Doloremque eligendi natus quos est molestiae. Tenetur consequatur et porro aut repellat omnis.',1,1,'1977-04-05 08:20:03'),(626,146,457,'Qui nostrum et quis reiciendis. In non deserunt minima facere laboriosam. Accusantium facilis voluptatem rem velit.',0,0,'2018-08-20 13:49:04'),(627,344,352,'Sunt eos ab consequatur vero qui cum eveniet quod. Sint explicabo doloremque voluptatibus id. Autem iusto voluptas voluptatem blanditiis. Dolores cupiditate enim voluptatem porro est.',0,0,'2019-09-11 18:11:10'),(628,225,69,'Quasi delectus accusamus vel consequuntur qui officiis. Exercitationem eum modi sit aut ipsa tempore. Esse explicabo ratione velit incidunt.',1,0,'2000-02-27 20:00:55'),(629,168,134,'Amet consequuntur quos voluptatibus quod. Beatae maiores ea unde rerum deserunt aspernatur. Vitae optio omnis eius aliquam.',1,0,'1974-10-02 08:48:04'),(630,164,420,'Assumenda consequatur necessitatibus laudantium voluptas dolorem omnis velit. Nihil sed eligendi et sint. Earum laborum laborum voluptatibus modi. Porro perferendis eveniet veritatis deserunt aliquam est et. Cumque quas alias quam.',0,1,'1994-08-19 05:05:02'),(631,105,267,'Enim repudiandae dolore repudiandae nulla. Sint deserunt fugit natus quasi corrupti. Aut quo laboriosam saepe facere. Earum accusantium velit provident ipsam.',1,0,'2015-03-24 06:53:08'),(632,19,291,'Repellendus inventore non et amet deserunt adipisci porro. Molestiae omnis est ratione perspiciatis nam dolores. Nulla sit et neque voluptatem modi est quia. Eum alias architecto ipsa officiis soluta quis.',1,1,'2003-10-20 22:16:11'),(633,401,129,'Dolor iste nihil ut. Aspernatur facere hic asperiores eos. Quisquam sed optio perferendis assumenda ducimus.',1,0,'1979-07-19 05:34:26'),(634,443,329,'Rerum nostrum ab harum et ut accusantium quibusdam. Tenetur nostrum minus quos quia. Error labore voluptas iste maxime accusamus.',1,0,'1975-07-20 23:59:08'),(635,314,81,'Commodi qui vitae illo consequuntur labore sit. Dignissimos voluptatem hic animi praesentium libero eligendi. Architecto quae recusandae beatae dolorem laudantium sint et.',0,0,'1986-05-01 18:59:42'),(636,465,82,'Et ab rerum magni voluptatem officiis recusandae ut. Alias molestiae repudiandae illo ut soluta voluptate doloremque. Natus maxime dolorum id. Sed sint voluptate delectus deleniti assumenda dolorum repellat.',0,1,'1995-09-10 20:07:37'),(637,14,324,'Asperiores minima accusamus rerum mollitia voluptates sit ducimus corporis. Ex et consequatur reiciendis doloribus similique sunt. Assumenda aut autem minus animi tenetur. Voluptatem praesentium enim et qui earum laboriosam in.',0,0,'1979-05-09 23:07:32'),(638,75,406,'Nihil deleniti ut occaecati laboriosam. Dolores magni sed molestiae voluptatem esse ab ut. Omnis vero id corrupti qui omnis atque qui.',1,1,'2003-09-04 18:25:31'),(639,302,294,'Labore soluta sed dolore et non eligendi ipsam et. Quo dolores voluptas sit labore distinctio. Quaerat eveniet aspernatur autem ipsam quae. Nostrum magni ut voluptatem porro architecto.',1,0,'1974-11-21 21:25:59'),(640,63,432,'Quia dicta qui aliquid fugiat aut. Nihil sed sed alias totam qui ab quis. Blanditiis ut dignissimos veritatis. Dicta sed adipisci odit et voluptatum.',0,1,'1990-09-17 11:55:42'),(641,471,57,'Iure ad minima non. Aut eum explicabo consequuntur qui quo.',0,1,'1986-08-02 04:27:50'),(642,373,193,'Quisquam quidem exercitationem quia adipisci ea. Et ut quo asperiores molestiae nobis vel aut. Neque esse et illum dolore rerum. Est quasi et omnis cum.',0,0,'1982-09-03 21:30:16'),(643,345,146,'Quo omnis et dolor rem sapiente soluta adipisci. Debitis vel necessitatibus eaque aut rem.',0,1,'1987-06-13 19:04:27'),(644,196,38,'Dolorem quia fugit dolor et at. Enim qui sint et nisi ullam ducimus. Enim ea culpa et aut odit laudantium. Architecto itaque quaerat harum doloremque nam.',1,1,'1978-08-30 14:22:55'),(645,104,407,'Tempora voluptatem enim at maxime corporis. Excepturi a fugit quaerat et quia in perspiciatis autem.',1,0,'1980-12-29 02:48:33'),(646,221,383,'Nisi aut qui doloremque assumenda voluptas possimus. Voluptate accusamus sit quo voluptatem. Autem et tempore blanditiis ut dolorem. Eius aspernatur omnis beatae impedit est recusandae nobis.',1,1,'1977-07-10 22:46:07'),(647,253,116,'Dignissimos quia sint eveniet velit fugit aut. Molestias consequatur harum maxime non nobis illo expedita. Consequatur voluptate cupiditate cupiditate accusamus illum quia. Aut explicabo impedit aspernatur veniam velit.',1,0,'2013-08-16 13:28:54'),(648,318,245,'Rerum omnis rem ipsa eos dolores. Nobis itaque dolores rerum aut explicabo ab. Minima quam magnam quia veniam aut. Aliquid commodi aliquid minus natus omnis culpa.',0,0,'1973-05-23 17:03:45'),(649,268,104,'Dolorum laboriosam velit sit magnam rem earum. Suscipit dolores et commodi voluptatum porro. Eligendi officiis rerum sint a eum necessitatibus.',0,0,'1994-12-06 16:28:58'),(650,216,268,'Ea deserunt est tenetur vel. Maiores quod aut exercitationem omnis est fuga facilis. Voluptatem nobis modi asperiores sint suscipit. Et culpa nesciunt dicta repellendus nemo.',1,1,'2010-03-23 22:05:40'),(651,190,148,'Corporis sed ut temporibus veniam quod. Reiciendis est aperiam sit quo magnam. Commodi ad nostrum distinctio maxime et dolorem voluptatem voluptates. Recusandae sapiente aliquam ut aut inventore dolor.',0,1,'1985-04-12 23:42:37'),(652,169,399,'Et repellat debitis cupiditate aperiam qui cum culpa. Voluptas eaque ut exercitationem. Modi hic dolorem fugit eligendi maxime. Est neque possimus provident harum.',0,1,'2010-04-06 13:21:15'),(653,488,242,'Est consequatur sint delectus sequi laborum soluta consectetur. Et enim laboriosam et tempore. Eos consequatur fuga corrupti labore labore nisi.',0,1,'2010-03-08 02:47:30'),(654,246,5,'Laborum omnis illum qui et expedita placeat reiciendis officia. Aut et illo saepe perferendis optio et. Autem necessitatibus fuga qui rerum.',1,1,'1994-05-05 11:08:58'),(655,285,408,'Velit doloremque consequatur deleniti. Officiis dicta impedit aspernatur assumenda ullam vel quia. Ad at debitis dicta quibusdam accusantium molestiae vero. Consectetur non delectus quo dignissimos maxime.',1,0,'1971-08-22 03:10:48'),(656,187,210,'Magnam laboriosam unde esse cumque eaque. Temporibus dicta odio deleniti non in libero libero rerum. Nulla accusamus facilis eum nihil ea. Culpa et dolorum ea.',1,1,'1994-09-24 04:23:21'),(657,488,308,'Voluptatibus et aut amet in sit. Sapiente nam aut quod rerum et sapiente consectetur. Quia voluptatum provident fuga voluptate iure sapiente voluptatem.',0,1,'2019-12-04 14:17:24'),(658,78,463,'Corrupti deserunt numquam incidunt. Soluta ipsam vero fugit. Esse labore necessitatibus quia excepturi labore dolores.',0,0,'1999-11-12 17:43:14'),(659,82,18,'Quas similique debitis natus illum. Amet adipisci modi minus accusamus aspernatur amet voluptas incidunt. Nulla odit dolor corrupti dignissimos sit a. Autem quia et voluptatum eaque voluptate voluptatem esse.',0,0,'2019-05-29 18:27:42'),(660,346,173,'Tempora libero delectus consequatur. Deleniti non aut est at. Corrupti ea omnis et nulla error.',0,0,'2009-09-11 17:16:25'),(661,328,118,'Cum dignissimos possimus enim alias. Nostrum reiciendis nemo unde aut et. Ut aut enim reiciendis. Aut nihil voluptas modi ex. Dolore et quam id fuga.',1,1,'1971-03-11 20:18:51'),(662,109,187,'Non qui dicta ea. Et voluptas cupiditate expedita tempora. Magnam sed itaque et voluptatem mollitia sed sunt tempora. Eos fugit non quia qui sint voluptate asperiores.',0,1,'1998-10-04 22:34:01'),(663,110,486,'Error dicta adipisci officiis quam in voluptas quis. Accusamus earum temporibus numquam ea. Iusto nihil ipsum inventore velit. Molestiae quis aspernatur cupiditate qui numquam voluptatum.',1,1,'1971-01-03 17:06:11'),(664,101,44,'Qui odit id possimus fuga. Quam aut et doloremque. Quibusdam reiciendis repellendus dolorem quis.',0,0,'1973-09-30 03:34:13'),(665,419,463,'Suscipit consequatur distinctio ea ex qui error aut. Cum suscipit ad quia earum numquam. Sunt quia pariatur omnis neque cumque. Est omnis et rerum aut ratione hic eum.',0,0,'1985-02-02 16:54:40'),(666,59,403,'Autem quo molestiae voluptas ad enim earum amet ipsam. Officia tempore ut rerum. Harum a suscipit quo enim.',1,0,'1982-04-26 18:49:20'),(667,338,482,'Doloremque enim adipisci quae numquam libero tenetur. Vel et commodi numquam voluptatem nulla enim nihil. Unde et sed voluptatem. Nobis excepturi nostrum molestiae magnam eveniet quasi.',1,1,'1990-03-13 16:02:13'),(668,394,25,'Reiciendis aut ducimus ut totam exercitationem quo. Repudiandae magnam repellendus voluptatem est quo aut. Maxime eum asperiores suscipit eius.',1,1,'2017-10-11 20:51:20'),(669,443,137,'Molestias tempore facilis ullam nobis et omnis. Sed culpa sit laboriosam velit earum ipsum. Quia iusto quos et dolore molestiae dolor. Facilis odit sit error similique suscipit excepturi odit.',1,0,'1992-02-28 16:20:42'),(670,357,375,'Repudiandae iste labore consequuntur qui hic. Ea quidem ut tempore exercitationem fuga doloremque. Quos cum tempora maxime omnis. Expedita quaerat alias facere sit explicabo repellat. Vero non sit dolore tempore et architecto.',0,1,'2008-06-10 11:09:38'),(671,302,383,'Sequi aliquam qui nam quia nostrum fuga est. Praesentium et velit numquam rerum. Natus est vel non nulla. Ullam quam ipsa enim illum.',0,1,'1995-11-08 19:32:21'),(672,8,393,'Ipsa culpa perspiciatis placeat omnis est quae quia quasi. Nihil et ex vitae eveniet doloremque. Veritatis voluptates ut voluptatem qui dignissimos rerum molestiae vel. Voluptas soluta inventore ratione quidem.',0,1,'2002-10-06 16:11:19'),(673,438,12,'Error rerum sint non veniam magni libero. Omnis odit laudantium quam et. Molestiae eos ex voluptatum minima illum. Voluptatem dolore quasi laborum voluptates sit atque voluptatem.',0,1,'1980-03-20 00:41:38'),(674,246,192,'Natus molestiae incidunt ad suscipit ut culpa adipisci ut. Ut voluptatibus dolor debitis aut. Cupiditate et illum dolorem est est laboriosam cumque. Mollitia et quo voluptas hic nulla.',0,1,'2013-07-01 13:08:03'),(675,222,33,'Consequatur cupiditate saepe rerum adipisci voluptatibus doloremque unde voluptatem. Pariatur eius occaecati autem aliquid incidunt consequatur velit. Quia atque itaque occaecati non quibusdam quam autem. Ab blanditiis rerum est laborum aut earum libero quia.',0,0,'2010-03-07 11:43:54'),(676,497,389,'Rerum adipisci alias et. Vel consequatur aliquam sint voluptas non culpa.',0,0,'2001-03-09 06:13:27'),(677,452,91,'Consequatur nihil nihil qui fugiat doloribus. Fugiat esse aut eveniet atque iure beatae fugit. Quam voluptatibus molestiae iusto magni iure pariatur ea. Ut magni voluptatem nihil tempore eligendi.',0,1,'1986-06-05 04:38:11'),(678,102,233,'Autem soluta a nulla. Recusandae enim magni nemo natus delectus. Amet fugiat tempora ut.',0,0,'2002-06-30 10:10:57'),(679,361,106,'Aliquam sunt optio nobis adipisci explicabo quisquam. Ea nihil inventore quibusdam quidem mollitia aut aut.',0,0,'2012-03-02 17:48:14'),(680,445,407,'Placeat ex et qui sint aut sed incidunt. Perferendis assumenda repudiandae ut amet laudantium occaecati modi consequuntur. Ex fugiat enim eos consequatur atque ullam. Ea pariatur esse ducimus optio dolore.',0,1,'1996-03-03 19:49:58'),(681,198,269,'Commodi in voluptate numquam quod eveniet. Et assumenda excepturi doloremque ab aut sunt facilis. Omnis impedit nobis qui accusamus perspiciatis. Labore quisquam nostrum ut minima commodi quis.',0,0,'1995-11-15 20:22:13'),(682,253,454,'Reprehenderit rerum ullam inventore expedita quia provident omnis. Hic nihil ipsam praesentium nihil architecto. Non earum perferendis ea doloremque nam nam.',1,1,'1975-05-10 03:39:24'),(683,12,199,'Debitis architecto placeat aliquam est. Unde reprehenderit eius nam molestiae enim molestias. Ut quisquam debitis est porro et voluptatum non. Est dolor ex reprehenderit aut architecto. Praesentium sunt cum quaerat eos.',1,1,'1991-12-06 15:52:39'),(684,457,187,'Dignissimos dolores odio ducimus exercitationem. Amet ut fugit reiciendis quis voluptas ut. Molestias in culpa est dolore adipisci tempore tempore.',1,1,'1975-04-02 12:18:03'),(685,66,266,'Sequi est est modi sint et amet et animi. Nihil et eos dolores fugiat eos. Aliquam doloremque non rerum qui quam.',0,0,'2005-11-13 09:29:58'),(686,130,354,'Rerum aut culpa eligendi amet aut tempore. Totam quia qui eos error est vitae maiores. Est quis sed et quo. Rerum aspernatur nam praesentium dolor nobis saepe. Beatae voluptas perspiciatis vel pariatur voluptatem excepturi assumenda.',1,0,'1984-01-03 00:28:38'),(687,380,335,'Atque laboriosam fugiat ut animi. Tenetur repudiandae quisquam suscipit et aliquam ullam. Aperiam voluptatem ut consectetur. Sequi neque veritatis iure ea et consequatur.',0,1,'1979-09-16 03:10:01'),(688,34,166,'Sit quo eum rerum accusantium assumenda. Et laborum quia explicabo rerum sequi. Vero harum a quia vel. Iusto illo eos praesentium accusamus quo et. Aut et ipsam nisi sint.',0,1,'2012-08-22 13:09:44'),(689,229,146,'Fugit est delectus reprehenderit exercitationem. Sed necessitatibus dolorem voluptatibus expedita.',1,0,'1996-11-25 20:47:48'),(690,44,280,'Ut fugiat mollitia occaecati et. Et eos quia id. Totam provident quia eos laborum.',0,0,'1984-06-08 13:12:18'),(691,266,490,'Labore asperiores amet sit. Ipsam distinctio quas voluptatibus quas qui consequatur nam. Quod officia corporis error inventore. Illo quia aut dolores non eos.',0,0,'1987-08-05 16:39:17'),(692,151,285,'Dicta deserunt est accusantium impedit omnis quam neque rerum. Provident illum laborum ipsum ipsam tenetur. Possimus impedit aliquid occaecati dolor exercitationem. Et aut doloribus molestias qui accusamus quia.',0,0,'1982-05-09 16:48:21'),(693,473,10,'Corrupti quod voluptatibus voluptas nesciunt commodi quisquam rerum. Et ut est quia molestiae dolores. Dignissimos qui adipisci quis assumenda excepturi. Eos delectus beatae non nemo necessitatibus. Ea sed numquam officia autem corrupti.',1,0,'2000-04-10 23:14:52'),(694,130,120,'Velit unde necessitatibus quis vel aut accusamus. Eum illum voluptatem id illum. Est eaque vel nostrum placeat nemo.',0,1,'1973-01-01 05:20:05'),(695,210,190,'Quae eum iusto omnis nostrum qui assumenda. Pariatur repellendus sunt veniam voluptatem tenetur voluptatem. Ipsa occaecati quasi dolorum. Laboriosam qui aliquam est ut velit repudiandae omnis asperiores.',0,1,'1998-04-17 19:13:59'),(696,318,19,'Provident est quas maiores aut. Quidem molestiae laborum sed voluptas ut et quia. Iusto cupiditate exercitationem qui labore. Tempore optio doloribus et.',0,0,'1977-12-24 08:36:31'),(697,143,157,'Cupiditate exercitationem ut est magni excepturi blanditiis sed. Itaque dolores libero dolorem eligendi et reprehenderit aliquid. Velit occaecati dolorum dolores et.',0,1,'2017-06-07 23:32:44'),(698,353,296,'Cum illum et illum corporis enim non vero. Pariatur quod voluptas eum deserunt officia. Dolor dolore est voluptatum dolor tempore quaerat.',0,0,'1995-10-24 10:54:40'),(699,421,214,'Doloribus harum enim expedita. Inventore velit est aut ut consequuntur quos. Aliquid et mollitia accusamus adipisci eum quis dicta. Saepe est praesentium blanditiis consequuntur.',1,1,'2017-08-25 08:59:52'),(700,308,396,'Consectetur assumenda facilis eos voluptatem. Nobis quia molestiae nam sunt. Dolorem rem adipisci et nisi.',0,1,'2005-07-16 03:54:25'),(701,54,84,'Numquam explicabo dolorum et. Quod ut necessitatibus ducimus aut possimus. Consequatur tenetur minus porro vero quam illo.',1,0,'1998-05-24 03:19:26'),(702,259,41,'Consectetur quis aut sint libero qui eum. Perspiciatis pariatur veritatis voluptate atque voluptate. Est minima quia consequuntur quidem in fugiat assumenda. Neque expedita quasi sit.',0,1,'1977-08-11 06:43:57'),(703,428,17,'Eius rerum omnis necessitatibus eos excepturi deserunt doloribus nemo. Perferendis eum dolorem facere facere illum consequuntur perferendis vitae.',0,1,'2015-05-07 23:16:22'),(704,302,457,'Ipsa aut officia qui reiciendis ullam qui. Quo rerum dolorem qui quisquam repellendus odit incidunt. Non aut omnis quod sit. Nemo aut voluptate id aperiam.',0,1,'1980-07-17 02:42:32'),(705,380,28,'Et alias in voluptates. Mollitia explicabo sit quis. Eos doloremque magni dolores quia. Quidem error aut quos quis. Quis maiores suscipit velit qui quaerat ipsa.',1,0,'2010-11-04 11:10:44'),(706,497,403,'Officiis voluptatem qui voluptatem beatae temporibus. Eius voluptatem ipsa id ducimus repellendus sed qui. Est velit et perspiciatis libero similique earum laudantium. Ut possimus earum voluptas tempora.',0,1,'1972-03-12 13:14:52'),(707,21,396,'Eligendi distinctio voluptas nihil beatae ea molestiae. Suscipit quo placeat laudantium. Rem molestiae deleniti reprehenderit et qui maiores.',0,1,'2009-06-29 21:12:17'),(708,418,402,'Corporis rerum molestiae rerum soluta. Voluptas dolore suscipit vero amet quidem molestiae et perferendis. Quo ut voluptatum est consequuntur.',1,0,'2012-02-29 07:08:55'),(709,257,76,'Voluptatem eum vel autem. Officia repellat et non voluptate.',0,1,'1974-01-16 23:28:34'),(710,108,312,'Deserunt sed accusamus hic. Minus natus repudiandae saepe labore dolores non. Aliquam quisquam cupiditate totam tempora sed cumque alias. Suscipit et ullam similique ut.',1,0,'2012-04-01 17:11:48'),(711,236,244,'Et quae voluptatem ut dolor. Quae ut ut voluptates repellat eaque consequuntur itaque. Et et natus laudantium dolor. Aut in nam magnam quas dolores quia quis.',0,1,'1988-01-23 19:42:58'),(712,13,329,'Cupiditate rerum vel odit voluptate est. Et ipsa nihil harum quia consequatur rem. Repellat delectus minus dignissimos magni sint. Quis natus omnis necessitatibus qui qui.',1,0,'1994-11-19 12:51:06'),(713,108,53,'Dolores dignissimos corporis id sapiente magni dolor. Voluptatum est quam et blanditiis consectetur dicta. Deleniti laborum unde ea necessitatibus. Expedita ut ex voluptate suscipit ullam.',1,1,'1999-08-15 10:52:03'),(714,440,39,'Inventore est occaecati vero esse ipsam. Quis fugit aut officiis dolor voluptas error. Et soluta provident soluta illum blanditiis eius eos. Eos sit et excepturi autem voluptate cumque consequatur.',1,1,'2018-01-03 11:56:50'),(715,376,263,'Possimus cum nemo veritatis minus. Qui aut repellendus et autem illum molestias repellendus. Et et fugiat mollitia tenetur. Qui omnis nihil accusamus deleniti.',1,1,'2002-10-13 16:11:24'),(716,186,141,'Tempore ea et vel temporibus dolore natus sint dolorum. Reiciendis repudiandae voluptatem officia omnis. Molestiae doloribus recusandae dolor rerum illo distinctio corrupti. Quia dolore at voluptas nostrum nostrum aut. Totam aut est aut tenetur distinctio consectetur molestiae.',0,1,'1973-05-10 09:52:35'),(717,145,301,'Voluptas qui minima sint enim quos. Debitis ut rem eaque aut rem. Dolores recusandae hic ad cumque voluptate. Eius ex adipisci assumenda esse praesentium. Ipsam quis ea similique aut dolore quis laboriosam.',1,0,'1991-10-02 12:45:55'),(718,72,455,'Iste sapiente ratione aspernatur autem aut aperiam ipsam. Non eius reprehenderit vitae. Deserunt corporis sed aut et. Unde excepturi rerum inventore minus officiis et.',1,1,'1991-07-08 09:44:49'),(719,60,433,'Reprehenderit praesentium in voluptatem quia voluptatum illum velit. Cum perferendis et et soluta. Enim ut et et facere quidem sapiente.',1,1,'1974-11-01 15:22:57'),(720,487,134,'Qui porro accusamus sit voluptate ea qui reiciendis. Quisquam ea consequuntur occaecati et dignissimos. Dolorem cumque ut eligendi repellendus debitis. Dolores porro officiis quis ducimus soluta.',1,0,'1979-11-12 17:14:05'),(721,210,145,'Voluptatem repellendus excepturi quaerat rerum aut sequi quia. Ipsa voluptates totam excepturi nostrum reiciendis vel tempora. Aut vitae laborum illo vel.',0,0,'1995-08-04 03:39:22'),(722,94,34,'Optio ut perferendis rerum. Enim adipisci iste aut. Ex eos amet occaecati vero vero nulla voluptas. Optio aut hic aut aliquid iure dicta quia.',0,1,'2009-01-12 14:00:07'),(723,387,334,'Molestiae inventore explicabo eveniet voluptates. Recusandae autem et delectus similique. Eum beatae non incidunt maxime qui repellendus. Similique sed rerum architecto veniam.',1,1,'1978-07-16 22:55:50'),(724,9,44,'In qui qui aut ducimus. Cum alias in officiis quisquam quo. Deleniti aut at doloremque rerum expedita aliquam quod. Vero pariatur reiciendis dolores neque sit.',1,0,'2017-10-09 01:07:47'),(725,191,324,'Voluptatem amet cumque iure dolorem qui sequi. Omnis adipisci enim quos ullam eligendi. Cumque dolores incidunt magnam voluptatem dolor.',0,0,'1971-10-27 06:30:02'),(726,45,251,'Cum aspernatur est optio possimus. Similique ut eaque et delectus accusantium non est et. Provident dicta rerum pariatur dolorem magni et numquam.',1,0,'2002-01-14 12:58:39'),(727,122,355,'Architecto voluptate neque voluptates necessitatibus iure nesciunt sed. Consequatur sint voluptatem cupiditate iste tempora dignissimos ipsa. Molestias quo eum occaecati impedit.',1,1,'1989-07-12 14:18:19'),(728,411,486,'Quo dolorem quod dolorum. Aut qui aperiam ad odit facere facere. Autem minus aliquam error sapiente. Qui temporibus vero ut dolor.',1,0,'1992-11-23 17:31:54'),(729,199,35,'Magnam pariatur sit deleniti est vel. Qui perferendis nam ipsa iure nesciunt unde. Placeat voluptas nulla aut et quo.',0,1,'2017-02-01 11:28:49'),(730,80,293,'Dolor molestias vel eum enim harum. Id minima sunt dicta natus molestiae doloribus.',1,1,'2002-02-12 10:42:51'),(731,226,250,'Eligendi reprehenderit eum maxime nemo autem reiciendis dolores. Excepturi iure minus earum sit. Doloremque quo ipsam consequatur iusto qui. Rerum aut qui et eveniet fugit.',1,1,'1995-10-19 17:50:40'),(732,71,105,'Odit qui ex vero beatae quam quae. Quisquam libero est sapiente magni explicabo.',0,1,'1978-09-19 14:02:01'),(733,311,241,'Soluta nihil veritatis numquam amet. Odio aut optio corrupti facilis. Eum sed quia cumque ea qui et. Atque nostrum aspernatur officiis cumque sed blanditiis.',1,1,'1987-08-16 11:37:56'),(734,271,130,'Adipisci consequatur doloremque deserunt cumque. Et cum et laborum in vero doloribus. Mollitia voluptatem itaque provident beatae enim ut. Eum qui sint vel reprehenderit placeat.',0,1,'2008-08-22 22:16:07'),(735,339,305,'Esse aliquid magni ipsa pariatur ratione delectus mollitia molestiae. Officia voluptatum quae exercitationem. Cum voluptates eos officia est illum sapiente autem.',1,0,'2005-09-26 02:06:12'),(736,5,110,'Quia nostrum excepturi quod. Eum harum illum omnis sit.',0,0,'1991-01-15 04:28:07'),(737,33,336,'Quo harum omnis enim voluptas sapiente repudiandae saepe. Ut fugiat eum quam non ipsum. Rerum consequatur earum voluptatem nesciunt quam.',1,1,'1989-10-26 01:17:06'),(738,82,402,'Accusantium tempore ipsa possimus perspiciatis. Totam at natus dicta laboriosam. Delectus unde impedit consequatur enim tempora. Quia recusandae vitae suscipit ut recusandae magni. Reprehenderit necessitatibus voluptate natus labore ex sint.',0,0,'1975-07-07 22:05:36'),(739,262,103,'Eius molestiae commodi harum unde. Dignissimos consequatur aliquam maxime asperiores in veritatis architecto. Magnam corporis dolorum saepe sint occaecati consequatur non accusantium.',1,1,'1995-02-14 06:21:16'),(740,231,344,'Pariatur omnis officia consequuntur qui natus doloribus et. Ipsa at nihil nemo cum repellat autem. Aut optio ea et distinctio rerum nostrum ut. Qui recusandae rerum nobis doloremque optio quos.',0,0,'1983-06-01 02:00:12'),(741,28,108,'Laborum maxime voluptatem aspernatur molestias voluptates. Fugit sequi maiores iusto minus. Reprehenderit et quas eum iure.',0,0,'1985-08-27 23:42:45'),(742,455,448,'Voluptatem non numquam dolore omnis aut ut. Et voluptatum eum quia illo ut aut est. Quia distinctio rerum id consequatur.',0,1,'2010-04-07 04:02:53'),(743,378,43,'Quod et eos recusandae labore eligendi molestiae officia. Suscipit amet et autem ratione ut in. Accusamus tempora amet corporis est natus ea. Qui qui quia et maiores quidem dolor. Non tempora in voluptatem officia.',1,1,'1985-05-16 14:59:30'),(744,83,285,'Et ea aut sint exercitationem. Qui non voluptas perferendis et. Natus porro rerum beatae eaque omnis aspernatur.',0,1,'1987-05-27 23:53:43'),(745,176,25,'Voluptatum architecto at ut aperiam rerum. Qui quae eum magnam ipsum quia perspiciatis cum. Porro fugit quaerat quisquam ut nihil vel aperiam. Officia et est fuga laborum explicabo voluptatem.',0,1,'1977-12-01 08:31:49'),(746,96,404,'Aperiam quis et voluptas rerum similique voluptas ipsa. Libero saepe reprehenderit nihil ut repellat delectus consequatur. Reprehenderit incidunt esse delectus et.',0,1,'2002-10-11 23:59:42'),(747,230,440,'Maiores unde nihil voluptatem eum alias illo. Eaque quaerat soluta adipisci neque laudantium voluptatem. Rerum error dolorum eius officiis non. Quia quia facilis dolorem voluptates ducimus cum.',0,0,'2019-11-12 11:20:31'),(748,9,224,'Optio mollitia voluptatibus est atque quibusdam. Harum consequatur qui voluptatem aliquid. Quos voluptatum dolor tenetur possimus veritatis.',1,0,'1994-07-22 07:32:52'),(749,94,297,'Minus eum doloribus autem. Molestiae vel voluptate et consequatur provident qui. Ipsum facilis saepe odio neque et sunt quis.',0,1,'2007-02-12 15:05:04'),(750,201,115,'Et nam iste et praesentium porro. Blanditiis facilis necessitatibus dolorem et ea non autem. Quis consequatur adipisci numquam cum.',1,1,'2012-12-22 20:41:48'),(751,470,6,'Dignissimos quia ducimus dolorem consequuntur velit quo. Aliquid minima voluptatem itaque et sapiente voluptate. Pariatur quis non vitae suscipit aut.',0,0,'2019-02-26 09:52:36'),(752,117,68,'Expedita natus a vero eaque vel qui. Aliquam doloribus est ipsum. Repellat quidem consequatur et facere.',0,0,'1994-11-19 05:15:46'),(753,490,244,'Placeat quia in dolorem optio suscipit voluptas. Dicta quis ipsum aliquam hic ab quia. Quis accusamus minima est nam est iusto occaecati. Soluta porro quasi quos temporibus asperiores.',1,1,'1972-03-27 15:37:42'),(754,249,12,'Quia repudiandae est doloremque illo non. Magnam dolorum voluptatem iure nesciunt consequatur velit. Occaecati veniam rem explicabo provident voluptatibus possimus velit perferendis. Deleniti nihil quam itaque beatae tenetur aliquam.',1,0,'1992-10-14 23:52:26'),(755,313,28,'Quibusdam voluptatem deleniti et quae itaque delectus autem. Voluptas suscipit magnam a quis.',1,1,'1980-10-10 15:24:53'),(756,199,412,'Mollitia cupiditate omnis quo ut dolor autem. Harum esse unde eveniet provident. Id et magni sed consectetur nihil accusamus consectetur rerum.',0,1,'1984-06-28 09:20:51'),(757,465,85,'Nihil earum minus veritatis. Quae voluptas aut et sed ut ut. Quos voluptatem neque magnam placeat perspiciatis cumque. Assumenda est et totam quas. Laudantium nulla dolorum omnis saepe et.',1,0,'1986-10-12 07:45:17'),(758,30,393,'Voluptas iste itaque temporibus ipsum odio et porro. Minus aut et non aut. Assumenda commodi similique dolore quis. Quas sed neque maiores ipsa id. Ut praesentium rerum molestias ut est minus.',0,0,'1999-06-21 19:36:45'),(759,376,202,'Quae sequi nam praesentium accusamus sunt. Numquam doloribus ad mollitia iure et. Tempora laborum blanditiis consequuntur voluptatibus perferendis.',0,1,'1973-03-27 22:49:06'),(760,380,294,'Amet iste eligendi possimus est vel. Quia voluptas suscipit ea voluptas autem harum praesentium. Nulla neque aut ipsum ipsum ut consequuntur dignissimos natus. Aut quia natus tempora. Facere commodi nihil fugiat et quibusdam aut porro eum.',1,1,'2000-05-27 20:50:19'),(761,328,259,'Tempora est omnis veniam quam id aut unde. Quidem odio aliquam modi quisquam impedit praesentium. Vel est unde deleniti numquam qui ex.',1,0,'2009-05-28 19:58:19'),(762,312,280,'Qui qui et tempora rerum ad. Earum quo at incidunt iste.',0,1,'2010-07-07 01:50:22'),(763,465,482,'Labore quia modi sapiente rem qui facilis aspernatur. Et asperiores expedita similique dolorem quia ut. Nihil quasi asperiores non sit.',0,1,'1973-10-12 07:29:43'),(764,17,137,'Sed ea id delectus. Qui eligendi repellat molestiae necessitatibus molestiae dicta. Quisquam sit voluptas accusantium magnam.',0,1,'1977-02-21 05:31:18'),(765,134,257,'Occaecati ut rerum illo et voluptatibus error et. Sapiente totam vel porro est. Dolorum assumenda quaerat aut dicta asperiores. Consequatur aut culpa cupiditate.',1,1,'2005-06-26 13:50:46'),(766,383,146,'Voluptatum quas eos laborum ut excepturi ratione nihil. Esse inventore dolorem occaecati qui officia esse omnis. Esse magni nobis cupiditate quia blanditiis aperiam.',0,1,'1988-05-30 08:20:39'),(767,78,454,'Quos deserunt vel nostrum reprehenderit. Nostrum nulla aut ad excepturi. Temporibus dolorem et molestiae tempora aperiam rerum non.',0,1,'1993-09-02 18:41:17'),(768,35,312,'Recusandae doloremque harum assumenda et totam nostrum aut. Fuga enim quae sunt nulla assumenda earum. Non omnis minima inventore excepturi.',0,0,'1993-01-02 03:23:48'),(769,455,337,'Quod quas maiores sapiente provident est quae commodi. Suscipit ut numquam et dicta beatae. Repellat veniam alias repudiandae impedit sunt debitis magni.',0,0,'2000-01-08 20:18:40'),(770,322,97,'Pariatur odit similique aspernatur rerum est. Est nulla qui minus mollitia. Dolorum error impedit perferendis.',1,1,'1999-04-02 05:39:19'),(771,17,295,'Aperiam qui eaque maxime magni ad qui perspiciatis. Consequatur non esse sapiente. Id aut ea assumenda non corporis amet. Ut rem dolore voluptates sit necessitatibus.',0,1,'1982-07-13 02:14:15'),(772,424,232,'Sit aut nobis et et. Doloribus fugiat voluptas voluptatibus. Suscipit rerum nam aliquid possimus.',0,0,'2019-06-16 19:16:30'),(773,391,256,'Et ullam minus velit quae odit. Est praesentium recusandae dolor sequi vero dolores.',1,0,'2013-05-24 11:35:31'),(774,107,265,'Veritatis assumenda sint amet nemo et atque. Et a qui rerum vero qui aut laudantium. Maiores repellendus non pariatur perferendis optio et. Magnam maiores aut ut.',1,0,'1998-05-29 12:07:34'),(775,4,224,'Quod culpa corporis est ea. Iure dolorem et ipsum repellat voluptatem.',0,0,'1993-04-18 17:06:03'),(776,107,362,'Quisquam et ex omnis culpa voluptatibus dolor magni. Et rerum fugiat blanditiis a sed qui. Doloribus nobis ut iure et et.',0,1,'2012-04-09 08:27:16'),(777,488,356,'Iusto maxime maxime dicta et autem. Aut qui est ad voluptatem minus. Quae eos quis quos est qui. Suscipit ut nihil enim unde.',0,0,'1988-10-04 23:45:25'),(778,313,499,'Consequatur enim est assumenda dolor omnis atque. Et praesentium non est suscipit. Veritatis et eius harum in.',0,0,'2017-12-09 18:26:00'),(779,55,277,'Esse quo nostrum fuga autem dolorem. Enim ut eos autem est in ea. Nesciunt dicta quis laborum sequi quam dolorem nulla.',1,1,'2011-12-10 23:51:19'),(780,221,273,'Ut laborum velit facere dolor placeat. Dolores autem dignissimos provident minima animi. Velit aut voluptates dolorum sunt in. Et quia doloribus nihil blanditiis et adipisci. Commodi autem tenetur suscipit.',1,1,'1978-07-07 19:30:22'),(781,200,183,'Ipsa nulla odio odio veniam dolore beatae. Corporis atque nobis quam assumenda voluptatum sapiente molestiae nisi. Sequi sint in nulla autem non quo tempore. In dolorem aut voluptatem totam magni porro eaque.',0,0,'1977-03-19 09:17:03'),(782,315,22,'Quis voluptas repellat aut cumque est vel. Totam error aspernatur voluptatem. Et libero quis nemo exercitationem explicabo pariatur. Quis nihil eum veniam.',1,1,'1990-09-01 12:10:38'),(783,168,272,'Atque maxime qui aliquam itaque voluptatum accusantium. Officia quia fugiat animi quo repellendus iure ex maiores. Excepturi et quasi qui provident id illum assumenda. Sit sint aspernatur sit.',1,1,'2017-11-06 11:30:18'),(784,357,466,'Et beatae repellendus sit dolorum hic. Asperiores cupiditate voluptas excepturi iste. Dolorem architecto dolor voluptatibus aut facilis unde.',0,1,'1988-04-22 04:52:23'),(785,261,406,'Vero atque velit quia esse dicta dolor at debitis. Officiis natus vero velit eos sunt labore praesentium. Et molestiae illum qui hic autem cupiditate. Atque nihil sed atque odio deserunt voluptate quia.',0,0,'2007-03-12 05:21:20'),(786,244,3,'Tempore impedit eos odit ipsa voluptatibus dolore. Quo sed ipsum quia maxime et dolor. Voluptatibus corporis est adipisci qui. Voluptatem sint earum eligendi.',0,0,'1985-10-14 01:22:07'),(787,284,410,'Blanditiis consectetur architecto ad ut. In ratione laborum et est qui. Inventore consequuntur in neque incidunt perferendis dicta voluptatibus. Eos vero cumque pariatur non aut. Voluptatem molestiae porro ut ut qui.',0,0,'2001-11-04 22:58:44'),(788,196,250,'Cupiditate corporis est unde a. Nam quisquam sint non nostrum. Tempora earum id quod.',1,0,'1991-02-11 12:14:21'),(789,164,67,'Est ab aliquam nesciunt quidem. Ipsa tempora alias est nisi rem quae. Eaque et qui quibusdam deleniti voluptatem eum. Sapiente odit cupiditate nihil reiciendis repudiandae.',1,0,'1977-06-02 20:41:30'),(790,342,7,'Et libero et quia perspiciatis reiciendis distinctio. Non esse illo quos incidunt reiciendis.',0,0,'1988-03-06 11:44:49'),(791,12,36,'Voluptatem quibusdam est nulla rem fugit nam aut. Animi ut hic animi aut et libero. Eligendi enim vel laborum facilis nisi.',0,0,'1973-09-21 06:57:41'),(792,142,104,'Ipsum facilis repellendus sit voluptas fugiat sapiente. Voluptatem sint totam consequatur inventore. Fuga sed quas officia quasi eveniet quo. Rerum est minima ea placeat delectus expedita.',0,1,'1974-03-18 18:19:26'),(793,93,153,'Maiores dolor tempora consequatur voluptatem. Enim sed velit placeat a. Rerum enim est consequatur recusandae.',1,1,'1989-09-27 00:07:24'),(794,484,461,'Assumenda reprehenderit autem velit sequi recusandae sed illo. Rerum inventore quasi et impedit iste nisi reprehenderit. Eius nihil voluptates quas enim quia quidem eos.',1,1,'1976-12-15 09:18:01'),(795,352,379,'Aliquid quod nam non voluptatibus. Nulla molestiae qui eligendi atque earum exercitationem quia aut. Inventore deserunt dicta distinctio iure mollitia quis nihil.',0,0,'1980-07-28 22:58:55'),(796,336,41,'Laborum reprehenderit sapiente veniam exercitationem velit itaque. Aperiam at ut earum omnis. Beatae eius tempore sed dolor.',0,1,'1985-05-20 22:03:24'),(797,199,372,'Neque quas ut nihil ratione et voluptatum rerum. Ea voluptatibus animi minima quos rem porro quidem. Praesentium harum quia consequuntur impedit aut fuga soluta. Et laborum molestiae dolores quia adipisci.',1,1,'1990-02-23 17:19:32'),(798,263,198,'Sit et ducimus aspernatur nulla iusto ut exercitationem. Perferendis molestiae asperiores cupiditate et et dicta temporibus. Esse explicabo facilis ad ea quia. Consequatur assumenda eveniet est omnis.',0,1,'1975-01-26 16:42:14'),(799,202,415,'Dolorem tenetur similique minima rerum molestias. Quod vel perspiciatis qui quaerat quos cupiditate. Maxime veritatis alias nihil exercitationem.',0,0,'1987-12-15 17:48:36'),(800,466,87,'Aut eius eaque molestias deleniti culpa recusandae sed. Vitae ut sapiente rem culpa. Maxime ratione laudantium est velit ducimus. Voluptatem atque nam quas et sint.',0,0,'2000-09-02 06:10:29'),(801,34,412,'Praesentium ex doloremque dolores occaecati tempore. Soluta laudantium omnis ut facilis. Placeat et ducimus quas exercitationem vero.',1,1,'2008-09-26 10:34:50'),(802,454,36,'Amet est laborum omnis eum est ab officia eligendi. Rerum soluta quidem quam omnis magni. Omnis consectetur magni quaerat esse. Fuga aliquam perferendis impedit hic harum dolor.',1,1,'1971-08-05 16:00:21'),(803,317,478,'Quia in quos nam et sed sint ea. Repellendus qui non cupiditate odio. Officia enim sapiente provident placeat nobis.',1,0,'1970-06-26 14:05:48'),(804,439,260,'Est officiis debitis suscipit quasi quibusdam in. Reprehenderit amet eius iusto ex et pariatur qui et. Et provident non suscipit veniam corrupti commodi qui necessitatibus.',1,1,'1996-06-23 11:35:55'),(805,481,124,'Rerum est similique accusamus. Enim quidem porro deserunt rem eos. Ea labore culpa laboriosam ea. Nemo quasi dolor commodi enim libero reiciendis.',1,1,'1987-05-02 01:47:28'),(806,176,8,'Delectus id ea vel aut laudantium dolorem. Ipsum qui nesciunt fuga. Repellat dolor cumque dolores nisi dolorem a.',1,0,'2011-02-17 21:38:19'),(807,14,43,'Ipsum provident aut sunt deleniti. Enim officiis quam sunt saepe ut. Vero deserunt ratione vel. Consectetur est harum pariatur cupiditate minus. Eos at aut recusandae rerum amet facilis aut voluptatum.',0,1,'1985-08-07 22:46:46'),(808,172,232,'Est eos est dolorum ut quod. Aliquam dolor quas dignissimos velit soluta. Aliquid et fugiat sit omnis enim distinctio in. Aut voluptatem vel quia explicabo.',0,0,'1975-11-27 08:29:26'),(809,142,13,'Omnis quos ut deserunt est harum. Dignissimos ut natus provident voluptatem.',0,1,'2017-05-01 14:42:20'),(810,139,154,'Et praesentium odio sint dignissimos. Ut voluptas hic hic saepe quia libero ratione. Sunt molestiae aperiam tempore ex rerum ab facilis aut.',0,0,'1986-07-29 16:00:08'),(811,355,311,'Ratione id perspiciatis eius itaque. Et eum vitae atque unde. Facere neque assumenda doloremque modi.',1,0,'1993-04-22 09:42:01'),(812,491,20,'Id voluptates qui fuga earum eveniet vitae. Aperiam ex alias sit autem voluptas.',0,1,'2000-07-19 17:15:06'),(813,128,80,'Tenetur nihil iusto ad laudantium voluptatem fugit magni. Molestiae eveniet commodi sit. Numquam itaque nobis voluptatem sunt. Velit cumque est voluptate ducimus.',0,0,'2006-10-10 02:00:21'),(814,14,332,'Corporis at modi nam dicta. Magni et et praesentium porro et cum. Modi voluptas amet veniam id. Suscipit quo optio sed.',1,1,'2005-10-05 05:34:31'),(815,116,84,'Earum soluta nisi fuga incidunt quis dignissimos. Rerum debitis consequuntur libero. Accusamus dolorem non doloribus distinctio est quos.',0,0,'1997-08-19 13:10:53'),(816,73,112,'Et magnam tempora velit et dolor expedita. Eos sequi voluptatem beatae et. Sunt exercitationem similique et quia et sed est.',1,0,'2014-08-19 06:16:43'),(817,339,361,'Corrupti non est mollitia aut qui omnis dolores. Aliquam aut veniam deleniti laborum.',1,1,'1977-05-05 21:07:30'),(818,285,342,'Itaque ut soluta perferendis nobis. In consequuntur autem dolorem rerum. Earum in suscipit molestiae voluptatem tempora sapiente. Et quo eos delectus maxime.',0,0,'1987-12-13 03:48:58'),(819,356,251,'Et rerum quas rerum. Optio sit tenetur illo. Aut beatae repudiandae non provident. Porro et quo ipsam dolor.',1,1,'2013-05-18 22:55:03'),(820,186,179,'Dolorem quo similique laudantium autem ratione. Cupiditate sint et et occaecati dolore praesentium. Labore dicta aliquam id et placeat voluptate et.',1,0,'1986-03-11 19:10:52'),(821,335,137,'Ad esse assumenda itaque aut sed. Magnam quo quam voluptas reiciendis. Quisquam labore corrupti ratione est itaque sit veniam. Rerum dolores velit voluptate odio explicabo.',0,0,'2014-08-28 21:23:12'),(822,182,497,'Ut id sed assumenda rerum numquam quo. Voluptatem optio quia dolor ipsa ad dolor est.',1,0,'1980-03-15 09:24:39'),(823,440,208,'Nesciunt fuga quam ullam est sint autem ut ea. Rerum quaerat quia sunt tenetur. Voluptatem ex occaecati veritatis omnis iure. Vero ut magnam ut.',0,0,'1989-02-16 18:03:48'),(824,221,480,'Fuga fuga iusto recusandae dolores ut accusantium. Possimus voluptatem vel ut modi sit. Enim qui quis quo. Vel voluptas maiores molestiae est ab blanditiis fugit dolorum.',0,0,'2001-06-04 22:57:03'),(825,237,244,'Voluptatem et aut ut totam dolores eius sint. Ducimus non nam culpa laboriosam. Debitis cupiditate ut labore perspiciatis qui sequi aut.',1,1,'2003-10-29 20:38:51'),(826,10,317,'Odio consequatur laboriosam qui enim ea et. Praesentium praesentium qui rerum fuga. Doloremque qui aut quam repellat officiis. Ex quia eius nam.',0,1,'1972-10-08 09:39:18'),(827,54,318,'Maxime iste illo fugit unde quod. Soluta corrupti modi maiores. Eos quibusdam est assumenda non blanditiis animi aut saepe.',0,1,'1974-05-19 11:13:30'),(828,428,186,'Ab necessitatibus quam blanditiis natus voluptas hic. Voluptatem facilis quaerat amet.',0,0,'1989-09-29 00:01:27'),(829,146,171,'Dolor expedita libero voluptatem ea consequatur consequuntur. Dicta inventore sunt voluptate enim et dolores nemo. Est sequi officiis nulla quis. Ipsum ut corporis corporis at.',0,0,'1998-10-25 00:13:22'),(830,417,71,'Expedita fuga fuga fugit consequatur. Rerum commodi corrupti corporis sed perferendis ex veniam perspiciatis. Tempora commodi iure qui ducimus. Assumenda totam accusamus sapiente perspiciatis.',0,1,'1990-09-02 20:33:44'),(831,105,310,'Deleniti alias sapiente possimus. Dolorem et nobis id consequatur. Accusamus est tenetur voluptatibus minus aspernatur. Provident sed voluptatibus molestiae minima.',0,0,'1979-04-04 17:52:07'),(832,235,245,'Harum dolorum sit qui voluptatem labore quod consequuntur sapiente. Asperiores nam dolore ullam earum adipisci enim quia sed. Nulla dolore omnis ut dolor praesentium iusto. Minus pariatur nobis modi dolor minima. Commodi dolores animi exercitationem enim reprehenderit.',1,1,'1990-06-01 22:09:34'),(833,20,363,'Porro placeat quas repellat laborum. Et harum sunt ullam placeat. Autem soluta quae quaerat illum enim rerum.',1,0,'1987-03-31 10:02:12'),(834,254,180,'Debitis quis eos quia quasi velit assumenda. Velit est a et dolores esse dolorem deserunt. Voluptas quo adipisci aspernatur eum et necessitatibus fugiat.',1,0,'1977-04-13 10:12:30'),(835,140,157,'Omnis sit officia numquam excepturi. Vero et quibusdam veritatis. Corporis ratione id qui consequatur corrupti aperiam eos.',0,1,'1995-04-04 03:37:58'),(836,366,356,'Quia ea harum laboriosam nostrum. Pariatur velit laudantium sed neque blanditiis ab ea. Autem harum molestiae autem doloribus nihil laborum. Natus est et qui amet iure.',0,1,'2000-01-03 06:08:11'),(837,183,347,'Enim aut ex atque dolores consequatur et praesentium voluptas. Dolor totam voluptatibus dolores dolor.',1,1,'2003-11-06 06:05:52'),(838,183,377,'Voluptas quidem eum quia qui. Non non ut nihil. Sunt esse quod quia eius quis minus.',1,0,'2010-01-09 21:15:24'),(839,332,31,'Delectus illum asperiores commodi cupiditate veniam maxime quisquam beatae. Quas aliquam et deserunt similique unde. Tenetur incidunt veritatis qui dolore fugit odit voluptas. Voluptas maiores error incidunt qui vero sequi culpa fuga.',1,0,'1971-02-08 12:54:59'),(840,158,197,'Perspiciatis doloremque consequatur qui voluptatibus qui ea. Temporibus voluptatem dignissimos iure omnis praesentium. Laboriosam est adipisci optio distinctio. Voluptatem voluptatem eius eveniet voluptas repellendus quia.',0,1,'1997-09-01 21:01:58'),(841,10,458,'Fugiat iure doloribus quod sit fuga voluptatem tenetur. Consequuntur perspiciatis omnis ducimus minima voluptatem. Molestiae quia rerum dolore et velit impedit sapiente. Iusto incidunt quisquam velit molestias et ea molestiae possimus.',1,1,'1999-01-27 23:29:53'),(842,262,433,'Aspernatur dolor nisi et reiciendis qui. Animi possimus rerum doloribus aut accusamus et. Rerum enim sed ut pariatur veniam sunt. Enim ut iure labore sunt et.',0,1,'1978-11-08 10:54:51'),(843,380,101,'Itaque illum tenetur id ullam explicabo doloribus. Officia aut tenetur nisi in quis est vel. Ipsam vitae alias autem fugit. Aut consequatur doloremque occaecati numquam beatae temporibus. Quo atque rem optio omnis doloremque ea provident.',1,1,'1986-10-04 23:44:01'),(844,364,16,'Quam nulla eos dignissimos et iure qui. Sit reiciendis asperiores odit reprehenderit suscipit eligendi et rerum. Molestiae saepe tempore qui ut magnam rerum quod.',1,1,'1983-04-07 23:48:56'),(845,488,390,'Aut atque voluptatibus qui corporis. Ex laudantium ut excepturi veritatis. Minus qui facere ducimus tempora eum. Placeat et eius ab impedit. Tenetur illo ab ipsam est sint fugiat nesciunt dignissimos.',0,0,'1999-05-13 07:44:59'),(846,487,266,'Occaecati et nostrum dolorem fugit at. Et quos minima aut non est. Culpa aut quibusdam possimus laboriosam et. Impedit illo non odit quod totam aut aliquid.',0,1,'1993-11-03 21:01:26'),(847,366,34,'Saepe itaque voluptates sed aut earum itaque. Consequuntur inventore quo quia rerum.',1,0,'1999-03-27 16:34:52'),(848,70,248,'Quaerat nulla et autem iste. Odit aperiam quis voluptatibus consequuntur quia. Molestias nihil sunt vel porro sint. Blanditiis dolor nemo at asperiores cum debitis magnam nulla.',0,0,'1984-03-06 04:32:49'),(849,28,395,'Nobis et nemo saepe qui accusamus rem quia. Ut odio doloremque qui ut. Dolor ut voluptatem aut et est. Exercitationem hic velit omnis expedita.',1,0,'2010-01-13 21:37:39'),(850,391,269,'Eveniet nesciunt maxime voluptas quia. Rem dicta veniam accusantium sit odit. Perferendis et voluptas dolorum et doloribus. Temporibus vel blanditiis sit maxime harum iusto.',0,0,'2002-09-18 12:23:21'),(851,170,45,'Saepe labore autem voluptatem est inventore molestiae. Consequatur quos modi iure dolor delectus et et.',1,0,'1973-12-08 04:35:11'),(852,215,438,'Doloremque eveniet et placeat quo. In quia saepe in similique ut.',1,1,'1990-05-27 00:03:49'),(853,45,409,'Eveniet nihil aut quisquam neque quo. Incidunt ab deleniti perferendis cum qui. Omnis officiis qui repudiandae perspiciatis omnis quam. Odit adipisci aut ut vel omnis.',0,0,'1973-08-24 18:31:26'),(854,412,330,'Aliquid suscipit ullam repellendus consequatur omnis. Sapiente aut est illum minima inventore omnis minima.',1,0,'1983-02-05 10:27:44'),(855,415,86,'Et enim harum quo odio et est fugiat. Enim rerum alias eligendi quam quibusdam maiores. Voluptatem sint sapiente sed.',1,0,'1986-11-27 22:13:56'),(856,182,153,'Architecto dolorem id repellat commodi. Ipsum ut quisquam dignissimos aut quo laborum laboriosam est. Optio beatae omnis delectus.',0,0,'1982-05-15 03:43:33'),(857,217,125,'Veritatis fugit quisquam deleniti repellendus maxime. Impedit officia similique in. Nihil harum in quo maiores.',1,1,'1990-03-10 12:52:53'),(858,475,500,'Natus aut saepe nobis voluptatem quia accusamus impedit. Odit nam quo debitis id. Accusantium explicabo eaque temporibus libero exercitationem et itaque. Dolorem quod officiis repellat qui ex cum.',0,1,'2012-01-10 04:13:24'),(859,76,377,'Facilis libero provident libero ut. Libero est commodi ratione amet nisi. Qui est modi dolores aut nulla corporis et. Est tempora non necessitatibus.',0,1,'2007-05-28 00:19:55'),(860,157,152,'Nemo qui cupiditate voluptatem numquam quas. Atque in quos iusto hic deserunt atque et incidunt. Iure distinctio perferendis dignissimos rem. Labore consequatur eveniet laboriosam ullam qui praesentium.',1,0,'2010-01-20 02:10:31'),(861,288,483,'Quo ut a facere quia laudantium. Facere totam dolorem et dolorem et commodi. Fuga et mollitia alias quasi facilis. Qui quibusdam possimus sequi nulla.',0,0,'2009-01-02 15:21:26'),(862,51,306,'Facere beatae praesentium voluptatem aut cumque iusto. Reprehenderit consequatur quia quo rerum cumque veritatis.',0,1,'1997-02-14 11:15:37'),(863,378,472,'Aperiam et rerum sit aut. Commodi omnis assumenda qui ducimus quibusdam dolorem officiis sed. Ipsam adipisci sunt est eum quis eum. Molestias et expedita voluptatem qui facere recusandae at.',1,1,'2011-06-12 13:03:04'),(864,222,197,'Omnis voluptatem non repellendus voluptatem porro. Dolor ab minus hic molestiae. At aspernatur voluptas laudantium. Quos assumenda inventore id ut.',1,1,'2010-08-31 08:34:19'),(865,316,490,'Vero consequuntur exercitationem illo odio quia quam. Repellendus quis ducimus qui ea. Omnis ut quia sit corporis saepe. Ut occaecati neque fuga et.',1,0,'1978-09-24 23:16:50'),(866,499,28,'Sapiente veritatis nesciunt laboriosam aliquam. Expedita ullam eos accusamus sed magnam. Qui autem hic molestiae eos facere quia quo autem. Illum neque mollitia accusantium velit error adipisci. Architecto similique minus consectetur corporis dolores doloremque.',1,1,'2007-07-20 12:04:53'),(867,140,117,'Nemo distinctio quam quidem odio ab. Dolorem itaque consequatur officiis praesentium ex commodi. Optio consequatur enim perferendis reprehenderit fuga itaque.',0,0,'1977-11-29 06:53:19'),(868,164,469,'Dicta consequatur minus minus sed vel nulla. Dolorem veritatis qui quam reprehenderit nemo fugit possimus. Nisi fugit est facere optio ut voluptatibus nesciunt. Molestias et id quisquam et dolorem.',0,0,'1997-04-09 14:05:45'),(869,353,357,'Ut in necessitatibus saepe omnis autem. Non magnam optio aliquam adipisci. Recusandae ut dicta quo eum. Aliquam nesciunt modi accusantium et.',1,0,'2000-06-15 00:00:35'),(870,227,63,'Maxime quis fuga beatae commodi omnis mollitia et. Nemo eum blanditiis laboriosam hic qui. Ex officia autem recusandae. Excepturi quia id non rerum saepe.',0,0,'2006-12-01 04:18:05'),(871,132,471,'Temporibus et optio sunt accusantium neque sint. Et expedita cumque veritatis dolores vero. Est aut iusto ea quam non nesciunt.',1,0,'2004-04-23 05:40:04'),(872,457,373,'Sed molestiae et distinctio. Mollitia omnis et et eum minus. Et soluta quis repellendus beatae.',1,1,'2014-08-31 18:16:58'),(873,495,354,'Aut quasi ut ut eius tempore et cupiditate. Non enim deleniti esse odio tempore ut ducimus. Et veritatis sequi et quod facilis.',1,0,'2005-10-10 09:11:00'),(874,286,366,'Perferendis id ut error. Velit nisi aliquid velit corrupti labore sed laboriosam. Dignissimos amet sapiente voluptas alias officiis.',1,0,'1978-07-30 03:01:04'),(875,472,264,'Voluptatem totam fugit corrupti perferendis ipsa doloremque quis. Laborum et quis sit repudiandae earum cupiditate qui. Ut cumque quisquam veritatis aliquam.',0,0,'1998-12-02 14:22:31'),(876,400,207,'Nihil libero id non omnis. Cum architecto voluptatem odio. Saepe hic ut aperiam. Ex vel quia ut cupiditate corrupti.',1,1,'2012-01-06 09:10:43'),(877,336,56,'Voluptatibus veritatis aut ut dolore dignissimos atque quo. Sit aut delectus vel. Qui sit nulla quibusdam quia et.',0,1,'1987-03-08 01:34:34'),(878,275,205,'Veritatis quas id a omnis repudiandae. Aut ullam neque rerum molestiae. Suscipit non est aut. Aut amet voluptate laudantium nobis et aspernatur facere.',1,1,'2008-01-07 00:08:51'),(879,198,376,'Magni rerum vitae ut deleniti voluptas. Vitae ipsam aperiam eligendi facere qui. Eos quae magni animi quia cumque sit accusantium. Ad ex distinctio voluptas.',1,0,'1990-10-31 20:14:47'),(880,287,304,'Doloribus neque recusandae officiis tenetur. Eveniet praesentium consequuntur aut sit voluptas aut. Quos officia libero adipisci voluptatibus cumque eveniet dolorem.',1,1,'1987-11-30 04:49:13'),(881,159,382,'Consequatur excepturi dolores animi. Laudantium molestiae et veniam sed id. Ut natus nisi quo repudiandae. Ducimus tenetur consequuntur quasi omnis dolorum dignissimos vero.',0,0,'1980-11-16 13:17:43'),(882,434,21,'Ad fugiat aut amet nam porro earum deserunt dolores. Sed dolor et sunt molestias. Debitis non reprehenderit aut tempora.',0,1,'2014-04-27 11:30:59'),(883,303,451,'Necessitatibus aliquam quod laborum quos. Mollitia iure velit dolorum et ad non dicta iure. Officiis sint officiis doloribus. Aut rerum assumenda est illum eum alias cupiditate.',0,0,'2015-07-17 22:17:21'),(884,344,369,'Eligendi amet sit soluta omnis voluptatibus et dolorem. Dolores ducimus sed recusandae incidunt qui. Ut ea nobis error ratione eum eos eveniet consequatur. Quis ea neque ut vel.',0,0,'2019-11-26 21:32:10'),(885,311,448,'Accusamus odio beatae qui quae praesentium et dolorem. Voluptas iusto aliquid aperiam vitae ex debitis.',0,0,'1993-09-23 23:25:31'),(886,306,187,'Cum qui eligendi voluptas occaecati dolor quisquam accusamus dolor. Nihil nisi non qui sit. Consequuntur est odio ullam est dignissimos.',0,0,'2016-04-28 00:40:28'),(887,14,8,'Odio accusamus omnis et est. Ducimus sed consequatur et consectetur molestias quia. Ipsum voluptatem unde quis vero quia voluptatum quasi rerum.',1,1,'2017-11-08 11:30:33'),(888,499,470,'Vero iusto voluptas fugit odit quidem est ea. Autem ad iusto veritatis deserunt. Aut consectetur dolorem nihil eos est voluptatem. Eveniet ut ut unde unde expedita quo neque.',1,1,'1998-05-01 00:18:35'),(889,353,355,'Nesciunt et provident voluptas. Distinctio quis commodi delectus optio totam. Temporibus sit sint fugit vero vero et laboriosam.',1,1,'1974-09-17 08:12:40'),(890,215,11,'Maiores eaque laudantium laudantium est. Aut veniam neque qui. Ea ea voluptatem error. Et suscipit aliquam iusto maiores officia quasi.',1,0,'2013-04-30 06:51:04'),(891,407,2,'Dolore in commodi quam facilis aut perspiciatis commodi. Eveniet tempore sint ut aut expedita voluptas maxime at. Et aut consequatur suscipit et cupiditate sint omnis.',0,1,'1986-12-17 17:49:22'),(892,288,436,'Doloribus et qui enim sit. Maxime quisquam eligendi cum aspernatur asperiores est. Necessitatibus omnis enim culpa totam modi saepe.',1,1,'2018-03-04 18:19:19'),(893,314,260,'Qui sequi laboriosam distinctio cumque omnis. Odit iste molestias quibusdam consequatur aperiam. Architecto ab magni quam quos.',1,1,'1980-06-05 19:49:18'),(894,358,9,'At qui voluptate non iusto quia delectus dolores sed. Tenetur accusantium corporis qui saepe hic sunt enim. Quidem vel quisquam eos dolorem harum. Architecto sunt rerum incidunt dolores consectetur in voluptas dolores.',1,0,'1972-08-16 11:28:00'),(895,473,337,'Porro eligendi consequatur est quis et sunt commodi. Mollitia aut aut qui dolore sed aperiam. Dolorum quam quisquam ipsa.',0,1,'1990-11-11 09:47:24'),(896,264,307,'Cumque non neque nulla labore. Voluptatem tenetur qui nulla explicabo et distinctio. Vero eos consequatur dolorem at est et iste. Et doloribus nam asperiores officiis aut porro. Sapiente vero repudiandae officia nostrum accusamus.',0,1,'2003-07-13 11:56:16'),(897,245,304,'Saepe sit nihil neque. Eos ut tempore sit eius. Itaque at qui qui est explicabo tempora.',1,0,'2006-10-13 22:33:26'),(898,285,12,'Eligendi ea nam ex aut deserunt. Atque tempore consequuntur accusamus unde ad facere. Impedit ea quis sed in dolorum deserunt. Sed magni quasi quasi ipsa.',1,0,'2015-01-30 22:43:26'),(899,205,490,'Ad incidunt repellendus possimus aut. Laborum officia cumque quam et iste aut expedita at. Culpa commodi consequatur praesentium magnam.',0,1,'2015-12-17 12:24:27'),(900,331,187,'Quas autem reiciendis qui in. Similique dolorem numquam aspernatur quidem similique sit. Aut blanditiis facilis dolorem est facere. Dignissimos voluptas occaecati rerum error voluptates impedit.',1,0,'1994-10-11 10:33:00'),(901,443,150,'Voluptatem quod eaque quia deleniti quae totam tempore. Et occaecati odit quod dolor expedita harum accusamus. Culpa earum quia dolore consectetur in. Nulla molestiae consequatur non consequatur saepe consequatur asperiores nostrum. Et ullam eos praesentium.',1,1,'2007-12-03 07:13:56'),(902,421,156,'Est quia iusto id temporibus voluptate. Nesciunt minima fugit soluta qui. Et saepe praesentium laboriosam. Qui inventore est sit.',0,0,'1994-10-27 12:09:06'),(903,15,108,'Maiores hic minima adipisci iure. Ipsum harum odio possimus quia aspernatur voluptatem praesentium. Odio mollitia accusantium quisquam mollitia tempore voluptates. Dolorem ut id voluptatibus omnis illum aut tempora nulla.',1,0,'1998-12-17 07:36:49'),(904,496,154,'Ex fuga laboriosam quis quam consectetur. Deleniti est quia qui non. Excepturi rerum magni neque ipsa molestias perspiciatis. Nisi magnam ut ut ut.',1,0,'1994-08-16 23:10:57'),(905,280,439,'Ullam inventore dolor fuga eaque reiciendis perspiciatis. Quae dolorem laboriosam nostrum iste. Velit aliquam quibusdam vel.',0,0,'2008-11-23 12:20:14'),(906,353,448,'Id atque accusamus voluptatibus et ut culpa ea sed. Unde impedit voluptatum sint ea voluptates qui. Sed est nemo beatae.',1,1,'1995-06-07 11:14:49'),(907,182,65,'Odio et recusandae consequatur id aspernatur aliquid et. Rerum sed excepturi laudantium ut. Aspernatur ut in ex. Enim maxime et sint iste.',1,0,'1981-05-29 14:26:08'),(908,280,204,'Nesciunt hic aperiam asperiores perferendis velit et. Adipisci ullam rem nulla reiciendis ex magnam. Molestias sunt quae voluptatum est placeat.',0,1,'1986-02-14 01:35:34'),(909,180,286,'Dicta ut exercitationem qui eius. Suscipit et aut aut culpa voluptas. Ut quaerat ut enim rerum recusandae maxime. Vel quo ut laborum odio sapiente et sunt.',1,0,'1984-04-03 12:40:29'),(910,388,85,'Consequuntur voluptatibus ut quas quo numquam dolorum quia. Sunt earum veniam rem et. Culpa voluptas voluptatum eos sunt repellat error.',0,0,'1995-11-02 18:20:21'),(911,258,36,'Est aut perspiciatis vero consequuntur harum. Reprehenderit repellat commodi dignissimos dolore. Quibusdam distinctio rerum ducimus eveniet non saepe veniam esse.',1,0,'2002-11-04 10:26:10'),(912,405,416,'Id tenetur sed voluptatem voluptatem aliquam. Dolore aliquid quaerat possimus eius dolorem nulla vero voluptatem. Rerum non veniam minus expedita quos accusantium. Consectetur excepturi sunt ut ea reiciendis.',0,1,'1980-09-20 21:21:49'),(913,365,75,'Error nisi illo laudantium sapiente saepe eos. Eveniet omnis quis dolore excepturi consequatur officiis odio. Odit dicta aut dolor ad. Corrupti minus velit ratione est.',0,1,'1984-12-01 16:39:12'),(914,278,168,'Libero fugiat ut laboriosam. Ullam iure nulla rem odit suscipit deleniti. Explicabo laudantium commodi minima animi eveniet illum.',0,1,'1971-09-06 06:06:35'),(915,3,9,'Quo dolorem a nulla reprehenderit veniam vitae iure. Excepturi magni est enim rerum. Commodi accusantium dolores omnis amet minima laborum corporis et. Ea aperiam et aliquid consectetur sit.',0,0,'1986-10-27 07:23:17'),(916,39,164,'Veritatis deserunt ut est animi consectetur. Iure velit beatae quas reprehenderit non vel vero voluptate. Ut ducimus qui nobis nam ipsa. Dolor voluptas perferendis numquam similique vel repellendus eos.',0,0,'2009-11-12 19:31:24'),(917,205,31,'Nobis voluptas nulla quia voluptatem a aut quis. Quaerat hic et dolor autem a eveniet reiciendis expedita. Ut voluptas iusto sint at magnam incidunt.',0,1,'2011-09-26 05:15:47'),(918,39,101,'Sed voluptatem neque repudiandae. Laudantium a eveniet aliquam voluptas fugit sit. Minus commodi placeat delectus et possimus. Ratione molestiae et est optio non nostrum autem.',1,1,'1979-02-01 09:10:24'),(919,389,139,'Sint magnam quia nostrum est voluptatum. Nihil voluptatem nihil at sunt aut alias. Odio corrupti ducimus asperiores.',1,0,'2012-11-14 07:20:28'),(920,30,230,'Iste sed id eos veritatis. Id aut aut atque facilis dolor. Error ut ea magnam aliquam omnis ipsum.',0,0,'2012-01-25 13:50:27'),(921,60,110,'Dolorum magni sunt quia dolor voluptas. Quis enim dolores ea. Adipisci et autem aspernatur maiores nesciunt occaecati.',1,1,'2004-08-19 02:07:28'),(922,370,19,'Doloribus quo aut voluptas cumque. Non et molestiae autem facere. Magnam accusamus numquam suscipit ad.',0,1,'1993-08-30 22:20:00'),(923,483,360,'Ipsa et et nemo aut nemo consectetur qui. Est nulla nesciunt et. Saepe ut omnis pariatur facere.',0,1,'2001-12-27 11:34:11'),(924,348,159,'Animi et unde assumenda ex iure et omnis. Cumque enim molestiae exercitationem quod laboriosam.',0,1,'1981-11-12 10:09:23'),(925,253,286,'Error aut ipsa sed deleniti reiciendis. Provident pariatur sit commodi tempora ab accusamus consequuntur labore. Omnis non vitae aut sequi exercitationem.',0,1,'1985-07-29 20:46:43'),(926,172,499,'Debitis alias occaecati voluptate et. Sed ea vero ipsum hic nesciunt et. Corporis laborum harum dolorem. Ipsam quis eaque atque delectus.',1,1,'1976-07-01 19:33:27'),(927,481,405,'In consequatur id corrupti dignissimos. Accusamus ipsum aut amet officia distinctio beatae dignissimos. Voluptate quidem molestias sed non. Est debitis eum eligendi enim iste.',1,1,'1982-08-31 15:35:56'),(928,85,206,'Aspernatur ex veritatis blanditiis omnis expedita ullam laborum. Eos quo libero rerum perspiciatis corporis. Magni ut est sed eveniet ut sequi ea dolorem. Saepe et qui est reiciendis.',1,1,'2009-07-13 21:38:27'),(929,275,255,'Aut hic voluptates animi et ratione. Minima eius officia alias et sit. Tenetur neque magni ut omnis aut eos. Sapiente voluptates natus sed ipsa nisi vitae quidem. Ullam delectus sint facere alias.',0,1,'2015-07-30 08:11:59'),(930,451,490,'Occaecati sit asperiores repudiandae quia. Non explicabo non animi. Veritatis dicta itaque et ab ut. Vel adipisci recusandae possimus minus.',1,0,'1994-02-25 23:07:44'),(931,95,5,'Tempora soluta hic illum aliquam corrupti dolores. Autem dolorem numquam voluptas molestias dicta aut. Ducimus iste praesentium nemo repudiandae sapiente deleniti autem. Optio sunt et quaerat qui omnis praesentium.',1,1,'1972-08-28 12:09:55'),(932,240,183,'Excepturi veritatis et vitae quos est officia. Blanditiis amet maxime sequi similique deleniti quasi. Consectetur voluptatibus velit laborum aut possimus. Suscipit error voluptatem laudantium non autem harum molestiae repudiandae.',1,1,'2018-03-02 18:38:14'),(933,195,427,'Praesentium earum aut non quos dolorum est ex. Molestiae quis odio ipsam accusamus sunt esse alias error. Minus omnis molestiae et earum ut tempore qui.',1,1,'1990-05-13 02:41:56'),(934,48,458,'Et repellat veritatis unde qui. Non harum consequatur sint excepturi qui at. Officia nesciunt culpa natus id et exercitationem. Debitis in alias at voluptatum veniam facilis. Saepe ut in est aspernatur maiores non explicabo.',0,1,'2015-10-19 19:53:36'),(935,147,362,'Non voluptatem ab et atque voluptatum. Maiores deleniti quia amet provident id tempora. Ab soluta nihil delectus doloribus est. Ducimus alias qui minima fugiat.',0,1,'1977-08-09 05:15:38'),(936,366,245,'Voluptate voluptatem ratione placeat est voluptatibus qui et. Excepturi ullam accusamus necessitatibus voluptatibus. Est voluptatibus rerum rerum dolores atque.',0,1,'2015-08-03 03:16:44'),(937,127,398,'Molestiae consequatur consectetur in fuga quis et. Omnis nobis eaque veniam qui est. Dolore necessitatibus cumque nobis voluptas ipsum. Sed est odit dolor nisi magnam aut.',1,1,'1983-11-02 22:31:19'),(938,110,354,'Qui fugiat deserunt facere aut consectetur aut neque. A culpa aliquid sint perferendis voluptas natus non. Explicabo nam odio sit. Dolores ut harum cumque assumenda doloremque. Saepe dignissimos accusamus dolores nam atque laboriosam.',0,1,'1977-11-02 11:00:15'),(939,438,129,'A voluptates cum assumenda maxime enim. Quos rem rem dolore quia. Qui neque quidem odio deleniti nam voluptate.',0,0,'2010-03-01 03:00:38'),(940,330,263,'Omnis ea qui rem. Modi vel dolor est quia vero exercitationem. Quia unde ut maxime ut dolores velit.',0,0,'2014-11-27 06:28:21'),(941,323,325,'Cumque error ex veniam aliquid nobis. Sapiente magnam magnam omnis. Ratione inventore laborum iste consequatur in enim.',0,1,'2011-08-15 09:38:56'),(942,158,313,'Nihil exercitationem aspernatur dolorum. Placeat quia quia enim harum. Sit est reprehenderit commodi eaque.',0,0,'1994-11-27 02:42:23'),(943,90,10,'Exercitationem eum ut autem. Non vitae aut iste minima a harum. Et dolor aperiam optio id. Voluptatem ut iste quia aut officiis enim eos.',1,0,'2017-03-24 14:25:30'),(944,280,369,'Repellat autem expedita et ratione dignissimos dolore cumque. Aut distinctio placeat quia in mollitia. Quibusdam voluptatem eaque cumque minima dolor nobis hic. Fugiat voluptatem reiciendis velit voluptas quas aut.',0,1,'1985-08-28 19:01:38'),(945,4,414,'Illum deserunt et itaque occaecati. Blanditiis consequatur omnis qui et. Aut magnam quod a aliquam nisi quia similique atque.',0,1,'1996-01-08 23:25:35'),(946,56,40,'Quia a voluptas voluptatem. Sit illum soluta eum quis assumenda culpa rem. Et ut voluptatibus alias fugit ipsum eos quia.',0,1,'1984-05-30 12:02:23'),(947,31,34,'Quam cumque eaque pariatur vel pariatur. Expedita autem eum hic earum officiis. Unde quia vel esse ullam nostrum quae. Deserunt hic incidunt sed nisi excepturi hic odit.',1,1,'1972-04-13 17:32:36'),(948,75,274,'Pariatur qui dolore sunt est earum voluptatibus distinctio quod. Alias aut consequatur quasi. Excepturi est nemo excepturi suscipit.',1,1,'2018-01-27 05:38:26'),(949,145,402,'Aliquam qui fugit ut explicabo. Cumque provident tempora fuga quibusdam cumque. Necessitatibus in quos sunt accusamus.',0,0,'1971-01-08 23:54:46'),(950,75,170,'Iure ducimus sed vitae cumque laboriosam aut ut. Veritatis minus enim numquam. Inventore doloribus eos sint facilis assumenda assumenda veritatis.',0,0,'2010-04-08 20:47:41'),(951,123,103,'Est nemo et sed dolorem. Quis dolore placeat veniam et fuga molestias. Ipsum itaque ut numquam illo consequatur.',1,1,'1996-01-30 10:39:56'),(952,145,417,'Sunt dolore quaerat et saepe. Vero neque sit cupiditate consequatur. Quidem enim et veritatis porro soluta laborum magni. Iste quod perspiciatis facere aut eum corrupti. Id ut eligendi vero.',1,0,'1974-05-21 00:47:22'),(953,150,498,'Necessitatibus optio nulla non. Eius laborum nulla provident ut omnis magnam veritatis. Tempore eum nam provident illo.',1,0,'2007-09-21 08:23:46'),(954,41,210,'Earum reprehenderit nam unde quis. Fuga reiciendis id et consequatur laudantium dolorum. Dignissimos nostrum molestias consequatur aut et. Quod et explicabo qui cum autem eos et ullam. Enim expedita alias minus.',0,0,'1978-09-06 10:34:02'),(955,424,492,'Quibusdam voluptatem eos repellat tempore. Qui libero sit quibusdam alias molestiae. Praesentium quam rerum quisquam ducimus voluptate et quia.',1,0,'1975-12-13 13:03:14'),(956,189,467,'Quia maxime aliquid tenetur omnis quibusdam. Autem veniam voluptates et amet nihil possimus qui. Iste et iusto fugiat velit ea quam. Non fugiat id amet nostrum vel dignissimos.',0,1,'1981-11-26 04:12:38'),(957,266,428,'Sed quo atque nulla magni non corrupti. Voluptas ipsam quasi nihil soluta in totam. Officia laudantium rerum voluptatem animi aut sint minima ut.',1,0,'1992-08-22 22:00:25'),(958,342,428,'Nihil labore omnis rem nobis. Optio deleniti qui aut non voluptas. Eaque delectus asperiores qui veritatis.',1,1,'1998-03-25 15:46:20'),(959,111,270,'Quia ad porro repellat et maiores illum amet dolores. Et architecto ad architecto nobis possimus. Assumenda beatae repellat et.',0,1,'2012-11-23 13:30:27'),(960,19,285,'Sint est aut occaecati ad molestiae. Adipisci eum optio tempora iure consequuntur aut. Cumque itaque magni quia sit dolores vel mollitia sit.',1,0,'1999-05-03 01:31:56'),(961,365,470,'Explicabo sed aut enim in. Sunt ducimus quaerat vel quos nihil ut dolores. Dolores fugit dolorem fuga maiores mollitia eius enim. Eligendi rerum dolor consectetur consequatur mollitia vel.',1,0,'2003-01-05 09:14:30'),(962,254,360,'Voluptatem harum ipsum doloremque similique illum totam minus. Velit eos dicta veniam id ut voluptates voluptatibus voluptas. Unde magnam aperiam aliquam sed quibusdam ullam.',1,1,'2017-04-13 23:20:57'),(963,36,98,'Laboriosam natus fugiat qui alias est aut eius id. Aut eos saepe labore laboriosam neque est id. Ratione deserunt temporibus nesciunt voluptatem fuga.',1,1,'1985-11-20 13:46:32'),(964,385,131,'Est dolores dolor praesentium iste dignissimos reprehenderit exercitationem voluptatem. Quaerat laboriosam temporibus doloremque.',0,0,'2009-06-04 18:27:03'),(965,498,95,'Voluptatem amet dolore soluta harum voluptas. Corrupti et sint ea fugit rerum cupiditate. Non dolores illum quo accusantium eligendi veniam unde.',0,0,'1976-05-03 11:24:37'),(966,482,124,'Quibusdam et facere itaque et. Dolorem illum molestiae dolor voluptatibus. Et aspernatur autem autem temporibus. Animi sint dolor atque id. Sequi quia et voluptate iure earum sed error.',0,1,'1975-12-08 13:24:10'),(967,175,2,'Quo voluptatum dolor soluta sequi. Consequuntur quos quia quidem possimus modi quia. Est minus omnis ab consequatur quia quos vero.',1,1,'1985-12-04 12:43:35'),(968,486,422,'Vitae quidem et aliquid natus. Quo consequuntur deleniti est hic cumque et esse. Eveniet omnis adipisci voluptatem quo aspernatur.',0,1,'1987-12-14 10:30:44'),(969,150,486,'Nemo voluptatibus nam aut voluptas voluptas atque. Esse cumque aut enim atque nulla. Tenetur porro inventore voluptates inventore accusantium.',0,0,'2009-05-27 20:02:01'),(970,477,427,'Nihil quia laborum voluptas dolores unde mollitia sed. Non vitae rerum repellat ullam. Repellendus eos totam et sed tempora voluptatibus. Dolores enim asperiores non qui quis aliquam fuga. Rerum odit magnam voluptatem cumque tempora aut corrupti recusandae.',0,0,'1995-11-19 11:01:01'),(971,204,238,'Occaecati accusamus nulla reprehenderit possimus aspernatur ut. Quia qui assumenda voluptas quis quae fugiat qui. Error repudiandae recusandae vero non ipsa. Voluptates corrupti ut ut.',0,0,'1985-05-11 16:33:34'),(972,77,172,'Non suscipit amet sit nostrum sunt et aspernatur. Et in tempore similique doloribus quia. Eius voluptatum aut mollitia ab.',0,0,'2005-09-13 13:17:38'),(973,129,127,'Ut sit et totam dolores adipisci omnis. Rerum vero et et qui exercitationem laudantium nam blanditiis. Consequatur expedita et quis quia quos. Corrupti eum eos fuga possimus et ratione.',1,0,'1982-01-04 08:27:23'),(974,249,363,'Quia omnis accusamus quam est repudiandae. Omnis fugit fugiat accusantium nulla. Molestiae rerum et sit quod dolorem.',1,1,'1993-12-01 18:49:13'),(975,67,247,'Voluptatem exercitationem quibusdam et distinctio reprehenderit. Nesciunt excepturi quisquam laudantium est quo repellendus enim. Consequatur ipsa inventore repellendus ullam ipsa nisi reiciendis.',0,1,'2018-05-04 19:03:31'),(976,32,420,'Repudiandae voluptas vitae magni. Cupiditate magnam quo eveniet vitae dolor delectus et. Qui in et enim pariatur porro aliquid et. Blanditiis et commodi fugiat blanditiis. Voluptates quisquam libero iure tenetur sunt unde vel.',0,0,'1988-12-09 01:26:00'),(977,2,251,'Ab dolores veniam officia error qui. Quia eos quia aut deleniti. Sed veniam sunt assumenda natus qui excepturi laudantium.',1,1,'1991-10-11 03:45:18'),(978,250,494,'Omnis quasi beatae quis explicabo saepe ut consequuntur. Laudantium fuga omnis sapiente nihil consectetur omnis magni. Iusto pariatur aliquid sequi qui ducimus aut mollitia sit.',1,1,'1978-12-27 17:20:10'),(979,218,110,'Et ab quo consequatur nam ab rerum debitis. Omnis laudantium ipsam porro libero.',0,0,'1995-01-23 00:17:54'),(980,396,151,'Consequatur dolores et doloremque et quia est. Temporibus autem et velit commodi dolorum reprehenderit eum. Temporibus ea unde omnis nisi. Ratione cumque fugiat qui provident aut est eum.',0,1,'2005-03-23 23:16:47'),(981,64,367,'Nesciunt et maiores eum ut consectetur ut autem est. Et praesentium voluptatem omnis eos cum. Sed rerum delectus delectus repudiandae delectus quae laboriosam aut.',0,0,'1981-04-05 09:13:39'),(982,143,112,'Quibusdam omnis qui doloremque. Enim at voluptas labore suscipit ut inventore soluta impedit.',1,1,'1991-01-21 22:19:14'),(983,130,315,'Excepturi adipisci accusamus recusandae eos sint dolorem labore tempore. Tempora non qui aperiam suscipit minima aut velit et.',1,1,'2000-01-13 09:26:32'),(984,184,476,'Aut maiores qui eius et mollitia nobis exercitationem. Illo eligendi voluptas porro qui sit. Magnam enim rerum aut voluptas dolor enim.',1,1,'2016-12-16 07:15:01'),(985,325,197,'Voluptatem itaque saepe qui velit iste. Qui quos libero dolor et. Fugit distinctio aliquid vel maxime repudiandae.',1,1,'2003-03-21 16:28:48'),(986,11,464,'Velit natus ut quis illum laboriosam non recusandae. Dolores et labore aut voluptas et. Iste vitae perspiciatis ut molestiae delectus officiis.',0,1,'2004-02-13 21:21:57'),(987,285,31,'Sint molestiae exercitationem nisi numquam debitis harum qui. Qui temporibus qui voluptates omnis est perspiciatis vitae. Maiores quos deserunt et perferendis saepe laudantium. Est repellat placeat vel aspernatur aut porro.',0,1,'2016-02-23 07:22:28'),(988,301,410,'Labore praesentium aut qui consequatur et. At illo consequatur qui quam. Nam provident autem veritatis consequuntur minima.',1,0,'2010-02-05 23:57:53'),(989,149,13,'Aut impedit aut ut. Doloribus asperiores officiis labore molestias alias iusto nisi eos. Et occaecati possimus perspiciatis rem qui necessitatibus eius.',1,1,'2004-12-09 12:38:14'),(990,116,43,'Velit id qui error tempora ut praesentium quia. Iusto nesciunt deserunt ex rerum iusto aut. Dolore laboriosam dolorum voluptates velit aliquid similique.',0,0,'2002-09-08 11:32:55'),(991,368,208,'Animi ducimus autem repudiandae est sapiente placeat id. Corporis minus voluptas est illo illo. Praesentium itaque adipisci et quia.',0,1,'2001-01-09 19:44:13'),(992,435,53,'Consequatur earum aut voluptatibus rerum est commodi explicabo. Dolor et qui qui et quo ea. Fugiat et ea deleniti molestiae et. Fuga tempore illum temporibus doloribus quidem alias. Nostrum sed quod facere unde nesciunt.',0,0,'1977-04-11 08:57:55'),(993,457,125,'Id facere vitae fugiat autem doloribus tempora quia. Labore quam incidunt repudiandae qui. Temporibus laboriosam odit qui atque.',0,1,'2014-09-16 00:11:18'),(994,255,401,'Deleniti placeat doloremque quidem ut aliquam animi magni. Totam soluta dicta quis laborum qui distinctio cum doloribus. Est dolorum numquam qui deserunt.',1,1,'2002-11-12 10:53:23'),(995,237,483,'Assumenda amet deserunt sunt maxime eaque incidunt. Et deleniti ut laborum ex consequatur perferendis.',0,1,'1996-04-19 00:20:39'),(996,205,74,'Quo eos non quaerat nobis sint et iure. Sapiente sit facilis earum quia assumenda vel. Non sit aut similique minus consequatur maxime recusandae.',1,0,'1986-05-09 17:56:27'),(997,253,43,'Placeat corporis assumenda vel aperiam accusantium laboriosam ea qui. Mollitia aut aspernatur modi fuga. Occaecati vel iure praesentium ea et magni.',0,0,'2004-02-02 11:13:04'),(998,456,152,'Dolorum quo similique reiciendis qui placeat in. Vel exercitationem molestiae praesentium voluptatibus ab sequi porro commodi. Quis nesciunt cupiditate expedita consequuntur aliquam aliquid. Labore illum praesentium maiores consequatur. Culpa tempora quisquam distinctio eum est.',1,0,'2017-12-23 02:53:43'),(999,392,2,'Rerum rerum sunt quae. Accusantium eum magnam est officia. Labore omnis molestiae ut dolor qui reprehenderit quam.',0,0,'1987-07-22 11:21:54'),(1000,336,170,'Itaque sed id quasi et consequuntur ab. Rerum hic enim ipsa blanditiis autem. Consequuntur eos quis et et. Iusto accusamus maxime rem veniam qui excepturi. Officia tempore ab repudiandae deleniti ut quia ut.',0,1,'1982-01-16 22:44:28'),(1001,43,7,'hello',1,1,'1998-04-20 22:35:44'),(1002,43,7,'hi',1,1,'1998-04-21 22:35:44'),(1003,43,7,'how are you',1,1,'1998-04-22 22:35:44'),(1004,43,7,'how are',1,1,'1998-04-22 22:35:44'),(1005,426,7,'how are',1,1,'1998-04-22 22:35:44'),(1006,426,7,'how are you',1,1,'1998-04-23 22:35:44'),(1007,291,7,'how are you',1,1,'1998-04-23 22:35:44'),(1008,291,7,'hello',1,1,'1998-04-24 22:35:44');
/*!40000 ALTER TABLE `messages` ENABLE KEYS */;
UNLOCK TABLES;

--
-- Table structure for table `posts`
--

DROP TABLE IF EXISTS `posts`;
/*!40101 SET @saved_cs_client     = @@character_set_client */;
/*!50503 SET character_set_client = utf8mb4 */;
CREATE TABLE `posts` (
  `id` int unsigned NOT NULL AUTO_INCREMENT,
  `user_id` int unsigned DEFAULT NULL,
  `header` varchar(255) DEFAULT NULL,
  `body` text NOT NULL,
  `media_id` int unsigned DEFAULT NULL,
  `created_at` datetime DEFAULT CURRENT_TIMESTAMP,
  `updated_at` datetime DEFAULT CURRENT_TIMESTAMP ON UPDATE CURRENT_TIMESTAMP,
  PRIMARY KEY (`id`),
  KEY `posts_user_id_fk` (`user_id`),
  KEY `posts_media_id_fk` (`media_id`),
  KEY `posts_header_idx` (`header`),
  CONSTRAINT `posts_media_id_fk` FOREIGN KEY (`media_id`) REFERENCES `media` (`id`) ON DELETE SET NULL,
  CONSTRAINT `posts_user_id_fk` FOREIGN KEY (`user_id`) REFERENCES `users` (`id`) ON DELETE SET NULL
) ENGINE=InnoDB AUTO_INCREMENT=501 DEFAULT CHARSET=utf8mb4 COLLATE=utf8mb4_0900_ai_ci;
/*!40101 SET character_set_client = @saved_cs_client */;

--
-- Dumping data for table `posts`
--

LOCK TABLES `posts` WRITE;
/*!40000 ALTER TABLE `posts` DISABLE KEYS */;
INSERT INTO `posts` VALUES (1,403,'Leannon','Fabian',10,'2020-01-06 22:30:24','2020-01-06 22:42:17'),(2,307,'Nikolaus','Miracle',4,'2020-01-06 22:30:24','2020-01-06 22:42:17'),(3,325,'Weimann','Mekhi',6,'2020-01-06 22:30:24','2020-01-06 22:42:17'),(4,201,'Wyman','Lavern',9,'2020-01-06 22:30:24','2020-01-06 22:42:17'),(5,31,'Ratke','Jed',8,'2020-01-06 22:30:24','2020-01-06 22:42:17'),(6,50,'Paucek','Efrain',10,'2020-01-06 22:30:24','2020-01-06 22:42:17'),(7,156,'Hickle','Hayley',8,'2020-01-06 22:30:24','2020-01-06 22:42:17'),(8,129,'Lang','Addie',7,'2020-01-06 22:30:24','2020-01-06 22:42:17'),(9,176,'Toy','Tod',1,'2020-01-06 22:30:24','2020-01-06 22:42:17'),(10,496,'Nikolaus','Kailey',2,'2020-01-06 22:30:24','2020-01-06 22:42:17'),(11,448,'Marks','Rae',7,'2020-01-06 22:30:24','2020-01-06 22:42:17'),(12,251,'Sauer','Morris',8,'2020-01-06 22:30:24','2020-01-06 22:42:17'),(13,413,'Orn','June',8,'2020-01-06 22:30:24','2020-01-06 22:42:17'),(14,312,'Hessel','Adrienne',5,'2020-01-06 22:30:24','2020-01-06 22:42:17'),(15,320,'Herzog','Eudora',2,'2020-01-06 22:30:24','2020-01-06 22:42:17'),(16,162,'Rippin','Neoma',3,'2020-01-06 22:30:24','2020-01-06 22:42:17'),(17,350,'Green','Neil',10,'2020-01-06 22:30:24','2020-01-06 22:42:17'),(18,264,'Daugherty','Roslyn',2,'2020-01-06 22:30:24','2020-01-06 22:42:17'),(19,269,'Welch','Georgiana',7,'2020-01-06 22:30:24','2020-01-06 22:42:17'),(20,52,'Barrows','Nat',10,'2020-01-06 22:30:24','2020-01-06 22:42:17'),(21,452,'Goyette','Hunter',10,'2020-01-06 22:30:24','2020-01-06 22:42:17'),(22,103,'Bernhard','Kaia',8,'2020-01-06 22:30:24','2020-01-06 22:42:17'),(23,159,'Kling','Marian',10,'2020-01-06 22:30:24','2020-01-06 22:42:17'),(24,487,'Rau','Immanuel',6,'2020-01-06 22:30:24','2020-01-06 22:42:17'),(25,458,'Gaylord','Kristoffer',8,'2020-01-06 22:30:24','2020-01-06 22:42:17'),(26,327,'Lind','Lilian',1,'2020-01-06 22:30:24','2020-01-06 22:42:17'),(27,262,'Schulist','Karlee',2,'2020-01-06 22:30:24','2020-01-06 22:42:17'),(28,326,'Prosacco','Sonia',7,'2020-01-06 22:30:24','2020-01-06 22:42:17'),(29,343,'Kunde','Jolie',9,'2020-01-06 22:30:24','2020-01-06 22:42:17'),(30,239,'Goldner','Melvina',1,'2020-01-06 22:30:24','2020-01-06 22:42:17'),(31,167,'Hammes','Shane',9,'2020-01-06 22:30:24','2020-01-06 22:42:17'),(32,114,'Cassin','Santino',9,'2020-01-06 22:30:24','2020-01-06 22:42:17'),(33,71,'Schroeder','Durward',10,'2020-01-06 22:30:24','2020-01-06 22:42:17'),(34,11,'Stracke','Orin',1,'2020-01-06 22:30:24','2020-01-06 22:42:17'),(35,341,'Gerlach','Karli',7,'2020-01-06 22:30:24','2020-01-06 22:42:17'),(36,173,'Feest','Orlo',10,'2020-01-06 22:30:24','2020-01-06 22:42:17'),(37,343,'Hessel','Eudora',9,'2020-01-06 22:30:24','2020-01-06 22:42:17'),(38,192,'Rice','Fletcher',4,'2020-01-06 22:30:24','2020-01-06 22:42:17'),(39,432,'Wuckert','Kellen',1,'2020-01-06 22:30:24','2020-01-06 22:42:17'),(40,82,'Monahan','Alexander',5,'2020-01-06 22:30:24','2020-01-06 22:42:17'),(41,113,'Shanahan','Sunny',2,'2020-01-06 22:30:24','2020-01-06 22:42:17'),(42,318,'Armstrong','Lauriane',5,'2020-01-06 22:30:24','2020-01-06 22:42:17'),(43,253,'Price','Bernard',6,'2020-01-06 22:30:24','2020-01-06 22:42:17'),(44,310,'Ernser','Amina',5,'2020-01-06 22:30:24','2020-01-06 22:42:17'),(45,290,'Monahan','Melyssa',5,'2020-01-06 22:30:24','2020-01-06 22:42:17'),(46,19,'Leannon','Damien',1,'2020-01-06 22:30:24','2020-01-06 22:42:17'),(47,225,'Ruecker','Francesco',1,'2020-01-06 22:30:24','2020-01-06 22:42:17'),(48,69,'Kreiger','Ernest',1,'2020-01-06 22:30:24','2020-01-06 22:42:17'),(49,168,'Dibbert','Brandi',2,'2020-01-06 22:30:24','2020-01-06 22:42:17'),(50,133,'Volkman','Garry',6,'2020-01-06 22:30:24','2020-01-06 22:42:17'),(51,160,'Purdy','Janie',4,'2020-01-06 22:30:24','2020-01-06 22:42:17'),(52,402,'Rutherford','Laisha',1,'2020-01-06 22:30:24','2020-01-06 22:42:17'),(53,28,'Conroy','Javier',4,'2020-01-06 22:30:24','2020-01-06 22:42:17'),(54,435,'Macejkovic','Vaughn',5,'2020-01-06 22:30:24','2020-01-06 22:42:17'),(55,90,'Weber','Sydnie',4,'2020-01-06 22:30:24','2020-01-06 22:42:17'),(56,145,'Towne','Hipolito',5,'2020-01-06 22:30:24','2020-01-06 22:42:17'),(57,453,'Schultz','Syble',1,'2020-01-06 22:30:24','2020-01-06 22:42:17'),(58,329,'Sipes','Judge',10,'2020-01-06 22:30:24','2020-01-06 22:42:17'),(59,285,'Johns','Noelia',5,'2020-01-06 22:30:24','2020-01-06 22:42:17'),(60,439,'Hodkiewicz','Arden',6,'2020-01-06 22:30:24','2020-01-06 22:42:17'),(61,338,'Jakubowski','Margarita',3,'2020-01-06 22:30:24','2020-01-06 22:42:17'),(62,372,'O\'Kon','Okey',8,'2020-01-06 22:30:24','2020-01-06 22:42:17'),(63,347,'Halvorson','Brigitte',10,'2020-01-06 22:30:24','2020-01-06 22:42:17'),(64,118,'Gerlach','Bryce',6,'2020-01-06 22:30:24','2020-01-06 22:42:17'),(65,47,'Beier','Vaughn',1,'2020-01-06 22:30:24','2020-01-06 22:42:17'),(66,383,'Cruickshank','Alize',6,'2020-01-06 22:30:24','2020-01-06 22:42:17'),(67,274,'Hettinger','Sabrina',6,'2020-01-06 22:30:24','2020-01-06 22:42:17'),(68,220,'Walter','Triston',10,'2020-01-06 22:30:24','2020-01-06 22:42:17'),(69,279,'Murray','Ruthie',4,'2020-01-06 22:30:24','2020-01-06 22:42:17'),(70,234,'Nienow','Dell',10,'2020-01-06 22:30:24','2020-01-06 22:42:17'),(71,331,'Witting','Greta',6,'2020-01-06 22:30:24','2020-01-06 22:42:17'),(72,452,'Braun','Charlotte',1,'2020-01-06 22:30:24','2020-01-06 22:42:17'),(73,266,'Wolff','Domenica',6,'2020-01-06 22:30:24','2020-01-06 22:42:17'),(74,476,'Schmitt','Buford',8,'2020-01-06 22:30:24','2020-01-06 22:42:17'),(75,79,'Beahan','Larue',10,'2020-01-06 22:30:24','2020-01-06 22:42:17'),(76,468,'Fahey','Casimer',8,'2020-01-06 22:30:24','2020-01-06 22:42:17'),(77,104,'Hermiston','Cyril',6,'2020-01-06 22:30:24','2020-01-06 22:42:17'),(78,114,'Schmeler','Kathleen',8,'2020-01-06 22:30:24','2020-01-06 22:42:17'),(79,257,'Sporer','Greg',9,'2020-01-06 22:30:24','2020-01-06 22:42:17'),(80,444,'Torphy','Jarrett',4,'2020-01-06 22:30:24','2020-01-06 22:42:17'),(81,449,'Bartell','Anna',9,'2020-01-06 22:30:24','2020-01-06 22:42:17'),(82,411,'Shields','Melvin',6,'2020-01-06 22:30:24','2020-01-06 22:42:17'),(83,206,'Wisozk','Kristin',10,'2020-01-06 22:30:24','2020-01-06 22:42:17'),(84,298,'Johnson','Daphne',10,'2020-01-06 22:30:24','2020-01-06 22:42:17'),(85,370,'Schmidt','Katheryn',2,'2020-01-06 22:30:24','2020-01-06 22:42:17'),(86,455,'Bogisich','Gaston',9,'2020-01-06 22:30:24','2020-01-06 22:42:17'),(87,165,'Mertz','Missouri',8,'2020-01-06 22:30:24','2020-01-06 22:42:17'),(88,462,'Zulauf','Vivianne',1,'2020-01-06 22:30:24','2020-01-06 22:42:17'),(89,311,'Smitham','Morris',2,'2020-01-06 22:30:24','2020-01-06 22:42:17'),(90,171,'Goyette','Noemy',4,'2020-01-06 22:30:24','2020-01-06 22:42:17'),(91,421,'Becker','Edythe',6,'2020-01-06 22:30:24','2020-01-06 22:42:17'),(92,93,'Goldner','Owen',7,'2020-01-06 22:30:24','2020-01-06 22:42:17'),(93,201,'Frami','Elinore',8,'2020-01-06 22:30:24','2020-01-06 22:42:17'),(94,226,'Beatty','Hettie',9,'2020-01-06 22:30:24','2020-01-06 22:42:17'),(95,25,'McKenzie','Thalia',9,'2020-01-06 22:30:24','2020-01-06 22:42:17'),(96,449,'Bechtelar','Helga',8,'2020-01-06 22:30:24','2020-01-06 22:42:17'),(97,168,'Marquardt','David',4,'2020-01-06 22:30:24','2020-01-06 22:42:17'),(98,495,'O\'Kon','Friedrich',3,'2020-01-06 22:30:24','2020-01-06 22:42:17'),(99,467,'Monahan','Baby',3,'2020-01-06 22:30:24','2020-01-06 22:42:17'),(100,351,'Hand','Delmer',6,'2020-01-06 22:30:24','2020-01-06 22:42:17'),(101,352,'Wyman','Karlee',10,'2020-01-06 22:30:24','2020-01-06 22:42:17'),(102,205,'Jerde','Samanta',1,'2020-01-06 22:30:24','2020-01-06 22:42:17'),(103,472,'Crona','Ryley',4,'2020-01-06 22:30:24','2020-01-06 22:42:17'),(104,245,'Marquardt','Gilbert',8,'2020-01-06 22:30:24','2020-01-06 22:42:17'),(105,305,'Kerluke','Sincere',6,'2020-01-06 22:30:24','2020-01-06 22:42:17'),(106,293,'Glover','Tristian',6,'2020-01-06 22:30:24','2020-01-06 22:42:17'),(107,47,'Runolfsdottir','Griffin',3,'2020-01-06 22:30:24','2020-01-06 22:42:17'),(108,355,'Hyatt','Eugenia',5,'2020-01-06 22:30:24','2020-01-06 22:42:17'),(109,134,'Thompson','Jackie',6,'2020-01-06 22:30:24','2020-01-06 22:42:17'),(110,106,'Witting','Louie',4,'2020-01-06 22:30:24','2020-01-06 22:42:17'),(111,126,'Glover','Lulu',2,'2020-01-06 22:30:24','2020-01-06 22:42:17'),(112,310,'Reinger','Margarette',8,'2020-01-06 22:30:24','2020-01-06 22:42:17'),(113,173,'Donnelly','Benedict',3,'2020-01-06 22:30:24','2020-01-06 22:42:17'),(114,436,'Runolfsdottir','Modesta',1,'2020-01-06 22:30:24','2020-01-06 22:42:17'),(115,160,'Murazik','Aliya',3,'2020-01-06 22:30:24','2020-01-06 22:42:17'),(116,490,'Streich','Paula',3,'2020-01-06 22:30:24','2020-01-06 22:42:17'),(117,470,'Fritsch','Spencer',7,'2020-01-06 22:30:24','2020-01-06 22:42:17'),(118,379,'Hintz','Eudora',5,'2020-01-06 22:30:24','2020-01-06 22:42:17'),(119,484,'Jones','Florine',3,'2020-01-06 22:30:24','2020-01-06 22:42:17'),(120,285,'Cremin','Eva',8,'2020-01-06 22:30:24','2020-01-06 22:42:17'),(121,472,'Corkery','Braden',1,'2020-01-06 22:30:24','2020-01-06 22:42:17'),(122,3,'Heathcote','Brock',1,'2020-01-06 22:30:24','2020-01-06 22:42:17'),(123,101,'Bechtelar','Brook',3,'2020-01-06 22:30:24','2020-01-06 22:42:17'),(124,494,'Hoeger','Lura',9,'2020-01-06 22:30:24','2020-01-06 22:42:17'),(125,165,'Jerde','Kole',6,'2020-01-06 22:30:24','2020-01-06 22:42:17'),(126,344,'Huel','Jacquelyn',1,'2020-01-06 22:30:24','2020-01-06 22:42:17'),(127,223,'Torp','Meggie',10,'2020-01-06 22:30:24','2020-01-06 22:42:17'),(128,83,'Parisian','Annabel',4,'2020-01-06 22:30:24','2020-01-06 22:42:17'),(129,245,'Schuster','Micaela',10,'2020-01-06 22:30:24','2020-01-06 22:42:17'),(130,478,'Schimmel','Harrison',7,'2020-01-06 22:30:24','2020-01-06 22:42:17'),(131,153,'Feest','Agustina',5,'2020-01-06 22:30:24','2020-01-06 22:42:17'),(132,331,'Rutherford','Magdalen',4,'2020-01-06 22:30:24','2020-01-06 22:42:17'),(133,195,'Ullrich','Jade',3,'2020-01-06 22:30:24','2020-01-06 22:42:17'),(134,483,'Hills','Glennie',5,'2020-01-06 22:30:24','2020-01-06 22:42:17'),(135,329,'Herman','Harley',3,'2020-01-06 22:30:24','2020-01-06 22:42:17'),(136,197,'Mante','Lambert',10,'2020-01-06 22:30:24','2020-01-06 22:42:17'),(137,495,'Stamm','Vernon',10,'2020-01-06 22:30:24','2020-01-06 22:42:17'),(138,384,'Macejkovic','Dorothea',1,'2020-01-06 22:30:24','2020-01-06 22:42:17'),(139,436,'Lakin','Hildegard',4,'2020-01-06 22:30:24','2020-01-06 22:42:17'),(140,26,'Marks','Santa',4,'2020-01-06 22:30:24','2020-01-06 22:42:17'),(141,321,'Ondricka','Darrel',1,'2020-01-06 22:30:24','2020-01-06 22:42:17'),(142,28,'Pfannerstill','Alexa',10,'2020-01-06 22:30:24','2020-01-06 22:42:17'),(143,176,'Runolfsdottir','Myrtle',8,'2020-01-06 22:30:24','2020-01-06 22:42:17'),(144,293,'Schulist','Aliyah',10,'2020-01-06 22:30:24','2020-01-06 22:42:17'),(145,440,'Doyle','Nannie',3,'2020-01-06 22:30:24','2020-01-06 22:42:17'),(146,317,'Koelpin','Sedrick',8,'2020-01-06 22:30:24','2020-01-06 22:42:17'),(147,267,'Von','Ali',8,'2020-01-06 22:30:24','2020-01-06 22:42:17'),(148,381,'Quitzon','Larry',8,'2020-01-06 22:30:24','2020-01-06 22:42:17'),(149,104,'Champlin','Bradford',4,'2020-01-06 22:30:24','2020-01-06 22:42:17'),(150,377,'Hermann','Sandrine',7,'2020-01-06 22:30:24','2020-01-06 22:42:17'),(151,71,'Bahringer','Diamond',3,'2020-01-06 22:30:24','2020-01-06 22:42:17'),(152,223,'Johnston','Hilton',3,'2020-01-06 22:30:24','2020-01-06 22:42:17'),(153,403,'Hansen','Celine',6,'2020-01-06 22:30:24','2020-01-06 22:42:17'),(154,344,'Lehner','Camron',8,'2020-01-06 22:30:24','2020-01-06 22:42:17'),(155,12,'Kutch','Gordon',4,'2020-01-06 22:30:24','2020-01-06 22:42:17'),(156,25,'Schaefer','Dave',6,'2020-01-06 22:30:24','2020-01-06 22:42:17'),(157,91,'Stamm','Selina',7,'2020-01-06 22:30:24','2020-01-06 22:42:17'),(158,380,'Gutkowski','Pierce',8,'2020-01-06 22:30:24','2020-01-06 22:42:17'),(159,126,'Hand','Dawson',8,'2020-01-06 22:30:24','2020-01-06 22:42:17'),(160,489,'Littel','Davion',4,'2020-01-06 22:30:24','2020-01-06 22:42:17'),(161,68,'O\'Conner','Everette',8,'2020-01-06 22:30:24','2020-01-06 22:42:17'),(162,371,'Koch','Ambrose',6,'2020-01-06 22:30:24','2020-01-06 22:42:17'),(163,153,'Murazik','Demetrius',4,'2020-01-06 22:30:24','2020-01-06 22:42:17'),(164,149,'O\'Hara','Emmitt',4,'2020-01-06 22:30:24','2020-01-06 22:42:17'),(165,288,'Mayer','Rex',7,'2020-01-06 22:30:24','2020-01-06 22:42:17'),(166,492,'Schowalter','Stefan',4,'2020-01-06 22:30:24','2020-01-06 22:42:17'),(167,97,'Gutmann','Mohamed',7,'2020-01-06 22:30:24','2020-01-06 22:42:17'),(168,7,'Kemmer','Lindsay',3,'2020-01-06 22:30:24','2020-01-06 22:42:17'),(169,246,'Effertz','Cale',4,'2020-01-06 22:30:24','2020-01-06 22:42:17'),(170,205,'Cummerata','Jacinto',8,'2020-01-06 22:30:24','2020-01-06 22:42:17'),(171,289,'DuBuque','Ian',9,'2020-01-06 22:30:24','2020-01-06 22:42:17'),(172,328,'Brown','Dewitt',1,'2020-01-06 22:30:24','2020-01-06 22:42:17'),(173,273,'Simonis','Gia',7,'2020-01-06 22:30:24','2020-01-06 22:42:17'),(174,380,'Jakubowski','Scot',3,'2020-01-06 22:30:24','2020-01-06 22:42:17'),(175,82,'Sawayn','Franco',2,'2020-01-06 22:30:24','2020-01-06 22:42:17'),(176,267,'Hoppe','Spencer',3,'2020-01-06 22:30:24','2020-01-06 22:42:17'),(177,92,'Walsh','Ayana',5,'2020-01-06 22:30:24','2020-01-06 22:42:17'),(178,156,'Zemlak','Thurman',7,'2020-01-06 22:30:24','2020-01-06 22:42:17'),(179,3,'Fadel','Monroe',9,'2020-01-06 22:30:24','2020-01-06 22:42:17'),(180,48,'Abbott','Vernice',5,'2020-01-06 22:30:24','2020-01-06 22:42:17'),(181,230,'Monahan','Zoie',7,'2020-01-06 22:30:24','2020-01-06 22:42:17'),(182,5,'Hauck','Grace',10,'2020-01-06 22:30:24','2020-01-06 22:42:17'),(183,333,'Farrell','Cade',7,'2020-01-06 22:30:24','2020-01-06 22:42:17'),(184,152,'Shields','Zita',4,'2020-01-06 22:30:24','2020-01-06 22:42:17'),(185,261,'Gorczany','Boyd',9,'2020-01-06 22:30:24','2020-01-06 22:42:17'),(186,348,'Walter','Julia',4,'2020-01-06 22:30:24','2020-01-06 22:42:17'),(187,454,'Kris','Rosa',4,'2020-01-06 22:30:24','2020-01-06 22:42:17'),(188,228,'Von','Malachi',4,'2020-01-06 22:30:24','2020-01-06 22:42:17'),(189,278,'Franecki','Libby',8,'2020-01-06 22:30:24','2020-01-06 22:42:17'),(190,206,'McGlynn','Ubaldo',9,'2020-01-06 22:30:24','2020-01-06 22:42:17'),(191,195,'O\'Connell','Gardner',8,'2020-01-06 22:30:24','2020-01-06 22:42:17'),(192,356,'Leffler','Glen',5,'2020-01-06 22:30:24','2020-01-06 22:42:17'),(193,193,'Ernser','Rudy',10,'2020-01-06 22:30:24','2020-01-06 22:42:17'),(194,397,'Altenwerth','Johann',3,'2020-01-06 22:30:24','2020-01-06 22:42:17'),(195,404,'Ferry','Maxwell',7,'2020-01-06 22:30:24','2020-01-06 22:42:17'),(196,329,'Buckridge','Columbus',3,'2020-01-06 22:30:24','2020-01-06 22:42:17'),(197,434,'Toy','Angie',3,'2020-01-06 22:30:24','2020-01-06 22:42:17'),(198,184,'Moen','Alexandre',6,'2020-01-06 22:30:24','2020-01-06 22:42:17'),(199,115,'Spinka','Jean',10,'2020-01-06 22:30:24','2020-01-06 22:42:17'),(200,24,'O\'Kon','Helene',3,'2020-01-06 22:30:24','2020-01-06 22:42:17'),(201,276,'Langosh','Clara',6,'2020-01-06 22:30:24','2020-01-06 22:42:17'),(202,306,'Pollich','Larry',9,'2020-01-06 22:30:24','2020-01-06 22:42:17'),(203,202,'Kuhic','Alana',7,'2020-01-06 22:30:24','2020-01-06 22:42:17'),(204,90,'Will','Ambrose',6,'2020-01-06 22:30:24','2020-01-06 22:42:17'),(205,343,'Spinka','Helene',8,'2020-01-06 22:30:24','2020-01-06 22:42:17'),(206,443,'Lubowitz','Wyman',1,'2020-01-06 22:30:24','2020-01-06 22:42:17'),(207,188,'Blick','Javier',10,'2020-01-06 22:30:24','2020-01-06 22:42:17'),(208,112,'Watsica','Zita',9,'2020-01-06 22:30:24','2020-01-06 22:42:17'),(209,492,'Morar','Thora',3,'2020-01-06 22:30:24','2020-01-06 22:42:17'),(210,126,'Dibbert','Kaela',8,'2020-01-06 22:30:24','2020-01-06 22:42:17'),(211,152,'Kuphal','Rusty',2,'2020-01-06 22:30:24','2020-01-06 22:42:17'),(212,382,'Powlowski','Clifton',4,'2020-01-06 22:30:24','2020-01-06 22:42:17'),(213,451,'Crona','Krystal',5,'2020-01-06 22:30:24','2020-01-06 22:42:17'),(214,112,'Anderson','Angelica',1,'2020-01-06 22:30:24','2020-01-06 22:42:17'),(215,206,'Terry','Paula',9,'2020-01-06 22:30:24','2020-01-06 22:42:17'),(216,194,'Haag','Arnold',3,'2020-01-06 22:30:24','2020-01-06 22:42:17'),(217,352,'Mills','Gerald',7,'2020-01-06 22:30:24','2020-01-06 22:42:17'),(218,178,'Marquardt','Elbert',4,'2020-01-06 22:30:24','2020-01-06 22:42:17'),(219,333,'Ebert','Destiny',1,'2020-01-06 22:30:24','2020-01-06 22:42:17'),(220,130,'Dibbert','Candice',2,'2020-01-06 22:30:24','2020-01-06 22:42:17'),(221,151,'Franecki','Chanel',6,'2020-01-06 22:30:24','2020-01-06 22:42:17'),(222,365,'Erdman','Jamarcus',5,'2020-01-06 22:30:24','2020-01-06 22:42:17'),(223,371,'Hagenes','Edgardo',5,'2020-01-06 22:30:24','2020-01-06 22:42:17'),(224,258,'Reynolds','Mattie',9,'2020-01-06 22:30:24','2020-01-06 22:42:17'),(225,179,'Wolf','Elmore',9,'2020-01-06 22:30:24','2020-01-06 22:42:17'),(226,119,'Windler','Irma',10,'2020-01-06 22:30:24','2020-01-06 22:42:17'),(227,58,'McClure','Adriel',2,'2020-01-06 22:30:24','2020-01-06 22:42:17'),(228,433,'Kassulke','Tom',9,'2020-01-06 22:30:24','2020-01-06 22:42:17'),(229,489,'Hane','Darryl',10,'2020-01-06 22:30:24','2020-01-06 22:42:17'),(230,148,'Howe','Lilla',1,'2020-01-06 22:30:24','2020-01-06 22:42:17'),(231,270,'Kemmer','Micheal',3,'2020-01-06 22:30:24','2020-01-06 22:42:17'),(232,408,'Nicolas','Sierra',4,'2020-01-06 22:30:24','2020-01-06 22:42:17'),(233,230,'Legros','Alexandria',2,'2020-01-06 22:30:24','2020-01-06 22:42:17'),(234,422,'Schmeler','Lela',4,'2020-01-06 22:30:24','2020-01-06 22:42:17'),(235,422,'Johnston','Armand',7,'2020-01-06 22:30:24','2020-01-06 22:42:17'),(236,343,'O\'Reilly','Lonie',10,'2020-01-06 22:30:24','2020-01-06 22:42:17'),(237,450,'Bartell','Adolfo',1,'2020-01-06 22:30:24','2020-01-06 22:42:17'),(238,220,'Harber','Aimee',1,'2020-01-06 22:30:24','2020-01-06 22:42:17'),(239,247,'Reichel','Pascale',4,'2020-01-06 22:30:24','2020-01-06 22:42:17'),(240,78,'Douglas','Christopher',5,'2020-01-06 22:30:24','2020-01-06 22:42:17'),(241,147,'Yost','Candido',3,'2020-01-06 22:30:24','2020-01-06 22:42:17'),(242,500,'Wintheiser','Kathleen',1,'2020-01-06 22:30:24','2020-01-06 22:42:17'),(243,59,'Bernier','Claire',6,'2020-01-06 22:30:24','2020-01-06 22:42:17'),(244,295,'Carter','Walton',6,'2020-01-06 22:30:24','2020-01-06 22:42:17'),(245,295,'Schuppe','Salma',1,'2020-01-06 22:30:24','2020-01-06 22:42:17'),(246,91,'Jacobson','Janessa',5,'2020-01-06 22:30:24','2020-01-06 22:42:17'),(247,71,'Breitenberg','Lula',4,'2020-01-06 22:30:24','2020-01-06 22:42:17'),(248,80,'Sauer','Earlene',4,'2020-01-06 22:30:24','2020-01-06 22:42:17'),(249,188,'Wiegand','Orlo',9,'2020-01-06 22:30:24','2020-01-06 22:42:17'),(250,200,'Farrell','Matt',2,'2020-01-06 22:30:24','2020-01-06 22:42:17'),(251,434,'Weber','Golda',3,'2020-01-06 22:30:24','2020-01-06 22:42:17'),(252,71,'Gorczany','Anastasia',7,'2020-01-06 22:30:24','2020-01-06 22:42:17'),(253,50,'Keeling','Jermain',6,'2020-01-06 22:30:24','2020-01-06 22:42:17'),(254,40,'Volkman','Tyrel',9,'2020-01-06 22:30:24','2020-01-06 22:42:17'),(255,46,'Breitenberg','Emery',5,'2020-01-06 22:30:24','2020-01-06 22:42:17'),(256,111,'Rolfson','Tara',9,'2020-01-06 22:30:24','2020-01-06 22:42:17'),(257,416,'Terry','Brycen',10,'2020-01-06 22:30:24','2020-01-06 22:42:17'),(258,245,'Wolff','Esmeralda',2,'2020-01-06 22:30:24','2020-01-06 22:42:17'),(259,477,'Cassin','Esmeralda',8,'2020-01-06 22:30:24','2020-01-06 22:42:17'),(260,151,'Larkin','Alysha',6,'2020-01-06 22:30:24','2020-01-06 22:42:17'),(261,323,'Goyette','Leonardo',6,'2020-01-06 22:30:24','2020-01-06 22:42:17'),(262,161,'Koelpin','Onie',10,'2020-01-06 22:30:24','2020-01-06 22:42:17'),(263,337,'Rogahn','Murl',1,'2020-01-06 22:30:24','2020-01-06 22:42:17'),(264,202,'Huel','Lera',6,'2020-01-06 22:30:24','2020-01-06 22:42:17'),(265,498,'Streich','Cleveland',4,'2020-01-06 22:30:24','2020-01-06 22:42:17'),(266,382,'Nicolas','Julien',3,'2020-01-06 22:30:24','2020-01-06 22:42:17'),(267,415,'Kovacek','Dan',1,'2020-01-06 22:30:24','2020-01-06 22:42:17'),(268,428,'Spinka','Jerald',7,'2020-01-06 22:30:24','2020-01-06 22:42:17'),(269,396,'D\'Amore','Reyna',3,'2020-01-06 22:30:24','2020-01-06 22:42:17'),(270,197,'Steuber','Micheal',3,'2020-01-06 22:30:24','2020-01-06 22:42:17'),(271,294,'Cummerata','Maegan',4,'2020-01-06 22:30:24','2020-01-06 22:42:17'),(272,378,'Wisoky','Korbin',1,'2020-01-06 22:30:24','2020-01-06 22:42:17'),(273,11,'Kohler','Gertrude',1,'2020-01-06 22:30:24','2020-01-06 22:42:17'),(274,417,'Dietrich','Carlotta',5,'2020-01-06 22:30:24','2020-01-06 22:42:17'),(275,51,'McGlynn','Juliana',9,'2020-01-06 22:30:24','2020-01-06 22:42:17'),(276,6,'Jones','Elisha',9,'2020-01-06 22:30:24','2020-01-06 22:42:17'),(277,376,'Greenholt','Elva',9,'2020-01-06 22:30:24','2020-01-06 22:42:17'),(278,359,'Simonis','Riley',6,'2020-01-06 22:30:24','2020-01-06 22:42:17'),(279,169,'Braun','Cecil',3,'2020-01-06 22:30:24','2020-01-06 22:42:17'),(280,267,'Corwin','Jermaine',6,'2020-01-06 22:30:24','2020-01-06 22:42:17'),(281,325,'Greenholt','Keira',1,'2020-01-06 22:30:24','2020-01-06 22:42:17'),(282,327,'Bailey','Henri',7,'2020-01-06 22:30:24','2020-01-06 22:42:17'),(283,157,'Volkman','Christiana',9,'2020-01-06 22:30:24','2020-01-06 22:42:17'),(284,306,'Goodwin','Helen',7,'2020-01-06 22:30:24','2020-01-06 22:42:17'),(285,59,'Conroy','Vicente',6,'2020-01-06 22:30:24','2020-01-06 22:42:17'),(286,375,'Greenfelder','Lucio',10,'2020-01-06 22:30:24','2020-01-06 22:42:17'),(287,197,'Larkin','Ramona',2,'2020-01-06 22:30:24','2020-01-06 22:42:17'),(288,360,'Harvey','Marcellus',8,'2020-01-06 22:30:24','2020-01-06 22:42:17'),(289,210,'Harvey','Rosina',5,'2020-01-06 22:30:24','2020-01-06 22:42:17'),(290,467,'Rath','Mike',9,'2020-01-06 22:30:24','2020-01-06 22:42:17'),(291,205,'Bergnaum','Guy',1,'2020-01-06 22:30:24','2020-01-06 22:42:17'),(292,125,'Gerhold','Grayson',6,'2020-01-06 22:30:24','2020-01-06 22:42:17'),(293,7,'Eichmann','Laura',7,'2020-01-06 22:30:24','2020-01-06 22:42:17'),(294,159,'Bergnaum','Eliseo',8,'2020-01-06 22:30:24','2020-01-06 22:42:17'),(295,277,'Hegmann','Cyrus',5,'2020-01-06 22:30:24','2020-01-06 22:42:17'),(296,405,'Murray','Victor',4,'2020-01-06 22:30:24','2020-01-06 22:42:17'),(297,194,'Altenwerth','Sid',4,'2020-01-06 22:30:24','2020-01-06 22:42:17'),(298,253,'Jast','Kailyn',7,'2020-01-06 22:30:24','2020-01-06 22:42:17'),(299,182,'Wunsch','Paxton',3,'2020-01-06 22:30:24','2020-01-06 22:42:17'),(300,150,'Lemke','Roberto',5,'2020-01-06 22:30:24','2020-01-06 22:42:17'),(301,203,'Reynolds','Jasmin',5,'2020-01-06 22:30:24','2020-01-06 22:42:17'),(302,68,'Zemlak','Mylene',10,'2020-01-06 22:30:24','2020-01-06 22:42:17'),(303,227,'Boehm','Reyna',5,'2020-01-06 22:30:24','2020-01-06 22:42:17'),(304,431,'Harvey','Vergie',5,'2020-01-06 22:30:24','2020-01-06 22:42:17'),(305,475,'Kessler','Providenci',7,'2020-01-06 22:30:24','2020-01-06 22:42:17'),(306,83,'Hartmann','Aditya',8,'2020-01-06 22:30:24','2020-01-06 22:42:17'),(307,486,'Fahey','Jessyca',2,'2020-01-06 22:30:24','2020-01-06 22:42:17'),(308,181,'Klocko','Damien',6,'2020-01-06 22:30:24','2020-01-06 22:42:17'),(309,449,'Jacobi','Dina',2,'2020-01-06 22:30:24','2020-01-06 22:42:17'),(310,198,'Hackett','Carroll',1,'2020-01-06 22:30:24','2020-01-06 22:42:17'),(311,146,'Crooks','Alanis',1,'2020-01-06 22:30:24','2020-01-06 22:42:17'),(312,132,'Douglas','Linnea',10,'2020-01-06 22:30:24','2020-01-06 22:42:17'),(313,225,'Hauck','Adolph',5,'2020-01-06 22:30:24','2020-01-06 22:42:17'),(314,226,'Kiehn','Emelie',5,'2020-01-06 22:30:24','2020-01-06 22:42:17'),(315,455,'Torp','Raven',1,'2020-01-06 22:30:24','2020-01-06 22:42:17'),(316,99,'Lowe','Luella',7,'2020-01-06 22:30:24','2020-01-06 22:42:17'),(317,126,'Smith','Zelma',2,'2020-01-06 22:30:24','2020-01-06 22:42:17'),(318,335,'Brakus','Arvel',1,'2020-01-06 22:30:24','2020-01-06 22:42:17'),(319,294,'Lynch','Quinn',7,'2020-01-06 22:30:24','2020-01-06 22:42:17'),(320,466,'Larson','Frida',2,'2020-01-06 22:30:24','2020-01-06 22:42:17'),(321,448,'Will','Beau',9,'2020-01-06 22:30:24','2020-01-06 22:42:17'),(322,342,'Funk','Estevan',6,'2020-01-06 22:30:24','2020-01-06 22:42:17'),(323,366,'Kemmer','Waylon',4,'2020-01-06 22:30:24','2020-01-06 22:42:17'),(324,303,'Pollich','Beth',10,'2020-01-06 22:30:24','2020-01-06 22:42:17'),(325,417,'Kuhlman','Merlin',8,'2020-01-06 22:30:24','2020-01-06 22:42:17'),(326,173,'Cole','Jimmie',8,'2020-01-06 22:30:24','2020-01-06 22:42:17'),(327,115,'Roberts','Zachery',7,'2020-01-06 22:30:24','2020-01-06 22:42:17'),(328,57,'Cassin','Katlyn',10,'2020-01-06 22:30:24','2020-01-06 22:42:17'),(329,436,'Wolf','Junius',1,'2020-01-06 22:30:24','2020-01-06 22:42:17'),(330,12,'Paucek','Maddison',2,'2020-01-06 22:30:24','2020-01-06 22:42:17'),(331,250,'Stiedemann','Kaleb',6,'2020-01-06 22:30:24','2020-01-06 22:42:17'),(332,212,'Purdy','Christy',6,'2020-01-06 22:30:24','2020-01-06 22:42:17'),(333,312,'Borer','Tracy',2,'2020-01-06 22:30:24','2020-01-06 22:42:17'),(334,421,'Skiles','Jamel',10,'2020-01-06 22:30:24','2020-01-06 22:42:17'),(335,169,'Renner','Zackery',3,'2020-01-06 22:30:24','2020-01-06 22:42:17'),(336,83,'Graham','Matt',7,'2020-01-06 22:30:24','2020-01-06 22:42:17'),(337,409,'VonRueden','Francisca',4,'2020-01-06 22:30:24','2020-01-06 22:42:17'),(338,293,'Labadie','Melvina',10,'2020-01-06 22:30:24','2020-01-06 22:42:17'),(339,239,'Stokes','Yoshiko',4,'2020-01-06 22:30:24','2020-01-06 22:42:17'),(340,313,'King','Marco',3,'2020-01-06 22:30:24','2020-01-06 22:42:17'),(341,351,'Cremin','Chet',1,'2020-01-06 22:30:24','2020-01-06 22:42:17'),(342,313,'Hamill','Ambrose',7,'2020-01-06 22:30:24','2020-01-06 22:42:17'),(343,13,'Skiles','Kathryne',10,'2020-01-06 22:30:24','2020-01-06 22:42:17'),(344,123,'Schimmel','Cary',10,'2020-01-06 22:30:24','2020-01-06 22:42:17'),(345,78,'Steuber','Leo',7,'2020-01-06 22:30:24','2020-01-06 22:42:17'),(346,19,'Schmidt','Tyrell',8,'2020-01-06 22:30:24','2020-01-06 22:42:17'),(347,361,'Donnelly','Clovis',6,'2020-01-06 22:30:24','2020-01-06 22:42:17'),(348,246,'Jones','Alice',7,'2020-01-06 22:30:24','2020-01-06 22:42:17'),(349,149,'Schowalter','Anna',5,'2020-01-06 22:30:24','2020-01-06 22:42:17'),(350,6,'Gorczany','Grady',4,'2020-01-06 22:30:24','2020-01-06 22:42:17'),(351,81,'Kuphal','Americo',3,'2020-01-06 22:30:24','2020-01-06 22:42:17'),(352,385,'Halvorson','Camden',2,'2020-01-06 22:30:24','2020-01-06 22:42:17'),(353,184,'Hermiston','Alexander',1,'2020-01-06 22:30:24','2020-01-06 22:42:17'),(354,263,'Skiles','Kamren',9,'2020-01-06 22:30:24','2020-01-06 22:42:17'),(355,265,'Schaden','Amira',10,'2020-01-06 22:30:24','2020-01-06 22:42:17'),(356,34,'Graham','Shaniya',5,'2020-01-06 22:30:24','2020-01-06 22:42:17'),(357,375,'Gulgowski','Delphine',2,'2020-01-06 22:30:24','2020-01-06 22:42:17'),(358,273,'Swift','Kayleigh',4,'2020-01-06 22:30:24','2020-01-06 22:42:17'),(359,237,'Hyatt','Kane',6,'2020-01-06 22:30:24','2020-01-06 22:42:17'),(360,368,'Hegmann','Alexandrine',7,'2020-01-06 22:30:24','2020-01-06 22:42:17'),(361,127,'Moore','Kamron',5,'2020-01-06 22:30:24','2020-01-06 22:42:17'),(362,30,'Bailey','Claudie',5,'2020-01-06 22:30:24','2020-01-06 22:42:17'),(363,270,'Pacocha','Novella',10,'2020-01-06 22:30:24','2020-01-06 22:42:17'),(364,257,'Lubowitz','Lacy',5,'2020-01-06 22:30:24','2020-01-06 22:42:17'),(365,477,'Grimes','Stacey',3,'2020-01-06 22:30:24','2020-01-06 22:42:17'),(366,112,'Hirthe','Ella',1,'2020-01-06 22:30:24','2020-01-06 22:42:17'),(367,129,'Bartell','Nigel',6,'2020-01-06 22:30:24','2020-01-06 22:42:17'),(368,310,'Kutch','Jackeline',6,'2020-01-06 22:30:24','2020-01-06 22:42:17'),(369,161,'Rogahn','Susana',3,'2020-01-06 22:30:24','2020-01-06 22:42:17'),(370,374,'Champlin','Roselyn',7,'2020-01-06 22:30:24','2020-01-06 22:42:17'),(371,388,'Cremin','Domingo',4,'2020-01-06 22:30:24','2020-01-06 22:42:17'),(372,319,'Cruickshank','Brett',9,'2020-01-06 22:30:24','2020-01-06 22:42:17'),(373,428,'Price','Elaina',3,'2020-01-06 22:30:24','2020-01-06 22:42:17'),(374,185,'Bergstrom','Sheridan',7,'2020-01-06 22:30:24','2020-01-06 22:42:17'),(375,140,'Fisher','Estevan',4,'2020-01-06 22:30:24','2020-01-06 22:42:17'),(376,144,'Walker','Graham',1,'2020-01-06 22:30:24','2020-01-06 22:42:17'),(377,301,'Ullrich','Caesar',1,'2020-01-06 22:30:24','2020-01-06 22:42:17'),(378,73,'Schiller','Julio',10,'2020-01-06 22:30:24','2020-01-06 22:42:17'),(379,461,'Aufderhar','Tiana',9,'2020-01-06 22:30:24','2020-01-06 22:42:17'),(380,86,'McDermott','Gabe',5,'2020-01-06 22:30:24','2020-01-06 22:42:17'),(381,47,'Nitzsche','Arnaldo',8,'2020-01-06 22:30:24','2020-01-06 22:42:17'),(382,475,'Littel','Cullen',3,'2020-01-06 22:30:24','2020-01-06 22:42:17'),(383,234,'Hettinger','Chase',1,'2020-01-06 22:30:24','2020-01-06 22:42:17'),(384,244,'Bednar','Adam',4,'2020-01-06 22:30:24','2020-01-06 22:42:17'),(385,19,'Durgan','Johathan',8,'2020-01-06 22:30:24','2020-01-06 22:42:17'),(386,362,'Kautzer','Ana',5,'2020-01-06 22:30:24','2020-01-06 22:42:17'),(387,251,'Rosenbaum','Angus',2,'2020-01-06 22:30:24','2020-01-06 22:42:17'),(388,170,'Jacobs','Heloise',5,'2020-01-06 22:30:24','2020-01-06 22:42:17'),(389,97,'Dibbert','Elenor',8,'2020-01-06 22:30:24','2020-01-06 22:42:17'),(390,472,'Greenfelder','Karen',6,'2020-01-06 22:30:24','2020-01-06 22:42:17'),(391,72,'Fadel','Laurence',4,'2020-01-06 22:30:24','2020-01-06 22:42:17'),(392,441,'Mosciski','Lonzo',10,'2020-01-06 22:30:24','2020-01-06 22:42:17'),(393,491,'Von','Tressa',8,'2020-01-06 22:30:24','2020-01-06 22:42:17'),(394,129,'Doyle','Robbie',10,'2020-01-06 22:30:24','2020-01-06 22:42:17'),(395,171,'O\'Keefe','Vivien',7,'2020-01-06 22:30:24','2020-01-06 22:42:17'),(396,468,'Gislason','Charlotte',1,'2020-01-06 22:30:24','2020-01-06 22:42:17'),(397,326,'Thiel','Carolyne',7,'2020-01-06 22:30:24','2020-01-06 22:42:17'),(398,227,'Bode','Winifred',9,'2020-01-06 22:30:24','2020-01-06 22:42:17'),(399,155,'Smith','Marcia',4,'2020-01-06 22:30:24','2020-01-06 22:42:17'),(400,93,'Olson','Naomi',4,'2020-01-06 22:30:24','2020-01-06 22:42:17'),(401,1,'Gusikowski','Dahlia',9,'2020-01-06 22:30:24','2020-01-06 22:42:17'),(402,227,'Bahringer','Sam',9,'2020-01-06 22:30:24','2020-01-06 22:42:17'),(403,128,'Conn','Sincere',10,'2020-01-06 22:30:24','2020-01-06 22:42:17'),(404,461,'Simonis','Estrella',10,'2020-01-06 22:30:24','2020-01-06 22:42:17'),(405,420,'Wilderman','America',2,'2020-01-06 22:30:24','2020-01-06 22:42:17'),(406,215,'Stehr','Verla',10,'2020-01-06 22:30:24','2020-01-06 22:42:17'),(407,315,'Brown','Leon',10,'2020-01-06 22:30:24','2020-01-06 22:42:17'),(408,432,'Nolan','Adrien',3,'2020-01-06 22:30:24','2020-01-06 22:42:17'),(409,211,'Hyatt','Tressa',3,'2020-01-06 22:30:24','2020-01-06 22:42:17'),(410,261,'Johnston','Reba',8,'2020-01-06 22:30:24','2020-01-06 22:42:17'),(411,170,'O\'Hara','Alexandrine',8,'2020-01-06 22:30:24','2020-01-06 22:42:17'),(412,66,'Nienow','Maya',6,'2020-01-06 22:30:24','2020-01-06 22:42:17'),(413,318,'Greenfelder','Israel',7,'2020-01-06 22:30:24','2020-01-06 22:42:17'),(414,394,'King','Foster',4,'2020-01-06 22:30:24','2020-01-06 22:42:17'),(415,15,'Hills','Kenny',7,'2020-01-06 22:30:24','2020-01-06 22:42:17'),(416,394,'Durgan','Eloy',6,'2020-01-06 22:30:24','2020-01-06 22:42:17'),(417,424,'Cole','Ernestina',8,'2020-01-06 22:30:24','2020-01-06 22:42:17'),(418,437,'Monahan','Boyd',10,'2020-01-06 22:30:24','2020-01-06 22:42:17'),(419,413,'Aufderhar','Junior',7,'2020-01-06 22:30:24','2020-01-06 22:42:17'),(420,253,'Towne','Ernestina',5,'2020-01-06 22:30:24','2020-01-06 22:42:17'),(421,27,'Gorczany','Garland',2,'2020-01-06 22:30:24','2020-01-06 22:42:17'),(422,376,'Koch','Alfredo',5,'2020-01-06 22:30:24','2020-01-06 22:42:17'),(423,299,'Langworth','Eugene',9,'2020-01-06 22:30:24','2020-01-06 22:42:17'),(424,363,'Spencer','Travis',9,'2020-01-06 22:30:24','2020-01-06 22:42:17'),(425,421,'Grant','Dena',6,'2020-01-06 22:30:24','2020-01-06 22:42:17'),(426,13,'Baumbach','Luciano',3,'2020-01-06 22:30:24','2020-01-06 22:42:17'),(427,304,'Herzog','Darian',9,'2020-01-06 22:30:24','2020-01-06 22:42:17'),(428,479,'Greenfelder','Brenna',2,'2020-01-06 22:30:24','2020-01-06 22:42:17'),(429,482,'O\'Kon','Dimitri',4,'2020-01-06 22:30:24','2020-01-06 22:42:17'),(430,475,'Cummerata','Alec',4,'2020-01-06 22:30:24','2020-01-06 22:42:17'),(431,426,'Smith','Kane',9,'2020-01-06 22:30:24','2020-01-06 22:42:17'),(432,203,'Reichel','Lorenza',10,'2020-01-06 22:30:24','2020-01-06 22:42:17'),(433,239,'Johnson','Lyda',5,'2020-01-06 22:30:24','2020-01-06 22:42:17'),(434,84,'Christiansen','Olga',2,'2020-01-06 22:30:24','2020-01-06 22:42:17'),(435,204,'Sauer','Daryl',5,'2020-01-06 22:30:24','2020-01-06 22:42:17'),(436,266,'Harvey','Shad',10,'2020-01-06 22:30:24','2020-01-06 22:42:17'),(437,217,'Larson','Aidan',4,'2020-01-06 22:30:24','2020-01-06 22:42:17'),(438,289,'Bergnaum','Augusta',9,'2020-01-06 22:30:24','2020-01-06 22:42:17'),(439,294,'Yundt','Maxine',1,'2020-01-06 22:30:24','2020-01-06 22:42:17'),(440,101,'Russel','D\'angelo',7,'2020-01-06 22:30:24','2020-01-06 22:42:17'),(441,122,'Howe','Carter',2,'2020-01-06 22:30:24','2020-01-06 22:42:17'),(442,305,'Vandervort','Percival',9,'2020-01-06 22:30:24','2020-01-06 22:42:17'),(443,161,'Abbott','Braden',7,'2020-01-06 22:30:24','2020-01-06 22:42:17'),(444,390,'O\'Reilly','Crystel',9,'2020-01-06 22:30:24','2020-01-06 22:42:17'),(445,467,'Koepp','Al',4,'2020-01-06 22:30:24','2020-01-06 22:42:17'),(446,162,'Schroeder','Ariane',3,'2020-01-06 22:30:24','2020-01-06 22:42:17'),(447,409,'Feest','Tyree',3,'2020-01-06 22:30:24','2020-01-06 22:42:17'),(448,57,'Kunde','Hoyt',6,'2020-01-06 22:30:24','2020-01-06 22:42:17'),(449,60,'Kiehn','Faye',2,'2020-01-06 22:30:24','2020-01-06 22:42:17'),(450,126,'Ankunding','Winfield',8,'2020-01-06 22:30:24','2020-01-06 22:42:17'),(451,449,'Jakubowski','Domenick',6,'2020-01-06 22:30:24','2020-01-06 22:42:17'),(452,369,'Veum','Werner',5,'2020-01-06 22:30:24','2020-01-06 22:42:17'),(453,495,'Welch','Louvenia',6,'2020-01-06 22:30:24','2020-01-06 22:42:17'),(454,369,'Dicki','Jay',7,'2020-01-06 22:30:24','2020-01-06 22:42:17'),(455,360,'Schroeder','Derek',3,'2020-01-06 22:30:24','2020-01-06 22:42:17'),(456,192,'DuBuque','Terrance',7,'2020-01-06 22:30:24','2020-01-06 22:42:17'),(457,380,'Ebert','Shanna',2,'2020-01-06 22:30:24','2020-01-06 22:42:17'),(458,324,'Bauch','Adrienne',2,'2020-01-06 22:30:24','2020-01-06 22:42:17'),(459,480,'Bode','Lukas',1,'2020-01-06 22:30:24','2020-01-06 22:42:17'),(460,426,'Cruickshank','Samantha',1,'2020-01-06 22:30:24','2020-01-06 22:42:17'),(461,192,'Schroeder','Kaylah',9,'2020-01-06 22:30:24','2020-01-06 22:42:17'),(462,180,'Ortiz','Minerva',10,'2020-01-06 22:30:24','2020-01-06 22:42:17'),(463,323,'Feest','Vilma',6,'2020-01-06 22:30:24','2020-01-06 22:42:17'),(464,74,'Sipes','Thora',6,'2020-01-06 22:30:24','2020-01-06 22:42:17'),(465,402,'Feest','Jalyn',5,'2020-01-06 22:30:24','2020-01-06 22:42:17'),(466,289,'Ondricka','Aracely',6,'2020-01-06 22:30:24','2020-01-06 22:42:17'),(467,236,'Schaden','Kyla',3,'2020-01-06 22:30:24','2020-01-06 22:42:17'),(468,312,'Barrows','Maude',6,'2020-01-06 22:30:24','2020-01-06 22:42:17'),(469,351,'Carroll','Priscilla',2,'2020-01-06 22:30:24','2020-01-06 22:42:17'),(470,321,'Kautzer','Gwen',2,'2020-01-06 22:30:24','2020-01-06 22:42:17'),(471,49,'Mosciski','Fritz',3,'2020-01-06 22:30:24','2020-01-06 22:42:17'),(472,282,'Conroy','Jackeline',10,'2020-01-06 22:30:24','2020-01-06 22:42:17'),(473,262,'O\'Keefe','Shaina',10,'2020-01-06 22:30:24','2020-01-06 22:42:17'),(474,465,'Blanda','Antonio',10,'2020-01-06 22:30:24','2020-01-06 22:42:17'),(475,39,'Schimmel','Lottie',7,'2020-01-06 22:30:24','2020-01-06 22:42:17'),(476,300,'Powlowski','Monserrat',6,'2020-01-06 22:30:24','2020-01-06 22:42:17'),(477,384,'Hilpert','Krystal',8,'2020-01-06 22:30:24','2020-01-06 22:42:17'),(478,16,'Von','Alexzander',3,'2020-01-06 22:30:24','2020-01-06 22:42:17'),(479,428,'Tremblay','August',1,'2020-01-06 22:30:24','2020-01-06 22:42:17'),(480,92,'Hilll','Alessandro',5,'2020-01-06 22:30:24','2020-01-06 22:42:17'),(481,176,'McDermott','Malvina',10,'2020-01-06 22:30:24','2020-01-06 22:42:17'),(482,102,'O\'Hara','Emely',5,'2020-01-06 22:30:24','2020-01-06 22:42:17'),(483,481,'Schinner','Jarred',6,'2020-01-06 22:30:24','2020-01-06 22:42:17'),(484,97,'Macejkovic','Kadin',6,'2020-01-06 22:30:24','2020-01-06 22:42:17'),(485,45,'Lueilwitz','Johann',8,'2020-01-06 22:30:24','2020-01-06 22:42:17'),(486,430,'Bogan','Jillian',3,'2020-01-06 22:30:24','2020-01-06 22:42:17'),(487,17,'Fay','Caterina',1,'2020-01-06 22:30:24','2020-01-06 22:42:17'),(488,294,'Kirlin','Layne',7,'2020-01-06 22:30:24','2020-01-06 22:42:17'),(489,418,'Bednar','Emmie',8,'2020-01-06 22:30:24','2020-01-06 22:42:17'),(490,207,'Langworth','Kelvin',10,'2020-01-06 22:30:24','2020-01-06 22:42:17'),(491,282,'Gibson','Jaron',8,'2020-01-06 22:30:24','2020-01-06 22:42:17'),(492,290,'Cremin','Kathlyn',6,'2020-01-06 22:30:24','2020-01-06 22:42:17'),(493,100,'Hudson','Hazel',7,'2020-01-06 22:30:24','2020-01-06 22:42:17'),(494,131,'Macejkovic','Marcelino',5,'2020-01-06 22:30:24','2020-01-06 22:42:17'),(495,355,'Gusikowski','Damion',5,'2020-01-06 22:30:24','2020-01-06 22:42:17'),(496,382,'Schamberger','Bret',10,'2020-01-06 22:30:24','2020-01-06 22:42:17'),(497,342,'Hirthe','Vernie',4,'2020-01-06 22:30:24','2020-01-06 22:42:17'),(498,66,'Armstrong','Erna',1,'2020-01-06 22:30:24','2020-01-06 22:42:17'),(499,305,'Cummerata','Kamille',1,'2020-01-06 22:30:24','2020-01-06 22:42:17'),(500,324,'Mosciski','Lew',3,'2020-01-06 22:30:24','2020-01-06 22:42:17');
/*!40000 ALTER TABLE `posts` ENABLE KEYS */;
UNLOCK TABLES;

--
-- Table structure for table `profiles`
--

DROP TABLE IF EXISTS `profiles`;
/*!40101 SET @saved_cs_client     = @@character_set_client */;
/*!50503 SET character_set_client = utf8mb4 */;
CREATE TABLE `profiles` (
  `user_id` int unsigned NOT NULL,
  `sex` char(1) CHARACTER SET utf8 COLLATE utf8_unicode_ci NOT NULL,
  `birthday` date DEFAULT NULL,
  `hometown` varchar(100) CHARACTER SET utf8 COLLATE utf8_unicode_ci DEFAULT NULL,
  `photo_id` int unsigned DEFAULT NULL,
  `update_at` datetime DEFAULT CURRENT_TIMESTAMP ON UPDATE CURRENT_TIMESTAMP,
  PRIMARY KEY (`user_id`),
  KEY `profiles_photo_id_fk` (`photo_id`),
  KEY `profiles_birthday_idx` (`birthday`),
  KEY `profiles_hometown_idx` (`hometown`),
  CONSTRAINT `profiles_photo_id_fk` FOREIGN KEY (`photo_id`) REFERENCES `media` (`id`) ON DELETE SET NULL,
  CONSTRAINT `profiles_user_id_fk` FOREIGN KEY (`user_id`) REFERENCES `users` (`id`) ON DELETE CASCADE
) ENGINE=InnoDB DEFAULT CHARSET=utf8 COLLATE=utf8_unicode_ci;
/*!40101 SET character_set_client = @saved_cs_client */;

--
-- Dumping data for table `profiles`
--

LOCK TABLES `profiles` WRITE;
/*!40000 ALTER TABLE `profiles` DISABLE KEYS */;
INSERT INTO `profiles` VALUES (1,'m','2010-07-11','side',343,'2020-01-06 17:48:51'),(2,'m','1999-09-09','bury',205,'2020-01-06 17:48:51'),(3,'m','2018-07-02','ton',493,'2020-01-06 17:48:51'),(4,'f','2008-03-05','mouth',352,'2020-01-06 17:48:51'),(5,'f','1985-05-07','side',279,'2020-01-06 17:48:51'),(6,'f','1982-04-18','mouth',338,'2020-01-06 17:48:51'),(7,'f','2002-03-05','land',354,'2020-01-06 17:48:51'),(8,'m','2019-03-11','town',254,'2020-01-06 17:48:51'),(9,'m','1991-08-08','bury',209,'2020-01-06 17:48:51'),(10,'f','2014-12-14','side',282,'2020-01-06 17:48:51'),(11,'f','1990-07-17','stad',284,'2020-01-06 17:48:51'),(12,'m','2017-10-12','berg',74,'2020-01-06 17:48:51'),(13,'m','1992-02-23','ton',18,'2020-01-06 17:48:51'),(14,'m','1997-05-27','fort',365,'2020-01-06 17:48:51'),(15,'f','2012-10-08','burgh',271,'2020-01-06 17:48:51'),(16,'m','1971-11-01','furt',262,'2020-01-06 17:48:51'),(17,'f','1975-12-01','ville',494,'2020-01-06 17:48:51'),(18,'m','1977-11-11','ville',182,'2020-01-06 17:48:51'),(19,'f','1970-06-20','ton',430,'2020-01-06 17:48:51'),(20,'m','1976-01-11','furt',103,'2020-01-06 17:48:51'),(21,'m','2012-02-27','furt',222,'2020-01-06 17:48:51'),(22,'m','2010-08-04','fort',304,'2020-01-06 17:48:51'),(23,'m','2017-10-31','view',350,'2020-01-06 17:48:51'),(24,'m','2012-05-12','furt',339,'2020-01-06 17:48:51'),(25,'m','2005-12-05','bury',147,'2020-01-06 17:48:51'),(26,'f','1985-09-18','fort',214,'2020-01-06 17:48:51'),(27,'f','2015-07-11','port',129,'2020-01-06 17:48:51'),(28,'f','2011-09-13','ville',3,'2020-01-06 17:48:51'),(29,'f','2008-09-29','stad',129,'2020-01-06 17:48:51'),(30,'m','2010-06-26','bury',135,'2020-01-06 17:48:51'),(31,'m','1997-12-29','ton',288,'2020-01-06 17:48:51'),(32,'f','1975-01-13','shire',32,'2020-01-06 17:48:51'),(33,'m','1978-04-02','town',296,'2020-01-06 17:48:51'),(34,'f','1995-03-29','ton',383,'2020-01-06 17:48:51'),(35,'m','2013-08-21','burgh',29,'2020-01-06 17:48:51'),(36,'f','2017-11-03','bury',494,'2020-01-06 17:48:51'),(37,'m','1980-03-01','view',381,'2020-01-06 17:48:51'),(38,'m','1998-07-19','bury',422,'2020-01-06 17:48:51'),(39,'m','2000-07-26','ville',469,'2020-01-06 17:48:51'),(40,'f','1987-12-16','bury',78,'2020-01-06 17:48:51'),(41,'m','2017-09-23','mouth',484,'2020-01-06 17:48:51'),(42,'f','1984-10-23','chester',185,'2020-01-06 17:48:51'),(43,'f','2014-03-25','mouth',470,'2020-01-06 17:48:51'),(44,'f','2014-12-24','mouth',298,'2020-01-06 17:48:51'),(45,'f','1975-08-09','ville',76,'2020-01-06 17:48:51'),(46,'m','1974-08-15','ville',489,'2020-01-06 17:48:51'),(47,'f','1994-05-04','ville',213,'2020-01-06 17:48:51'),(48,'m','1978-09-08','ville',99,'2020-01-06 17:48:51'),(49,'m','2017-04-29','land',354,'2020-01-06 17:48:51'),(50,'m','2007-08-11','town',472,'2020-01-06 17:48:51'),(51,'f','2012-12-03','stad',299,'2020-01-06 17:48:51'),(52,'f','1986-09-23','shire',77,'2020-01-06 17:48:51'),(53,'f','1997-11-03','berg',486,'2020-01-06 17:48:51'),(54,'m','1995-04-07','view',202,'2020-01-06 17:48:51'),(55,'f','1982-02-06','shire',51,'2020-01-06 17:48:51'),(56,'m','2006-08-24','chester',149,'2020-01-06 17:48:51'),(57,'m','1992-04-01','haven',92,'2020-01-06 17:48:51'),(58,'m','2002-05-16','shire',14,'2020-01-06 17:48:51'),(59,'m','1982-02-22','shire',291,'2020-01-06 17:48:51'),(60,'m','1986-04-04','view',412,'2020-01-06 17:48:51'),(61,'f','1977-04-10','fort',187,'2020-01-06 17:48:51'),(62,'f','1984-05-01','stad',200,'2020-01-06 17:48:51'),(63,'m','1984-09-12','stad',438,'2020-01-06 17:48:51'),(64,'f','1990-04-10','mouth',89,'2020-01-06 17:48:51'),(65,'m','2004-12-23','view',129,'2020-01-06 17:48:51'),(66,'m','1985-03-18','shire',377,'2020-01-06 17:48:51'),(67,'m','1994-08-06','ton',499,'2020-01-06 17:48:51'),(68,'m','1991-02-08','fort',363,'2020-01-06 17:48:51'),(69,'f','1970-12-07','ton',318,'2020-01-06 17:48:51'),(70,'m','1978-06-11','haven',499,'2020-01-06 17:48:51'),(71,'f','1992-03-20','burgh',40,'2020-01-06 17:48:51'),(72,'m','1977-01-19','bury',205,'2020-01-06 17:48:51'),(73,'f','1994-04-07','ville',402,'2020-01-06 17:48:51'),(74,'m','2006-07-25','bury',395,'2020-01-06 17:48:51'),(75,'m','1971-04-24','shire',267,'2020-01-06 17:48:51'),(76,'f','2016-03-29','fort',150,'2020-01-06 17:48:51'),(77,'f','2001-08-05','ville',448,'2020-01-06 17:48:51'),(78,'f','2001-05-03','side',290,'2020-01-06 17:48:51'),(79,'m','1979-12-14','shire',106,'2020-01-06 17:48:51'),(80,'m','2013-05-18','ville',161,'2020-01-06 17:48:51'),(81,'f','2017-12-05','mouth',486,'2020-01-06 17:48:51'),(82,'f','1981-07-10','shire',444,'2020-01-06 17:48:51'),(83,'f','1984-12-14','furt',264,'2020-01-06 17:48:51'),(84,'m','2010-03-12','shire',486,'2020-01-06 17:48:51'),(85,'m','2002-09-21','shire',140,'2020-01-06 17:48:51'),(86,'m','2010-06-07','borough',239,'2020-01-06 17:48:51'),(87,'m','1994-07-07','stad',274,'2020-01-06 17:48:51'),(88,'f','1984-01-03','land',152,'2020-01-06 17:48:51'),(89,'f','2018-10-27','ville',436,'2020-01-06 17:48:51'),(90,'f','1996-10-13','fort',227,'2020-01-06 17:48:51'),(91,'f','1995-11-15','side',327,'2020-01-06 17:48:51'),(92,'f','2016-08-21','haven',451,'2020-01-06 17:48:51'),(93,'m','1996-05-21','side',274,'2020-01-06 17:48:51'),(94,'m','1989-10-04','haven',15,'2020-01-06 17:48:51'),(95,'f','2005-09-13','ton',254,'2020-01-06 17:48:51'),(96,'f','2005-05-21','side',226,'2020-01-06 17:48:51'),(97,'m','1977-06-18','side',366,'2020-01-06 17:48:51'),(98,'m','1993-04-08','town',151,'2020-01-06 17:48:51'),(99,'m','1972-08-16','burgh',156,'2020-01-06 17:48:51'),(100,'f','2002-04-30','mouth',326,'2020-01-06 17:48:51'),(101,'m','1989-02-18','shire',161,'2020-01-06 17:48:51'),(102,'m','1976-08-29','haven',328,'2020-01-06 17:48:51'),(103,'m','2017-01-30','berg',157,'2020-01-06 17:48:51'),(104,'m','2013-04-03','mouth',299,'2020-01-06 17:48:51'),(105,'f','1984-01-21','town',23,'2020-01-06 17:48:51'),(106,'m','2007-07-20','chester',219,'2020-01-06 17:48:51'),(107,'m','1976-06-30','berg',27,'2020-01-06 17:48:51'),(108,'f','2012-10-21','side',475,'2020-01-06 17:48:51'),(109,'m','2000-07-10','view',296,'2020-01-06 17:48:51'),(110,'m','1989-09-17','furt',52,'2020-01-06 17:48:51'),(111,'m','2006-03-19','furt',373,'2020-01-06 17:48:51'),(112,'f','1985-06-02','port',209,'2020-01-06 17:48:51'),(113,'f','1997-11-14','bury',423,'2020-01-06 17:48:51'),(114,'f','2004-03-16','shire',490,'2020-01-06 17:48:51'),(115,'m','1993-08-24','stad',181,'2020-01-06 17:48:51'),(116,'f','2009-01-06','bury',435,'2020-01-06 17:48:51'),(117,'f','2012-07-16','borough',131,'2020-01-06 17:48:51'),(118,'f','2019-11-17','shire',351,'2020-01-06 17:48:51'),(119,'f','2017-04-03','ville',359,'2020-01-06 17:48:51'),(120,'f','1974-06-24','burgh',242,'2020-01-06 17:48:51'),(121,'m','1994-06-30','mouth',134,'2020-01-06 17:48:51'),(122,'m','2000-10-05','mouth',441,'2020-01-06 17:48:51'),(123,'f','1986-04-19','port',304,'2020-01-06 17:48:51'),(124,'m','2012-09-10','mouth',198,'2020-01-06 17:48:51'),(125,'m','1996-08-22','side',75,'2020-01-06 17:48:51'),(126,'f','2012-07-26','haven',282,'2020-01-06 17:48:51'),(127,'f','2004-02-14','furt',185,'2020-01-06 17:48:51'),(128,'m','2014-12-13','shire',77,'2020-01-06 17:48:51'),(129,'f','2014-09-25','land',332,'2020-01-06 17:48:51'),(130,'m','1972-10-27','haven',427,'2020-01-06 17:48:51'),(131,'m','2010-09-19','shire',138,'2020-01-06 17:48:51'),(132,'f','1985-08-23','borough',407,'2020-01-06 17:48:51'),(133,'f','2012-07-07','borough',122,'2020-01-06 17:48:51'),(134,'f','2001-10-25','furt',386,'2020-01-06 17:48:51'),(135,'f','1988-05-24','chester',67,'2020-01-06 17:48:51'),(136,'m','2010-05-12','port',176,'2020-01-06 17:48:51'),(137,'f','1971-01-20','ton',178,'2020-01-06 17:48:51'),(138,'m','1993-09-13','haven',363,'2020-01-06 17:48:51'),(139,'f','1999-11-18','haven',281,'2020-01-06 17:48:51'),(140,'m','1986-04-05','land',314,'2020-01-06 17:48:51'),(141,'f','1977-01-09','chester',228,'2020-01-06 17:48:51'),(142,'f','2007-11-17','shire',197,'2020-01-06 17:48:51'),(143,'m','1995-12-20','stad',299,'2020-01-06 17:48:51'),(144,'m','2018-10-22','ton',406,'2020-01-06 17:48:51'),(145,'f','1983-06-30','furt',133,'2020-01-06 17:48:51'),(146,'f','2003-06-19','fort',447,'2020-01-06 17:48:51'),(147,'m','2017-05-29','fort',335,'2020-01-06 17:48:51'),(148,'m','1974-04-14','fort',333,'2020-01-06 17:48:51'),(149,'f','1975-07-28','furt',157,'2020-01-06 17:48:51'),(150,'m','1973-08-21','view',289,'2020-01-06 17:48:51'),(151,'f','1995-10-20','stad',473,'2020-01-06 17:48:51'),(152,'m','2005-12-14','side',495,'2020-01-06 17:48:51'),(153,'m','2015-08-16','burgh',58,'2020-01-06 17:48:51'),(154,'f','1982-01-13','side',303,'2020-01-06 17:48:51'),(155,'m','1987-02-23','stad',340,'2020-01-06 17:48:51'),(156,'m','2007-04-17','mouth',290,'2020-01-06 17:48:51'),(157,'f','1996-09-21','ville',429,'2020-01-06 17:48:51'),(158,'f','2009-06-15','chester',276,'2020-01-06 17:48:51'),(159,'f','2011-09-25','berg',90,'2020-01-06 17:48:51'),(160,'f','1998-07-28','shire',124,'2020-01-06 17:48:51'),(161,'m','1982-09-09','borough',349,'2020-01-06 17:48:51'),(162,'f','1998-09-30','berg',374,'2020-01-06 17:48:51'),(163,'m','1970-02-27','chester',322,'2020-01-06 17:48:51'),(164,'m','1985-09-20','shire',488,'2020-01-06 17:48:51'),(165,'f','2001-02-03','side',473,'2020-01-06 17:48:51'),(166,'m','1976-10-27','chester',400,'2020-01-06 17:48:51'),(167,'f','2004-07-05','land',79,'2020-01-06 17:48:51'),(168,'m','2012-08-08','mouth',198,'2020-01-06 17:48:51'),(169,'m','1989-02-04','land',250,'2020-01-06 17:48:51'),(170,'m','1983-07-17','port',156,'2020-01-06 17:48:51'),(171,'f','2019-03-05','chester',29,'2020-01-06 17:48:51'),(172,'f','2014-08-31','bury',179,'2020-01-06 17:48:51'),(173,'f','2003-08-19','side',304,'2020-01-06 17:48:51'),(174,'m','1995-09-09','land',485,'2020-01-06 17:48:51'),(175,'m','2006-06-23','town',13,'2020-01-06 17:48:51'),(176,'f','2015-07-08','fort',110,'2020-01-06 17:48:51'),(177,'m','2006-09-29','burgh',11,'2020-01-06 17:48:51'),(178,'m','2010-11-19','burgh',223,'2020-01-06 17:48:51'),(179,'m','1988-09-29','stad',82,'2020-01-06 17:48:51'),(180,'f','2004-03-07','chester',239,'2020-01-06 17:48:51'),(181,'f','1994-04-22','shire',450,'2020-01-06 17:48:51'),(182,'m','1992-11-01','ville',32,'2020-01-06 17:48:51'),(183,'f','1984-04-07','land',308,'2020-01-06 17:48:51'),(184,'m','2016-08-13','shire',444,'2020-01-06 17:48:51'),(185,'m','1978-10-20','stad',297,'2020-01-06 17:48:51'),(186,'m','2003-06-01','chester',150,'2020-01-06 17:48:51'),(187,'f','1980-04-19','burgh',359,'2020-01-06 17:48:51'),(188,'f','1979-12-31','chester',345,'2020-01-06 17:48:51'),(189,'m','2017-05-22','fort',149,'2020-01-06 17:48:51'),(190,'m','2011-07-12','ton',209,'2020-01-06 17:48:51'),(191,'m','2016-03-15','side',99,'2020-01-06 17:48:51'),(192,'m','2003-08-03','chester',366,'2020-01-06 17:48:51'),(193,'f','1990-07-26','view',34,'2020-01-06 17:48:51'),(194,'f','2003-03-26','borough',69,'2020-01-06 17:48:51'),(195,'f','2009-10-13','view',242,'2020-01-06 17:48:51'),(196,'m','1978-07-22','mouth',3,'2020-01-06 17:48:51'),(197,'f','2017-09-10','furt',289,'2020-01-06 17:48:51'),(198,'m','1984-05-08','ville',434,'2020-01-06 17:48:51'),(199,'m','1977-06-13','ville',305,'2020-01-06 17:48:51'),(200,'m','1974-01-20','ton',220,'2020-01-06 17:48:51'),(201,'f','1987-10-16','side',183,'2020-01-06 17:48:51'),(202,'m','2014-06-07','fort',258,'2020-01-06 17:48:51'),(203,'f','1970-11-14','shire',239,'2020-01-06 17:48:51'),(204,'f','2008-11-25','mouth',423,'2020-01-06 17:48:51'),(205,'m','1990-12-04','berg',395,'2020-01-06 17:48:51'),(206,'f','1978-02-21','port',206,'2020-01-06 17:48:51'),(207,'f','2011-06-29','town',345,'2020-01-06 17:48:51'),(208,'m','1979-02-10','burgh',107,'2020-01-06 17:48:51'),(209,'f','1990-05-02','furt',500,'2020-01-06 17:48:51'),(210,'f','1999-08-13','haven',180,'2020-01-06 17:48:51'),(211,'f','1982-04-09','mouth',397,'2020-01-06 17:48:51'),(212,'f','2012-08-29','stad',445,'2020-01-06 17:48:51'),(213,'f','2018-01-08','bury',36,'2020-01-06 17:48:51'),(214,'m','2018-11-10','port',341,'2020-01-06 17:48:51'),(215,'m','1981-03-28','ton',98,'2020-01-06 17:48:51'),(216,'f','1984-06-10','berg',467,'2020-01-06 17:48:51'),(217,'f','1975-04-07','stad',40,'2020-01-06 17:48:51'),(218,'f','2000-02-13','berg',297,'2020-01-06 17:48:51'),(219,'f','1993-04-19','mouth',364,'2020-01-06 17:48:51'),(220,'m','1990-09-20','side',430,'2020-01-06 17:48:51'),(221,'f','1987-04-13','shire',57,'2020-01-06 17:48:51'),(222,'f','1987-02-07','land',494,'2020-01-06 17:48:51'),(223,'m','1984-12-15','land',297,'2020-01-06 17:48:51'),(224,'m','1986-02-04','stad',6,'2020-01-06 17:48:51'),(225,'m','1990-06-26','mouth',136,'2020-01-06 17:48:51'),(226,'m','1990-04-22','side',162,'2020-01-06 17:48:51'),(227,'f','1981-11-18','fort',401,'2020-01-06 17:48:51'),(228,'f','2000-10-31','mouth',17,'2020-01-06 17:48:51'),(229,'m','1975-05-23','side',382,'2020-01-06 17:48:51'),(230,'m','1993-11-07','land',361,'2020-01-06 17:48:51'),(231,'f','1988-09-25','town',157,'2020-01-06 17:48:51'),(232,'m','1988-07-07','side',201,'2020-01-06 17:48:51'),(233,'f','1978-01-12','town',32,'2020-01-06 17:48:51'),(234,'m','1987-10-21','shire',58,'2020-01-06 17:48:51'),(235,'f','1972-04-07','port',193,'2020-01-06 17:48:51'),(236,'m','1984-12-01','bury',292,'2020-01-06 17:48:51'),(237,'m','2015-12-19','berg',381,'2020-01-06 17:48:51'),(238,'f','1988-08-16','view',27,'2020-01-06 17:48:51'),(239,'f','2012-01-25','berg',493,'2020-01-06 17:48:51'),(240,'f','1996-03-08','land',382,'2020-01-06 17:48:51'),(241,'m','1984-05-02','chester',432,'2020-01-06 17:48:51'),(242,'f','1990-09-17','haven',13,'2020-01-06 17:48:51'),(243,'f','1986-09-20','bury',268,'2020-01-06 17:48:51'),(244,'f','1999-08-14','haven',302,'2020-01-06 17:48:51'),(245,'m','2005-06-15','ton',204,'2020-01-06 17:48:51'),(246,'m','1991-04-04','town',113,'2020-01-06 17:48:51'),(247,'f','1999-05-23','berg',454,'2020-01-06 17:48:51'),(248,'f','1983-01-27','berg',431,'2020-01-06 17:48:51'),(249,'m','2012-07-22','ton',292,'2020-01-06 17:48:51'),(250,'f','1971-04-23','port',166,'2020-01-06 17:48:51'),(251,'m','2004-07-20','ton',455,'2020-01-06 17:48:51'),(252,'m','1993-03-10','borough',274,'2020-01-06 17:48:51'),(253,'f','2017-05-12','furt',8,'2020-01-06 17:48:51'),(254,'f','1984-03-31','ton',215,'2020-01-06 17:48:51'),(255,'m','1996-06-18','burgh',49,'2020-01-06 17:48:51'),(256,'f','2001-03-02','town',103,'2020-01-06 17:48:51'),(257,'f','1997-05-14','furt',366,'2020-01-06 17:48:51'),(258,'m','1979-02-17','shire',19,'2020-01-06 17:48:51'),(259,'f','1982-01-17','fort',498,'2020-01-06 17:48:51'),(260,'f','1992-02-18','mouth',431,'2020-01-06 17:48:51'),(261,'m','1979-10-14','ton',160,'2020-01-06 17:48:51'),(262,'m','1981-07-26','town',7,'2020-01-06 17:48:51'),(263,'f','1988-12-10','shire',56,'2020-01-06 17:48:51'),(264,'f','2011-03-08','shire',257,'2020-01-06 17:48:51'),(265,'m','1988-08-25','haven',116,'2020-01-06 17:48:51'),(266,'m','1991-09-17','town',309,'2020-01-06 17:48:51'),(267,'m','1997-02-23','ton',196,'2020-01-06 17:48:51'),(268,'f','2015-03-08','land',53,'2020-01-06 17:48:51'),(269,'m','1985-12-31','land',175,'2020-01-06 17:48:51'),(270,'f','2017-03-20','land',215,'2020-01-06 17:48:51'),(271,'f','1988-09-28','chester',49,'2020-01-06 17:48:51'),(272,'f','2000-01-03','haven',99,'2020-01-06 17:48:51'),(273,'f','1983-11-01','mouth',347,'2020-01-06 17:48:51'),(274,'m','2016-03-10','furt',437,'2020-01-06 17:48:51'),(275,'f','2009-11-07','side',143,'2020-01-06 17:48:51'),(276,'f','1985-04-08','berg',406,'2020-01-06 17:48:51'),(277,'f','1993-05-27','view',99,'2020-01-06 17:48:51'),(278,'f','1973-11-20','borough',275,'2020-01-06 17:48:51'),(279,'m','2006-04-11','mouth',79,'2020-01-06 17:48:51'),(280,'f','1980-01-12','furt',71,'2020-01-06 17:48:51'),(281,'m','1986-02-11','haven',118,'2020-01-06 17:48:51'),(282,'f','1996-01-09','mouth',377,'2020-01-06 17:48:51'),(283,'f','2016-12-30','ton',30,'2020-01-06 17:48:51'),(284,'f','2005-08-06','side',17,'2020-01-06 17:48:51'),(285,'f','1974-11-18','berg',494,'2020-01-06 17:48:51'),(286,'f','1994-03-19','shire',420,'2020-01-06 17:48:51'),(287,'f','1971-04-11','mouth',117,'2020-01-06 17:48:51'),(288,'m','2006-02-13','town',325,'2020-01-06 17:48:51'),(289,'f','2017-10-04','port',272,'2020-01-06 17:48:51'),(290,'f','1991-11-21','mouth',385,'2020-01-06 17:48:51'),(291,'m','1987-10-18','mouth',108,'2020-01-06 17:48:51'),(292,'m','1973-12-25','bury',386,'2020-01-06 17:48:51'),(293,'f','1974-06-26','burgh',106,'2020-01-06 17:48:51'),(294,'f','1976-05-03','borough',371,'2020-01-06 17:48:51'),(295,'f','1984-11-26','haven',35,'2020-01-06 17:48:51'),(296,'m','1977-05-15','chester',61,'2020-01-06 17:48:51'),(297,'m','1977-09-10','ton',199,'2020-01-06 17:48:51'),(298,'f','1977-08-10','mouth',312,'2020-01-06 17:48:51'),(299,'f','1996-10-15','land',462,'2020-01-06 17:48:51'),(300,'f','2017-01-31','burgh',373,'2020-01-06 17:48:51'),(301,'m','1971-02-17','shire',479,'2020-01-06 17:48:51'),(302,'m','1986-02-07','bury',274,'2020-01-06 17:48:51'),(303,'m','1970-10-18','haven',435,'2020-01-06 17:48:51'),(304,'f','1973-11-12','bury',350,'2020-01-06 17:48:51'),(305,'f','2000-09-21','view',445,'2020-01-06 17:48:51'),(306,'f','1977-02-14','chester',174,'2020-01-06 17:48:51'),(307,'f','2007-05-19','stad',36,'2020-01-06 17:48:51'),(308,'f','1977-04-08','ville',159,'2020-01-06 17:48:51'),(309,'m','1989-08-03','borough',184,'2020-01-06 17:48:51'),(310,'m','1996-02-03','side',442,'2020-01-06 17:48:51'),(311,'m','1973-09-15','stad',159,'2020-01-06 17:48:51'),(312,'m','2014-03-31','shire',467,'2020-01-06 17:48:51'),(313,'f','1977-11-09','stad',357,'2020-01-06 17:48:51'),(314,'m','1981-10-21','land',385,'2020-01-06 17:48:51'),(315,'m','1990-10-27','town',354,'2020-01-06 17:48:51'),(316,'f','1997-03-08','mouth',112,'2020-01-06 17:48:51'),(317,'f','2012-02-24','bury',500,'2020-01-06 17:48:51'),(318,'f','1997-07-05','stad',162,'2020-01-06 17:48:51'),(319,'f','2017-07-06','ton',311,'2020-01-06 17:48:51'),(320,'f','2000-11-20','burgh',68,'2020-01-06 17:48:51'),(321,'f','1975-12-29','side',407,'2020-01-06 17:48:51'),(322,'f','1975-06-27','mouth',330,'2020-01-06 17:48:51'),(323,'m','1993-08-07','berg',429,'2020-01-06 17:48:51'),(324,'m','1972-03-01','stad',154,'2020-01-06 17:48:51'),(325,'f','1976-10-06','stad',484,'2020-01-06 17:48:51'),(326,'f','2004-03-29','side',458,'2020-01-06 17:48:51'),(327,'f','1985-10-28','mouth',338,'2020-01-06 17:48:51'),(328,'m','2016-03-25','haven',315,'2020-01-06 17:48:51'),(329,'m','1981-01-16','ton',60,'2020-01-06 17:48:51'),(330,'m','2017-01-07','town',355,'2020-01-06 17:48:51'),(331,'f','1990-07-23','furt',94,'2020-01-06 17:48:51'),(332,'f','1976-10-17','haven',405,'2020-01-06 17:48:51'),(333,'m','2007-04-14','fort',243,'2020-01-06 17:48:51'),(334,'m','1976-06-06','town',498,'2020-01-06 17:48:51'),(335,'f','2006-04-25','town',261,'2020-01-06 17:48:51'),(336,'f','2017-05-25','haven',311,'2020-01-06 17:48:51'),(337,'f','1970-04-12','berg',271,'2020-01-06 17:48:51'),(338,'m','1993-01-27','side',424,'2020-01-06 17:48:51'),(339,'f','1977-09-18','mouth',303,'2020-01-06 17:48:51'),(340,'f','1971-06-15','land',244,'2020-01-06 17:48:51'),(341,'m','1989-02-22','shire',309,'2020-01-06 17:48:51'),(342,'f','1993-09-07','ton',314,'2020-01-06 17:48:51'),(343,'f','1978-08-10','mouth',142,'2020-01-06 17:48:51'),(344,'m','1978-09-02','burgh',266,'2020-01-06 17:48:51'),(345,'f','1989-03-07','stad',404,'2020-01-06 17:48:51'),(346,'f','2014-11-08','port',224,'2020-01-06 17:48:51'),(347,'f','1987-09-03','ville',404,'2020-01-06 17:48:51'),(348,'f','2001-08-09','ton',350,'2020-01-06 17:48:51'),(349,'f','1977-10-29','ton',35,'2020-01-06 17:48:51'),(350,'f','1976-08-26','ton',125,'2020-01-06 17:48:51'),(351,'m','1989-02-26','stad',22,'2020-01-06 17:48:51'),(352,'m','2015-06-30','side',232,'2020-01-06 17:48:51'),(353,'f','1977-11-27','shire',92,'2020-01-06 17:48:51'),(354,'f','1997-12-14','shire',266,'2020-01-06 17:48:51'),(355,'m','1995-07-24','bury',51,'2020-01-06 17:48:51'),(356,'m','1987-02-01','chester',460,'2020-01-06 17:48:51'),(357,'f','1984-12-12','town',144,'2020-01-06 17:48:51'),(358,'f','2018-02-28','land',339,'2020-01-06 17:48:51'),(359,'f','1995-10-25','mouth',265,'2020-01-06 17:48:51'),(360,'f','2005-03-23','town',308,'2020-01-06 17:48:51'),(361,'m','2016-08-12','shire',241,'2020-01-06 17:48:51'),(362,'f','2004-07-17','furt',283,'2020-01-06 17:48:51'),(363,'f','1975-02-11','berg',192,'2020-01-06 17:48:51'),(364,'m','2001-10-19','burgh',111,'2020-01-06 17:48:51'),(365,'m','1999-12-06','shire',476,'2020-01-06 17:48:51'),(366,'m','2001-05-03','chester',49,'2020-01-06 17:48:51'),(367,'f','1990-03-20','chester',316,'2020-01-06 17:48:51'),(368,'m','2008-03-01','burgh',433,'2020-01-06 17:48:51'),(369,'m','2008-07-27','land',217,'2020-01-06 17:48:51'),(370,'f','1978-01-12','view',284,'2020-01-06 17:48:51'),(371,'m','2014-10-04','haven',267,'2020-01-06 17:48:51'),(372,'m','1996-06-20','ton',484,'2020-01-06 17:48:51'),(373,'m','1998-03-16','ton',120,'2020-01-06 17:48:51'),(374,'f','1986-07-11','haven',146,'2020-01-06 17:48:51'),(375,'m','2001-10-14','haven',368,'2020-01-06 17:48:51'),(376,'m','2011-12-16','chester',403,'2020-01-06 17:48:51'),(377,'f','1983-03-30','port',412,'2020-01-06 17:48:51'),(378,'m','2017-08-15','mouth',350,'2020-01-06 17:48:51'),(379,'m','2010-10-30','port',12,'2020-01-06 17:48:51'),(380,'m','1980-05-15','stad',12,'2020-01-06 17:48:51'),(381,'f','2000-06-10','ville',22,'2020-01-06 17:48:51'),(382,'m','1998-07-26','land',75,'2020-01-06 17:48:51'),(383,'m','2013-11-27','furt',309,'2020-01-06 17:48:51'),(384,'m','2014-02-03','mouth',317,'2020-01-06 17:48:51'),(385,'f','2008-05-02','bury',160,'2020-01-06 17:48:51'),(386,'m','2009-05-26','burgh',350,'2020-01-06 17:48:51'),(387,'f','1975-11-19','town',266,'2020-01-06 17:48:51'),(388,'f','1992-12-14','mouth',282,'2020-01-06 17:48:51'),(389,'m','2013-12-01','mouth',109,'2020-01-06 17:48:51'),(390,'f','2013-11-27','borough',198,'2020-01-06 17:48:51'),(391,'m','2019-12-24','mouth',163,'2020-01-06 17:48:51'),(392,'m','1995-08-23','haven',221,'2020-01-06 17:48:51'),(393,'f','1979-01-18','haven',115,'2020-01-06 17:48:51'),(394,'f','1984-10-03','furt',411,'2020-01-06 17:48:51'),(395,'f','2019-10-02','burgh',208,'2020-01-06 17:48:51'),(396,'m','2004-12-22','bury',308,'2020-01-06 17:48:51'),(397,'f','1988-10-11','town',414,'2020-01-06 17:48:51'),(398,'f','2010-11-15','town',147,'2020-01-06 17:48:51'),(399,'m','1983-08-02','borough',493,'2020-01-06 17:48:51'),(400,'f','2011-05-22','mouth',22,'2020-01-06 17:48:51'),(401,'f','1978-08-05','furt',133,'2020-01-06 17:48:51'),(402,'m','1975-07-30','mouth',98,'2020-01-06 17:48:51'),(403,'m','1987-09-01','town',88,'2020-01-06 17:48:51'),(404,'f','2009-01-11','land',147,'2020-01-06 17:48:51'),(405,'m','1983-03-08','chester',469,'2020-01-06 17:48:51'),(406,'m','1972-05-17','fort',406,'2020-01-06 17:48:51'),(407,'m','2015-12-20','stad',121,'2020-01-06 17:48:51'),(408,'m','2003-12-04','haven',386,'2020-01-06 17:48:51'),(409,'f','2017-10-29','side',67,'2020-01-06 17:48:51'),(410,'f','1970-10-01','ton',175,'2020-01-06 17:48:51'),(411,'m','1980-04-13','bury',173,'2020-01-06 17:48:51'),(412,'f','2016-01-14','town',343,'2020-01-06 17:48:51'),(413,'f','2000-05-07','town',192,'2020-01-06 17:48:51'),(414,'f','2000-09-30','town',433,'2020-01-06 17:48:51'),(415,'m','2017-04-03','mouth',87,'2020-01-06 17:48:51'),(416,'m','2018-05-16','mouth',135,'2020-01-06 17:48:51'),(417,'f','1976-04-02','chester',415,'2020-01-06 17:48:51'),(418,'f','2002-08-25','furt',171,'2020-01-06 17:48:51'),(419,'m','1985-03-29','haven',107,'2020-01-06 17:48:51'),(420,'m','2017-11-06','fort',23,'2020-01-06 17:48:51'),(421,'m','2001-07-06','side',292,'2020-01-06 17:48:51'),(422,'m','2019-02-08','haven',389,'2020-01-06 17:48:51'),(423,'f','2019-11-27','ville',71,'2020-01-06 17:48:51'),(424,'f','1996-04-04','ton',186,'2020-01-06 17:48:51'),(425,'f','1976-05-10','town',219,'2020-01-06 17:48:51'),(426,'m','1971-08-18','shire',34,'2020-01-06 17:48:51'),(427,'m','1974-09-29','town',15,'2020-01-06 17:48:51'),(428,'m','2006-05-18','chester',469,'2020-01-06 17:48:51'),(429,'m','1983-01-20','burgh',303,'2020-01-06 17:48:51'),(430,'f','2006-09-16','burgh',106,'2020-01-06 17:48:51'),(431,'m','1997-04-27','shire',120,'2020-01-06 17:48:51'),(432,'f','1971-07-10','ton',284,'2020-01-06 17:48:51'),(433,'m','1975-02-18','port',58,'2020-01-06 17:48:51'),(434,'m','2016-03-30','bury',439,'2020-01-06 17:48:51'),(435,'f','2012-05-15','mouth',20,'2020-01-06 17:48:51'),(436,'m','2016-02-13','fort',281,'2020-01-06 17:48:51'),(437,'m','1995-08-20','chester',343,'2020-01-06 17:48:51'),(438,'m','1972-05-24','view',374,'2020-01-06 17:48:51'),(439,'f','1981-11-30','port',340,'2020-01-06 17:48:51'),(440,'m','2016-10-08','ton',75,'2020-01-06 17:48:51'),(441,'m','1986-06-29','borough',358,'2020-01-06 17:48:51'),(442,'m','1999-09-17','bury',63,'2020-01-06 17:48:51'),(443,'f','1989-02-02','mouth',239,'2020-01-06 17:48:51'),(444,'m','2002-03-04','view',7,'2020-01-06 17:48:51'),(445,'m','2008-04-19','ton',317,'2020-01-06 17:48:51'),(446,'f','2015-01-15','fort',63,'2020-01-06 17:48:51'),(447,'f','1981-06-07','land',364,'2020-01-06 17:48:51'),(448,'f','2011-09-15','ville',129,'2020-01-06 17:48:51'),(449,'m','1993-02-23','furt',52,'2020-01-06 17:48:51'),(450,'m','1986-01-24','furt',373,'2020-01-06 17:48:51'),(451,'m','1990-12-08','chester',211,'2020-01-06 17:48:51'),(452,'f','1972-04-05','town',434,'2020-01-06 17:48:51'),(453,'f','1998-09-07','fort',37,'2020-01-06 17:48:51'),(454,'m','1982-02-02','furt',381,'2020-01-06 17:48:51'),(455,'m','2016-03-09','furt',293,'2020-01-06 17:48:51'),(456,'m','1977-04-20','burgh',321,'2020-01-06 17:48:51'),(457,'f','2002-02-15','furt',226,'2020-01-06 17:48:51'),(458,'f','1975-04-29','ville',167,'2020-01-06 17:48:51'),(459,'f','1992-10-06','shire',156,'2020-01-06 17:48:51'),(460,'m','1977-02-17','shire',279,'2020-01-06 17:48:51'),(461,'m','2001-04-30','fort',428,'2020-01-06 17:48:51'),(462,'m','2004-04-30','ton',303,'2020-01-06 17:48:51'),(463,'m','2017-09-17','fort',231,'2020-01-06 17:48:51'),(464,'m','1983-04-04','land',243,'2020-01-06 17:48:51'),(465,'m','2008-07-28','port',22,'2020-01-06 17:48:51'),(466,'m','1974-05-29','fort',380,'2020-01-06 17:48:51'),(467,'m','1995-11-13','burgh',334,'2020-01-06 17:48:51'),(468,'m','1987-12-28','town',29,'2020-01-06 17:48:51'),(469,'m','2017-11-20','port',144,'2020-01-06 17:48:51'),(470,'f','1977-02-24','shire',132,'2020-01-06 17:48:51'),(471,'m','2019-08-22','fort',227,'2020-01-06 17:48:51'),(472,'m','2013-07-16','town',237,'2020-01-06 17:48:51'),(473,'f','1989-10-17','ville',4,'2020-01-06 17:48:51'),(474,'m','2000-07-23','fort',309,'2020-01-06 17:48:51'),(475,'f','2018-09-11','mouth',33,'2020-01-06 17:48:51'),(476,'m','1977-12-31','stad',239,'2020-01-06 17:48:51'),(477,'m','2010-05-23','fort',93,'2020-01-06 17:48:51'),(478,'f','1981-06-17','mouth',249,'2020-01-06 17:48:51'),(479,'m','1990-11-04','land',466,'2020-01-06 17:48:51'),(480,'m','2008-04-30','view',83,'2020-01-06 17:48:51'),(481,'m','1985-08-08','borough',16,'2020-01-06 17:48:51'),(482,'m','1985-12-23','mouth',328,'2020-01-06 17:48:51'),(483,'m','1996-11-22','burgh',95,'2020-01-06 17:48:51'),(484,'m','1984-09-13','fort',487,'2020-01-06 17:48:51'),(485,'f','1979-08-04','ton',153,'2020-01-06 17:48:51'),(486,'m','1987-03-29','side',300,'2020-01-06 17:48:51'),(487,'m','1974-06-09','view',42,'2020-01-06 17:48:51'),(488,'m','1997-01-15','mouth',309,'2020-01-06 17:48:51'),(489,'f','1980-03-13','berg',420,'2020-01-06 17:48:51'),(490,'f','2009-12-06','port',173,'2020-01-06 17:48:51'),(491,'f','1979-09-24','bury',103,'2020-01-06 17:48:51'),(492,'m','1980-08-26','port',497,'2020-01-06 17:48:51'),(493,'f','2009-10-03','bury',177,'2020-01-06 17:48:51'),(494,'f','1995-06-20','view',390,'2020-01-06 17:48:51'),(495,'f','1978-11-22','borough',421,'2020-01-06 17:48:51'),(496,'f','1974-02-25','furt',432,'2020-01-06 17:48:51'),(497,'m','2005-01-18','furt',397,'2020-01-06 17:48:51'),(498,'m','1989-09-18','town',190,'2020-01-06 17:48:51'),(499,'f','1974-02-02','borough',260,'2020-01-06 17:48:51'),(500,'f','1997-07-14','borough',227,'2020-01-06 17:48:51');
/*!40000 ALTER TABLE `profiles` ENABLE KEYS */;
UNLOCK TABLES;

--
-- Table structure for table `target_types`
--

DROP TABLE IF EXISTS `target_types`;
/*!40101 SET @saved_cs_client     = @@character_set_client */;
/*!50503 SET character_set_client = utf8mb4 */;
CREATE TABLE `target_types` (
  `id` int unsigned NOT NULL AUTO_INCREMENT,
  `name` varchar(255) NOT NULL,
  PRIMARY KEY (`id`),
  UNIQUE KEY `name` (`name`)
) ENGINE=InnoDB AUTO_INCREMENT=5 DEFAULT CHARSET=utf8mb4 COLLATE=utf8mb4_0900_ai_ci;
/*!40101 SET character_set_client = @saved_cs_client */;

--
-- Dumping data for table `target_types`
--

LOCK TABLES `target_types` WRITE;
/*!40000 ALTER TABLE `target_types` DISABLE KEYS */;
INSERT INTO `target_types` VALUES (3,'media'),(1,'messages'),(4,'posts'),(2,'users');
/*!40000 ALTER TABLE `target_types` ENABLE KEYS */;
UNLOCK TABLES;

--
-- Table structure for table `users`
--

DROP TABLE IF EXISTS `users`;
/*!40101 SET @saved_cs_client     = @@character_set_client */;
/*!50503 SET character_set_client = utf8mb4 */;
CREATE TABLE `users` (
  `id` int unsigned NOT NULL AUTO_INCREMENT,
  `first_name` varchar(100) CHARACTER SET utf8 COLLATE utf8_unicode_ci NOT NULL,
  `last_name` varchar(100) CHARACTER SET utf8 COLLATE utf8_unicode_ci NOT NULL,
  `email` varchar(120) CHARACTER SET utf8 COLLATE utf8_unicode_ci NOT NULL,
  `phone` varchar(120) CHARACTER SET utf8 COLLATE utf8_unicode_ci NOT NULL,
  `created_at` datetime DEFAULT CURRENT_TIMESTAMP,
  `updated_at` datetime DEFAULT CURRENT_TIMESTAMP ON UPDATE CURRENT_TIMESTAMP,
  PRIMARY KEY (`id`),
  UNIQUE KEY `email` (`email`),
  UNIQUE KEY `phone` (`phone`),
  UNIQUE KEY `users_email_uq` (`email`),
  KEY `users_first_name_last_name_idx` (`first_name`,`last_name`)
) ENGINE=InnoDB AUTO_INCREMENT=501 DEFAULT CHARSET=utf8 COLLATE=utf8_unicode_ci;
/*!40101 SET character_set_client = @saved_cs_client */;

--
-- Dumping data for table `users`
--

LOCK TABLES `users` WRITE;
/*!40000 ALTER TABLE `users` DISABLE KEYS */;
INSERT INTO `users` VALUES (1,'Fabian','Leannon','oeichmann@example.org','04543303334','2007-12-07 07:56:45','1976-07-05 01:43:34'),(2,'Miracle','Nikolaus','orland08@example.org','283.902.7331x1892','2016-10-03 18:28:29','1993-04-21 04:33:18'),(3,'Mekhi','Weimann','jalyn.konopelski@example.net','+72(3)3447020727','1972-10-07 00:51:22','1992-08-01 23:50:49'),(4,'Lavern','Wyman','jkris@example.org','(729)765-2864','2019-03-13 03:07:58','1976-09-02 11:09:06'),(5,'Jed','Ratke','brock.jakubowski@example.com','200.567.0313','2018-08-08 05:25:25','1975-02-26 02:30:56'),(6,'Efrain','Paucek','laurine.kreiger@example.com','583-751-4043x65994','2018-06-24 17:21:39','1984-03-27 08:09:52'),(7,'Hayley','Hickle','chase48@example.org','1-165-942-5953x73470','1994-03-21 04:25:51','1994-05-27 10:48:00'),(8,'Addie','Lang','zemlak.raul@example.net','(931)557-6877','1975-06-14 01:46:32','2004-11-21 20:48:05'),(9,'Tod','Toy','heathcote.silas@example.net','05425609587','1981-03-23 11:08:24','2012-09-12 08:47:51'),(10,'Kailey','Nikolaus','lindsey.bartoletti@example.org','019-978-9725','1991-04-12 22:46:11','2016-01-23 21:07:50'),(11,'Rae','Marks','pboehm@example.org','661.033.0020x84839','1973-06-15 23:52:47','1980-09-21 17:43:26'),(12,'Morris','Sauer','marques.aufderhar@example.com','(868)842-1715x1151','1992-04-02 00:05:51','1989-06-03 05:47:51'),(13,'June','Orn','wintheiser.justus@example.org','1-494-023-4600x06682','2013-10-28 07:32:48','1993-10-02 07:58:04'),(14,'Adrienne','Hessel','tracey48@example.net','(585)342-0157','1992-05-10 15:33:09','1977-04-13 15:57:39'),(15,'Eudora','Herzog','upagac@example.org','366.688.0414','1993-04-24 13:52:22','1978-12-25 03:17:37'),(16,'Neoma','Rippin','casimir48@example.org','1-863-986-1944x31343','1995-10-10 20:01:42','1991-06-30 12:57:41'),(17,'Neil','Green','conroy.jazmyne@example.net','218.592.7220x53481','1988-09-07 23:52:13','1991-11-10 10:10:16'),(18,'Roslyn','Daugherty','fisher.elyssa@example.org','514-167-7660','2002-04-04 03:51:32','1970-08-21 08:41:47'),(19,'Georgiana','Welch','tbailey@example.com','191-719-9724','1978-11-11 09:03:38','1999-03-25 13:36:48'),(20,'Nat','Barrows','mathew.schneider@example.net','037.162.0429x72284','2013-10-19 02:06:50','1970-07-28 00:49:46'),(21,'Hunter','Goyette','eldridge29@example.org','(951)883-9501','1993-06-23 04:52:52','1977-08-28 20:00:05'),(22,'Kaia','Bernhard','connor.marquardt@example.net','1-299-785-4141x4473','1987-11-19 20:13:50','1983-12-18 11:06:19'),(23,'Marian','Kling','albert85@example.net','(343)786-6760x9030','2014-05-02 02:30:13','1997-05-19 14:13:32'),(24,'Immanuel','Rau','zella65@example.org','1-036-431-5544x38071','2004-08-06 11:58:27','1987-11-24 10:53:52'),(25,'Kristoffer','Gaylord','gankunding@example.net','1-251-795-7083x365','2003-04-30 10:36:05','2006-10-10 02:56:44'),(26,'Lilian','Lind','destany56@example.com','1-747-274-2667x713','1982-08-04 13:37:45','1983-02-20 12:31:03'),(27,'Karlee','Schulist','emuller@example.net','+44(6)1453923666','2002-05-16 17:57:58','1971-06-12 11:40:22'),(28,'Sonia','Prosacco','koelpin.tate@example.com','+46(7)4815641250','1992-02-11 08:21:57','1985-07-16 03:41:08'),(29,'Jolie','Kunde','abahringer@example.com','1-406-779-4791','1996-05-16 08:02:25','1988-08-07 17:19:35'),(30,'Melvina','Goldner','delphia14@example.net','181.798.2484','2013-10-24 08:10:56','1976-07-28 19:14:55'),(31,'Shane','Hammes','cerdman@example.com','08442322410','1977-08-03 08:33:43','2008-09-14 13:59:14'),(32,'Santino','Cassin','zsporer@example.org','523.535.6734','1994-04-23 20:55:08','1973-09-18 05:06:48'),(33,'Durward','Schroeder','ilittle@example.net','1-329-953-5278','1984-01-24 17:59:14','1981-08-28 09:33:24'),(34,'Orin','Stracke','zkris@example.com','921-277-8860','1983-04-16 14:45:29','2001-01-03 03:25:47'),(35,'Karli','Gerlach','susan49@example.net','(016)374-1062','1995-07-02 01:26:54','2005-04-05 11:32:04'),(36,'Orlo','Feest','glover.harmony@example.org','642-451-1615','1975-07-17 01:57:14','2013-03-12 17:01:01'),(37,'Eudora','Hessel','sanford.kelvin@example.net','179.582.1391','1975-08-29 08:36:26','2005-05-21 05:33:07'),(38,'Fletcher','Rice','dedric07@example.net','566-190-5842','1974-04-21 08:54:22','1972-08-09 12:06:35'),(39,'Kellen','Wuckert','nbahringer@example.com','311-818-2609','2007-07-17 05:08:41','1980-06-26 23:38:07'),(40,'Alexander','Monahan','annabell.murphy@example.com','1-834-562-9554','1994-04-30 00:51:07','2017-06-02 05:17:03'),(41,'Sunny','Shanahan','botsford.zechariah@example.com','(375)244-0834x3768','1993-12-07 12:59:37','1997-09-26 19:35:28'),(42,'Lauriane','Armstrong','lindgren.jazmin@example.com','790.354.6165','2016-06-01 00:51:37','1994-10-25 11:42:13'),(43,'Bernard','Price','heathcote.brycen@example.com','936-354-5169x9750','2012-09-22 07:21:14','1973-05-07 16:08:46'),(44,'Amina','Ernser','zabshire@example.org','1-178-945-3453x4479','1978-08-18 16:36:15','1971-12-26 12:53:30'),(45,'Melyssa','Monahan','mondricka@example.net','1-987-961-8318x2695','2019-06-10 05:11:56','1981-08-26 20:05:21'),(46,'Damien','Leannon','okuneva.lacy@example.com','1-652-570-7310x2300','1981-05-21 23:40:55','1989-07-05 20:08:04'),(47,'Francesco','Ruecker','koss.hattie@example.org','1-193-410-3035','1983-08-31 08:12:29','1982-12-06 01:42:19'),(48,'Ernest','Kreiger','myrtie39@example.net','1-318-628-4980x64719','1984-04-14 04:51:16','1995-11-20 11:44:52'),(49,'Brandi','Dibbert','gwalsh@example.org','359.912.8066','1970-03-04 13:38:18','1988-06-13 12:38:44'),(50,'Garry','Volkman','hailey.wolf@example.org','892.421.3544','2017-02-21 06:48:25','2001-02-04 11:11:52'),(51,'Janie','Purdy','ospencer@example.org','06727677013','2002-03-30 22:14:25','2019-04-17 09:11:02'),(52,'Laisha','Rutherford','kautzer.adan@example.net','+91(3)8656018115','1970-08-27 21:32:43','1970-01-24 12:10:11'),(53,'Javier','Conroy','germaine.schulist@example.org','+27(6)8016621745','1973-11-06 04:23:53','2005-08-03 15:34:42'),(54,'Vaughn','Macejkovic','christiansen.fausto@example.com','(960)935-8196','2012-12-29 13:40:36','1990-09-07 17:33:44'),(55,'Sydnie','Weber','citlalli.schulist@example.net','1-586-844-6708x548','1970-04-02 11:30:13','2002-07-21 18:04:49'),(56,'Hipolito','Towne','west.katrina@example.org','1-221-847-7040','2016-12-22 00:01:46','1982-04-30 00:07:08'),(57,'Syble','Schultz','milford.zboncak@example.org','792.187.7303x1282','1972-03-30 15:17:40','2019-02-16 17:11:00'),(58,'Judge','Sipes','finn.kuhn@example.com','957-252-5306','2016-06-29 16:54:37','1981-06-17 19:56:35'),(59,'Noelia','Johns','lauryn.kuhn@example.com','929-334-4978x7402','1986-12-12 04:59:12','2005-05-07 15:18:55'),(60,'Arden','Hodkiewicz','gconsidine@example.net','433.868.8607','1997-08-07 13:13:13','1999-09-19 19:15:46'),(61,'Margarita','Jakubowski','jacobs.quinten@example.net','1-454-262-2326','1978-02-24 19:10:17','1987-01-05 05:52:42'),(62,'Okey','O\'Kon','bwalter@example.com','+74(4)0269257106','1970-09-19 15:48:06','1999-09-12 00:55:25'),(63,'Brigitte','Halvorson','micheal21@example.org','1-714-391-1069x617','1983-10-13 04:42:17','2009-05-29 16:33:13'),(64,'Bryce','Gerlach','abigayle08@example.org','364-168-9330x43972','1975-09-09 18:21:58','2014-11-15 15:12:55'),(65,'Vaughn','Beier','britney67@example.net','635.179.4971x963','2009-01-20 22:23:56','1976-07-05 16:46:29'),(66,'Alize','Cruickshank','merle.cormier@example.org','752.248.6106','1971-01-31 13:20:33','1998-11-04 04:22:50'),(67,'Sabrina','Hettinger','rafaela.jones@example.net','845.509.1447x63981','2013-07-07 20:29:05','2008-11-01 09:38:25'),(68,'Triston','Walter','shansen@example.org','067-083-5476x5136','1986-12-08 00:46:07','2006-10-03 01:30:05'),(69,'Ruthie','Murray','colin.lind@example.net','06769458789','2000-06-17 13:20:41','1979-04-22 04:06:17'),(70,'Dell','Nienow','cquigley@example.org','+75(9)1070736615','1995-08-29 20:43:29','2000-03-09 09:02:36'),(71,'Greta','Witting','witting.estrella@example.com','662.108.9521','1970-03-06 02:17:05','1997-04-26 22:51:25'),(72,'Charlotte','Braun','alda.lowe@example.org','673-252-9157','2011-01-03 01:37:54','1992-05-16 04:03:24'),(73,'Domenica','Wolff','champlin.jude@example.net','+15(5)7545810105','1984-01-15 11:08:37','1977-01-01 05:04:17'),(74,'Buford','Schmitt','floy.rau@example.com','617-116-9846','1983-04-22 14:04:52','2010-08-19 19:42:12'),(75,'Larue','Beahan','wilderman.leila@example.com','+35(7)2064908133','2006-01-31 21:38:13','1990-09-16 23:14:05'),(76,'Casimer','Fahey','alittel@example.org','(267)772-3648x8220','1989-02-25 08:42:15','2013-05-15 08:55:05'),(77,'Cyril','Hermiston','grimes.kendra@example.org','+65(3)3673860929','2000-05-28 20:54:40','1986-02-23 08:46:29'),(78,'Kathleen','Schmeler','remington49@example.com','927-741-6007x658','2005-03-29 19:56:14','1971-08-17 03:20:07'),(79,'Greg','Sporer','schuppe.keaton@example.net','07048986160','2015-03-07 15:44:59','2017-05-31 01:45:50'),(80,'Jarrett','Torphy','alphonso.goodwin@example.net','+55(1)5428036989','1979-02-25 16:42:10','1978-03-15 01:57:37'),(81,'Anna','Bartell','abernathy.sammy@example.net','741.061.1756','2017-04-13 09:54:57','2004-12-03 15:53:01'),(82,'Melvin','Shields','xlowe@example.org','1-452-166-0977','1984-06-06 16:07:06','1994-10-28 00:02:42'),(83,'Kristin','Wisozk','bogan.carley@example.net','1-038-927-5067x21652','1992-05-26 18:24:36','2006-01-20 11:23:19'),(84,'Daphne','Johnson','abashirian@example.net','+76(4)1025935125','1995-03-11 00:48:01','2009-03-07 10:52:56'),(85,'Katheryn','Schmidt','lew83@example.org','803.577.7947x92529','2003-12-02 19:41:56','1975-06-08 13:15:56'),(86,'Gaston','Bogisich','charles51@example.com','1-430-979-4891x008','2013-09-19 14:33:47','1977-10-19 08:11:58'),(87,'Missouri','Mertz','mflatley@example.org','599-151-8524x29599','1992-10-28 14:03:28','1974-10-06 18:51:32'),(88,'Vivianne','Zulauf','lucio.roberts@example.com','1-483-775-7319','1978-06-22 03:21:40','1998-01-02 12:54:54'),(89,'Morris','Smitham','bstokes@example.com','961.472.3909x1965','1975-12-09 02:13:15','1989-04-16 06:53:11'),(90,'Noemy','Goyette','tmedhurst@example.net','(255)013-9313x27898','1990-09-08 16:56:49','1979-02-10 01:34:30'),(91,'Edythe','Becker','yhickle@example.org','642-677-5097','2014-03-26 08:53:43','1981-05-29 14:09:36'),(92,'Owen','Goldner','ukautzer@example.org','549.153.0717','2016-05-07 14:55:29','1994-02-01 03:34:18'),(93,'Elinore','Frami','mayert.monique@example.net','1-722-517-4183x9848','2007-02-06 20:49:26','1985-03-05 06:14:31'),(94,'Hettie','Beatty','nbrakus@example.net','292.439.5703','2006-07-02 06:38:53','2000-03-16 13:35:55'),(95,'Thalia','McKenzie','lehner.marisa@example.net','1-082-031-6914x6383','1984-07-07 23:58:23','1983-02-10 00:15:41'),(96,'Helga','Bechtelar','marquardt.seth@example.com','(267)944-8426x1299','1985-02-21 19:53:19','1975-07-28 00:50:04'),(97,'David','Marquardt','reilly.coty@example.net','1-756-931-2964','2019-10-24 07:25:23','1972-11-01 23:16:17'),(98,'Friedrich','O\'Kon','berta06@example.org','+15(6)1129918139','1983-02-10 14:19:02','2000-02-05 01:15:59'),(99,'Baby','Monahan','jfeeney@example.net','211.509.2173x52424','1975-09-16 12:56:15','2014-01-12 12:03:48'),(100,'Delmer','Hand','vpowlowski@example.org','(407)658-9893','1998-09-03 00:09:17','1991-07-02 21:20:19'),(101,'Karlee','Wyman','fae.schmeler@example.com','1-482-140-4981','1989-01-21 20:55:07','1991-08-24 21:00:55'),(102,'Samanta','Jerde','rice.zoila@example.net','508.868.4753','2002-08-20 23:52:34','1978-12-20 13:13:05'),(103,'Ryley','Crona','seamus63@example.net','+88(6)4410762742','2000-06-05 19:14:41','1997-01-25 05:16:50'),(104,'Gilbert','Marquardt','adicki@example.org','+78(5)0876344520','1987-12-06 20:57:20','2004-12-19 17:20:38'),(105,'Sincere','Kerluke','aliyah.beatty@example.org','1-880-955-3168x423','1994-07-22 23:30:31','1973-08-28 06:16:08'),(106,'Tristian','Glover','adonis02@example.org','456-611-5625x87863','2015-06-14 15:15:57','1987-04-13 09:59:17'),(107,'Griffin','Runolfsdottir','norbert58@example.net','+22(4)0358661230','1973-08-16 00:17:38','1972-01-14 11:57:21'),(108,'Eugenia','Hyatt','lind.dennis@example.org','758.825.5273x421','1986-11-03 12:58:57','1972-09-25 21:07:02'),(109,'Jackie','Thompson','brandi.jones@example.net','1-551-330-1912x6351','2001-08-28 19:16:39','1976-04-17 07:24:22'),(110,'Louie','Witting','hegmann.felipa@example.org','(727)876-8075','1976-07-30 00:47:46','1993-03-02 15:40:03'),(111,'Lulu','Glover','oliver85@example.com','(421)413-1382x59126','2019-07-15 03:18:18','2001-01-25 06:37:07'),(112,'Margarette','Reinger','vhoeger@example.org','559.491.8276x704','1986-02-07 19:12:01','1988-04-01 19:11:14'),(113,'Benedict','Donnelly','ned.ortiz@example.net','556-207-4905x501','1971-03-04 14:12:28','2019-04-17 09:33:02'),(114,'Modesta','Runolfsdottir','bednar.arden@example.com','1-770-654-3483x0487','2004-07-21 23:11:19','2013-04-08 12:47:08'),(115,'Aliya','Murazik','daniel.ressie@example.com','1-859-520-2296x2403','2009-02-26 14:11:40','1971-03-17 22:39:31'),(116,'Paula','Streich','hermann.walton@example.com','789.245.9784','1984-06-29 10:06:38','1983-04-15 18:39:07'),(117,'Spencer','Fritsch','schumm.amelia@example.net','(710)641-9932x2003','1998-03-29 07:20:27','2001-08-10 13:02:34'),(118,'Eudora','Hintz','kstark@example.org','08877843838','1990-03-19 01:02:55','1977-05-12 03:53:27'),(119,'Florine','Jones','hudson.maximus@example.net','05990712877','1989-08-17 01:20:23','1995-12-27 02:43:42'),(120,'Eva','Cremin','ivory52@example.org','1-542-099-8916','1999-06-02 10:20:22','2009-01-18 03:13:54'),(121,'Braden','Corkery','domenic.treutel@example.com','007-181-3976x1308','1985-04-10 12:20:52','1983-01-27 16:54:39'),(122,'Brock','Heathcote','colin63@example.net','231-117-1035x966','1998-05-12 03:11:30','1989-01-26 10:41:32'),(123,'Brook','Bechtelar','ekulas@example.net','1-160-019-0191','2015-03-13 01:45:05','2013-03-12 00:06:25'),(124,'Lura','Hoeger','vanessa76@example.com','(157)686-8962x4724','2000-05-09 18:14:49','1977-06-21 01:36:20'),(125,'Kole','Jerde','upton.valentin@example.com','311-082-5473','1996-07-01 01:51:15','1973-11-29 17:17:17'),(126,'Jacquelyn','Huel','klarkin@example.com','+58(1)3437899421','1992-05-29 15:30:01','2004-08-17 00:07:15'),(127,'Meggie','Torp','vincenzo81@example.net','168-839-5719x154','1978-09-10 15:02:45','2012-04-04 01:45:11'),(128,'Annabel','Parisian','isaias83@example.com','+81(6)7048804185','1971-06-22 20:25:26','2007-07-24 16:24:22'),(129,'Micaela','Schuster','mariam.mraz@example.org','1-179-407-0486','2019-12-08 11:15:48','1976-09-22 10:31:30'),(130,'Harrison','Schimmel','mallie90@example.org','093-588-3214','1987-09-19 12:21:28','2018-08-20 07:10:07'),(131,'Agustina','Feest','bella09@example.org','723.376.8169x0960','2013-03-01 17:27:50','1988-02-01 19:25:38'),(132,'Magdalen','Rutherford','kmorissette@example.com','1-255-118-2628x2839','1976-01-14 17:25:22','1987-07-13 01:04:18'),(133,'Jade','Ullrich','claudia.kautzer@example.com','1-636-066-3461','1990-05-16 10:33:38','2017-01-13 15:57:51'),(134,'Glennie','Hills','wbraun@example.com','1-549-760-9830','1998-02-18 12:37:52','1984-09-10 02:59:13'),(135,'Harley','Herman','morissette.demario@example.com','148-199-6757x0200','2001-05-29 22:43:12','1986-05-17 12:25:13'),(136,'Lambert','Mante','iweimann@example.org','1-393-638-8858','2002-11-21 00:17:14','1974-10-04 13:22:53'),(137,'Vernon','Stamm','mmoen@example.com','295-150-9856','1970-07-27 08:53:06','1981-07-16 14:42:53'),(138,'Dorothea','Macejkovic','terrell.brekke@example.net','443-987-8104x0148','2017-07-08 11:39:50','2015-11-01 16:08:17'),(139,'Hildegard','Lakin','xhagenes@example.org','(756)272-8891x27048','2008-07-25 13:09:33','1988-05-23 17:43:39'),(140,'Santa','Marks','parker.kiera@example.net','04104940946','2002-11-16 03:19:32','1986-04-29 05:04:37'),(141,'Darrel','Ondricka','qzemlak@example.org','436.728.0818x2805','1971-05-18 07:41:16','1985-02-19 16:51:46'),(142,'Alexa','Pfannerstill','laurence.luettgen@example.com','860.440.2482x18795','2007-11-05 19:53:56','1992-02-03 09:02:23'),(143,'Myrtle','Runolfsdottir','pink32@example.org','1-971-488-3250','1987-11-25 11:45:00','2004-05-15 02:50:35'),(144,'Aliyah','Schulist','horace.rippin@example.org','187.554.2385','1998-11-15 00:12:40','1998-03-24 17:46:09'),(145,'Nannie','Doyle','arlene.zboncak@example.net','500.003.9707','1990-05-28 01:43:38','1975-04-09 07:48:08'),(146,'Sedrick','Koelpin','arden34@example.net','07382656985','1982-08-10 12:30:48','2000-02-04 20:50:57'),(147,'Ali','Von','ccummerata@example.org','705-943-5437x40270','1978-08-28 11:28:20','2000-08-30 18:31:54'),(148,'Larry','Quitzon','lempi.adams@example.com','(409)205-8256','1998-03-09 20:28:00','2004-02-11 22:19:23'),(149,'Bradford','Champlin','qkutch@example.net','08337672108','1979-09-12 15:50:58','2008-09-11 07:02:51'),(150,'Sandrine','Hermann','alvina.cronin@example.net','069.917.5327x681','1971-05-02 09:25:51','1999-03-04 12:28:09'),(151,'Diamond','Bahringer','thiel.alanis@example.net','244-701-8366','2017-04-06 14:37:00','1976-02-21 05:40:39'),(152,'Hilton','Johnston','alvah.treutel@example.net','+40(8)3255059047','1987-01-14 04:05:21','1993-07-11 03:09:49'),(153,'Celine','Hansen','glover.horace@example.org','583.240.2937x0814','1993-10-23 07:35:55','2005-08-24 04:03:47'),(154,'Camron','Lehner','schuster.patience@example.org','08786874087','1990-10-18 17:43:08','1989-01-24 09:12:40'),(155,'Gordon','Kutch','jada.graham@example.net','1-465-831-6036','2010-07-24 17:59:39','1996-09-16 02:35:47'),(156,'Dave','Schaefer','anne.kassulke@example.net','952.309.4596x7725','1995-06-29 12:39:48','1977-03-01 21:07:36'),(157,'Selina','Stamm','dell.kub@example.com','942.971.6827x377','1975-02-22 02:51:31','2016-09-22 06:02:59'),(158,'Pierce','Gutkowski','paucek.sydni@example.net','1-859-163-5965x346','1975-04-13 22:25:26','2009-10-03 19:10:26'),(159,'Dawson','Hand','simonis.elfrieda@example.org','(471)279-7356x1392','1994-04-10 13:56:41','2004-03-09 16:22:37'),(160,'Davion','Littel','bergstrom.gretchen@example.net','+50(6)9802022846','1977-11-22 04:42:20','2012-04-25 01:11:40'),(161,'Everette','O\'Conner','mveum@example.org','(680)787-7164','2003-10-20 19:18:04','2011-03-02 19:35:28'),(162,'Ambrose','Koch','dleuschke@example.com','868.601.1076','1972-09-07 07:43:04','2011-12-14 22:00:18'),(163,'Demetrius','Murazik','brycen88@example.net','(931)328-1238x7376','2012-08-08 18:53:53','2001-08-01 05:10:35'),(164,'Emmitt','O\'Hara','hannah.effertz@example.net','862-675-8480','2017-02-19 06:10:58','1999-01-13 04:41:03'),(165,'Rex','Mayer','delta70@example.net','(486)039-9902','1983-04-27 18:14:54','1981-03-17 14:04:53'),(166,'Stefan','Schowalter','oswald.schneider@example.com','057.380.5382x972','1994-07-10 04:12:41','1986-03-25 11:43:54'),(167,'Mohamed','Gutmann','jonathon.weber@example.net','795-981-9486x78362','1993-06-06 14:20:55','2007-07-27 10:33:54'),(168,'Lindsay','Kemmer','kale68@example.org','1-392-285-4596','1977-02-10 17:10:08','2015-01-16 03:16:23'),(169,'Cale','Effertz','stark.norwood@example.com','1-314-642-2097x29261','1997-10-09 17:25:11','1997-03-27 14:12:21'),(170,'Jacinto','Cummerata','winona.marvin@example.net','1-520-162-7640x009','2008-07-20 22:34:36','1996-10-08 19:33:49'),(171,'Ian','DuBuque','shayna.durgan@example.net','359-389-6239x1076','1985-04-06 08:55:55','2009-12-13 22:43:49'),(172,'Dewitt','Brown','cassie.jerde@example.org','783.389.1142x432','2014-12-15 08:10:43','1976-10-23 05:58:39'),(173,'Gia','Simonis','amir81@example.com','913.208.3985x86839','1999-10-12 01:06:21','1985-09-06 01:43:36'),(174,'Scot','Jakubowski','kris.yasmeen@example.net','+77(7)5514118405','2008-02-08 03:49:32','1985-09-02 03:03:33'),(175,'Franco','Sawayn','coberbrunner@example.net','846.805.1693','1978-07-31 00:03:49','2016-08-25 02:19:43'),(176,'Spencer','Hoppe','ramon28@example.org','668-074-9638x287','1983-11-22 08:55:12','2013-10-08 12:16:38'),(177,'Ayana','Walsh','gpollich@example.org','07068517010','1994-12-29 02:06:37','2014-04-22 02:18:55'),(178,'Thurman','Zemlak','abernathy.gerard@example.com','1-565-521-1012x528','2010-07-22 01:51:52','1981-06-26 14:59:08'),(179,'Monroe','Fadel','freida.bechtelar@example.net','281.722.4324x14471','2001-06-27 12:55:45','1999-08-29 12:34:08'),(180,'Vernice','Abbott','harber.josiane@example.org','299-862-8953x276','1979-01-06 01:16:23','2016-08-07 15:49:19'),(181,'Zoie','Monahan','gpaucek@example.org','605.083.0128x064','1983-05-02 21:37:24','1992-01-10 07:10:10'),(182,'Grace','Hauck','turner.unique@example.net','+48(6)3133815847','2000-07-26 04:28:48','1971-07-26 02:01:45'),(183,'Cade','Farrell','kassulke.dakota@example.org','1-316-599-0255','1970-07-11 16:33:08','1977-04-22 19:23:07'),(184,'Zita','Shields','dicki.bonnie@example.net','287.253.3714','1977-11-21 02:43:22','1981-10-16 00:19:50'),(185,'Boyd','Gorczany','kparker@example.org','134-435-2780','1987-01-06 02:13:05','1978-08-02 11:14:38'),(186,'Julia','Walter','pinkie.powlowski@example.net','006.458.4464x4782','1971-02-27 07:13:49','1993-08-02 11:24:54'),(187,'Rosa','Kris','delbert93@example.net','1-046-773-5462','1986-08-07 08:03:12','1998-10-13 07:25:46'),(188,'Malachi','Von','bette58@example.org','1-863-579-3377','1973-01-18 09:54:12','1989-04-13 20:12:12'),(189,'Libby','Franecki','runolfsson.claudie@example.net','661-061-4652','1998-07-14 05:59:11','1992-01-19 21:51:03'),(190,'Ubaldo','McGlynn','hleannon@example.org','(398)656-0929x424','1990-01-06 13:16:59','2015-08-15 02:39:13'),(191,'Gardner','O\'Connell','murphy.nola@example.net','+93(3)7926948968','1971-03-21 06:28:04','1988-07-24 13:22:14'),(192,'Glen','Leffler','marks.piper@example.org','558-761-3498','2000-11-15 00:47:17','1986-05-14 09:22:20'),(193,'Rudy','Ernser','myles.crist@example.org','(569)233-4844x2069','2008-12-06 00:28:08','2018-06-13 16:48:41'),(194,'Johann','Altenwerth','sporer.bettie@example.net','239-589-6595x44263','1973-10-03 19:06:35','1976-04-13 16:31:25'),(195,'Maxwell','Ferry','fredrick.botsford@example.com','1-065-476-3797x16279','1970-06-17 01:44:50','2004-08-13 07:03:26'),(196,'Columbus','Buckridge','christiansen.deontae@example.com','299.060.5226x12182','1974-05-16 16:25:35','2002-12-20 05:12:42'),(197,'Angie','Toy','pierce.lindgren@example.com','283-710-6388x3229','1996-12-31 13:08:18','2018-10-07 06:52:19'),(198,'Alexandre','Moen','o\'reilly.samara@example.net','035-839-6740x896','1986-06-19 04:20:19','1991-04-19 11:39:28'),(199,'Jean','Spinka','ziemann.amira@example.net','(026)837-8115x9678','1975-07-08 04:06:01','2019-06-21 07:52:32'),(200,'Helene','O\'Kon','pbahringer@example.com','04584962332','1980-11-05 16:15:11','1996-10-11 15:42:47'),(201,'Clara','Langosh','parmstrong@example.com','1-348-321-2598','2012-12-30 11:39:11','2011-05-27 17:54:44'),(202,'Larry','Pollich','stella.yost@example.org','+51(1)3994442787','1998-09-04 15:18:14','1984-05-15 21:56:29'),(203,'Alana','Kuhic','olin46@example.com','(121)474-2155x8136','2001-09-30 12:35:31','1977-06-09 18:41:26'),(204,'Ambrose','Will','stella36@example.com','085.660.4690x99135','1999-09-11 17:56:19','2002-06-04 20:34:40'),(205,'Helene','Spinka','deshaun.nader@example.org','846-871-2261','2011-03-02 03:23:40','2019-05-11 03:56:52'),(206,'Wyman','Lubowitz','margot94@example.net','014.794.6087x275','2006-10-23 02:42:10','2019-06-02 16:58:15'),(207,'Javier','Blick','jamal97@example.org','884-449-8411','2014-03-19 20:44:00','1972-10-05 20:17:34'),(208,'Zita','Watsica','mikel.erdman@example.net','030-726-9360x45963','1995-12-16 05:53:41','2006-04-11 18:33:40'),(209,'Thora','Morar','mcdermott.jordan@example.com','1-603-841-7691','2007-10-03 00:54:57','1991-06-11 21:06:38'),(210,'Kaela','Dibbert','tlockman@example.org','380-042-8707x93886','2013-04-04 01:06:23','1997-02-07 13:23:01'),(211,'Rusty','Kuphal','maud.dietrich@example.net','1-115-441-6373x5480','2007-12-31 19:56:19','1991-10-05 20:31:57'),(212,'Clifton','Powlowski','wehner.julio@example.net','178.624.1799x22930','1987-03-21 10:28:50','1997-04-09 23:40:37'),(213,'Krystal','Crona','pharris@example.com','(540)250-6283x83402','2009-07-24 06:42:46','2008-05-28 10:34:05'),(214,'Angelica','Anderson','ernestine48@example.net','(540)219-7761','2007-06-30 06:55:39','2002-06-11 08:20:48'),(215,'Paula','Terry','morissette.rocio@example.com','1-614-881-0559x30426','1997-10-09 04:21:47','2006-09-23 02:57:30'),(216,'Arnold','Haag','schmidt.marjolaine@example.com','(009)386-7359x1106','2009-10-27 01:05:28','1994-02-16 19:10:50'),(217,'Gerald','Mills','brooks.steuber@example.com','(309)350-4629','1990-11-03 01:04:13','2017-09-02 04:24:42'),(218,'Elbert','Marquardt','mandy59@example.org','991-507-0414','1991-07-08 20:18:36','1982-01-18 03:48:23'),(219,'Destiny','Ebert','wade.zulauf@example.net','1-823-759-4207x693','1997-06-16 23:34:03','1973-05-13 10:44:37'),(220,'Candice','Dibbert','selmer12@example.com','+31(0)2689804634','2017-06-10 12:29:21','1970-02-16 01:54:03'),(221,'Chanel','Franecki','balistreri.hilbert@example.com','1-160-827-5773','1983-12-03 04:58:32','1996-09-03 23:11:15'),(222,'Jamarcus','Erdman','vboyer@example.net','756-580-8719x505','1999-10-12 20:48:30','1972-10-09 07:19:14'),(223,'Edgardo','Hagenes','mlangosh@example.org','232.385.9727x7983','1981-05-15 17:24:09','1973-03-19 02:17:54'),(224,'Mattie','Reynolds','mmaggio@example.com','00066554087','1990-10-17 12:49:54','2016-04-14 18:39:03'),(225,'Elmore','Wolf','keara.gorczany@example.org','272-805-8718x650','2010-07-04 20:33:20','2002-10-04 19:36:33'),(226,'Irma','Windler','yullrich@example.net','+20(8)6632554417','2013-08-11 20:16:38','2010-05-31 18:12:50'),(227,'Adriel','McClure','stone89@example.org','613.290.1086','1987-04-05 02:48:23','2017-05-17 15:20:56'),(228,'Tom','Kassulke','alva.emmerich@example.com','(382)819-3229','2015-05-25 00:50:25','2000-10-25 08:03:11'),(229,'Darryl','Hane','claire28@example.com','539-486-9522x89546','1983-03-28 05:55:38','2002-12-18 01:37:47'),(230,'Lilla','Howe','rerdman@example.com','(741)633-6490','1997-11-22 16:22:45','1996-10-13 06:49:20'),(231,'Micheal','Kemmer','oran10@example.net','(700)173-3855x2487','1988-09-04 10:15:19','1984-06-12 02:38:05'),(232,'Sierra','Nicolas','skylar.reynolds@example.net','(669)688-9237x84102','2001-05-01 18:14:51','1979-11-29 22:21:27'),(233,'Alexandria','Legros','kohler.autumn@example.org','641.131.3120','2014-07-26 13:31:41','2019-07-24 17:25:02'),(234,'Lela','Schmeler','verona.gleason@example.com','351-137-3747x17963','2007-02-15 21:45:43','1979-12-26 22:59:58'),(235,'Armand','Johnston','cummings.brandyn@example.com','212.642.4746x79884','1973-09-07 22:28:05','2014-12-31 04:33:42'),(236,'Lonie','O\'Reilly','zieme.angie@example.net','1-425-927-4794x94460','1990-09-27 16:21:28','2010-10-31 12:43:37'),(237,'Adolfo','Bartell','micaela95@example.net','505.336.5538x7308','1990-01-08 00:12:26','2015-10-21 13:50:40'),(238,'Aimee','Harber','holly78@example.com','496.195.0860x46244','1984-01-23 23:18:21','1998-08-21 18:31:37'),(239,'Pascale','Reichel','schoen.carey@example.org','+26(3)7264226661','1990-01-27 19:24:21','2013-05-22 14:01:33'),(240,'Christopher','Douglas','grant.edmond@example.org','(443)370-4987','1976-07-22 05:10:29','2006-04-15 15:21:55'),(241,'Candido','Yost','stanton44@example.net','686.783.6506x6171','1989-10-01 12:57:06','2019-11-07 00:11:41'),(242,'Kathleen','Wintheiser','bernier.alyson@example.org','(213)447-0008x57659','2011-10-20 07:23:21','1997-10-27 01:11:26'),(243,'Claire','Bernier','alberta13@example.com','(460)176-2310x289','2013-12-05 00:34:55','1988-01-29 00:42:47'),(244,'Walton','Carter','rhea.russel@example.org','03726369759','2005-06-16 03:46:22','1976-03-12 06:37:58'),(245,'Salma','Schuppe','gerard.o\'kon@example.net','552.475.8754x4253','1977-05-24 16:26:15','2002-12-24 19:49:56'),(246,'Janessa','Jacobson','veum.franco@example.net','779-842-1523x7953','1976-10-13 13:27:33','2003-09-27 01:11:18'),(247,'Lula','Breitenberg','goodwin.lilyan@example.net','(962)598-6932x07935','1979-11-07 01:10:30','1981-07-04 12:10:06'),(248,'Earlene','Sauer','sydnie.paucek@example.com','034.295.6295x7843','1972-09-15 04:20:42','1978-11-09 12:51:00'),(249,'Orlo','Wiegand','eprohaska@example.org','(156)093-2847x311','1987-10-29 02:18:35','2014-06-10 11:21:47'),(250,'Matt','Farrell','golda92@example.org','(290)260-4845','1973-01-31 00:05:07','2016-01-04 23:20:05'),(251,'Golda','Weber','willms.elvera@example.com','(166)575-3754x6184','1987-06-14 06:51:30','1994-06-06 04:05:22'),(252,'Anastasia','Gorczany','reichel.abbie@example.net','(374)852-5171x712','2014-09-10 06:05:20','1985-10-18 07:38:54'),(253,'Jermain','Keeling','reynolds.devin@example.org','653-055-4360','2014-02-17 12:39:07','1990-05-30 02:53:05'),(254,'Tyrel','Volkman','leuschke.chance@example.net','1-319-458-2215','1972-04-04 00:19:59','1987-06-27 16:58:21'),(255,'Emery','Breitenberg','nkohler@example.org','098.398.2998x62868','2005-01-03 10:51:32','1988-05-31 16:05:46'),(256,'Tara','Rolfson','owhite@example.net','1-671-031-3132','2017-09-08 19:35:23','1986-05-06 21:16:12'),(257,'Brycen','Terry','randerson@example.com','05679610312','1985-01-18 11:38:16','2009-04-26 16:15:44'),(258,'Esmeralda','Wolff','qrunte@example.com','277-591-1393x373','1995-12-06 18:57:22','2003-01-21 12:23:22'),(259,'Esmeralda','Cassin','myrl.gerhold@example.net','1-389-738-7820x7943','2007-10-01 16:34:23','2004-02-21 08:28:02'),(260,'Alysha','Larkin','asa36@example.com','532-832-1813','2014-09-04 10:24:44','1997-03-01 06:24:02'),(261,'Leonardo','Goyette','eoberbrunner@example.org','218-844-5975','1997-08-07 06:16:55','1995-08-18 20:35:39'),(262,'Onie','Koelpin','bednar.layla@example.org','699-096-2052x8191','1994-11-01 05:37:16','2008-11-07 02:45:09'),(263,'Murl','Rogahn','btillman@example.net','950-445-2568x845','2005-12-20 14:29:01','1973-11-08 05:32:37'),(264,'Lera','Huel','cleo.turcotte@example.net','(023)733-6902x7175','1996-07-23 20:28:49','2008-10-17 15:48:26'),(265,'Cleveland','Streich','mnicolas@example.net','717-727-4260','1974-12-09 08:46:20','1985-02-15 12:48:53'),(266,'Julien','Nicolas','jacklyn.hamill@example.com','946.924.9425x786','2016-06-28 04:00:50','1982-11-25 02:21:59'),(267,'Dan','Kovacek','iconroy@example.net','08622243796','1994-09-13 02:41:46','2001-04-09 13:51:36'),(268,'Jerald','Spinka','glen.steuber@example.com','(712)103-9420','2008-11-27 12:49:30','2019-02-16 00:59:52'),(269,'Reyna','D\'Amore','grayson74@example.net','049.739.7814','2003-09-28 19:00:01','2005-10-12 13:34:42'),(270,'Micheal','Steuber','leda.beier@example.org','+54(2)9098550845','1989-09-17 14:51:09','2003-12-10 18:43:55'),(271,'Maegan','Cummerata','whitney07@example.com','08725525812','1994-07-02 00:49:05','1996-03-31 11:29:28'),(272,'Korbin','Wisoky','maurice07@example.com','05140755873','2017-10-30 21:34:55','2005-12-30 09:24:54'),(273,'Gertrude','Kohler','mcrona@example.com','154-495-0838','1980-04-17 02:54:55','1989-05-17 18:50:16'),(274,'Carlotta','Dietrich','macey26@example.org','484-467-2882','2006-05-28 02:06:11','1994-03-18 08:04:31'),(275,'Juliana','McGlynn','kuvalis.edyth@example.net','439-503-4373x990','2000-05-16 15:19:44','2012-01-17 22:01:10'),(276,'Elisha','Jones','ervin.wunsch@example.com','01441598656','2001-02-03 04:09:24','2013-08-03 08:09:41'),(277,'Elva','Greenholt','bcummerata@example.org','+02(7)4916902733','1975-09-20 23:05:40','1996-06-08 08:10:10'),(278,'Riley','Simonis','dhudson@example.com','(950)859-1626x6907','1986-09-18 06:14:11','1997-02-02 07:01:33'),(279,'Cecil','Braun','kaycee.maggio@example.net','101-598-4670x6447','1995-10-18 10:28:40','2018-11-03 06:34:14'),(280,'Jermaine','Corwin','joesph75@example.org','+15(0)6788622387','2009-07-09 03:08:58','1975-04-27 18:15:46'),(281,'Keira','Greenholt','dandre.hintz@example.com','06964203224','1992-02-12 03:42:32','1996-08-15 20:05:28'),(282,'Henri','Bailey','eernser@example.com','165-054-3726','2013-09-03 16:16:03','1981-11-21 11:41:54'),(283,'Christiana','Volkman','newton43@example.net','1-153-805-1117','1979-10-15 08:07:01','1988-12-15 19:46:25'),(284,'Helen','Goodwin','dhowe@example.com','+01(0)6748855764','1984-09-27 20:16:24','1977-09-25 18:25:46'),(285,'Vicente','Conroy','jgraham@example.net','+51(2)8299182938','1994-11-06 12:11:46','1992-06-23 21:15:47'),(286,'Lucio','Greenfelder','nicolas.adams@example.net','347.152.5985x894','1981-04-26 12:34:00','2008-12-24 19:17:51'),(287,'Ramona','Larkin','ylangosh@example.net','1-556-661-3225x92722','2010-01-08 22:39:45','1972-06-12 01:06:03'),(288,'Marcellus','Harvey','ferry.kristopher@example.com','1-337-154-4440x839','1991-05-05 15:20:42','2018-08-23 17:16:29'),(289,'Rosina','Harvey','justine.o\'conner@example.com','08907138162','1984-01-06 15:11:24','2011-11-28 18:32:31'),(290,'Mike','Rath','morar.joannie@example.org','+38(1)3904328877','2002-07-27 09:44:06','1975-06-18 02:58:18'),(291,'Guy','Bergnaum','magali.heller@example.com','1-202-555-7769x3904','2006-12-02 02:51:13','1998-02-27 18:05:10'),(292,'Grayson','Gerhold','nzieme@example.com','+70(1)3388020975','2014-11-19 17:52:12','1993-08-14 01:42:54'),(293,'Laura','Eichmann','afton50@example.net','(338)303-0750x732','1986-12-30 19:17:42','2002-10-18 05:29:47'),(294,'Eliseo','Bergnaum','furman.howell@example.org','646-965-5706x3334','1990-02-13 02:42:33','2018-11-29 17:38:48'),(295,'Cyrus','Hegmann','kerluke.chester@example.com','(190)024-0049','1975-12-25 09:10:55','1984-04-30 09:02:43'),(296,'Victor','Murray','katelin.klein@example.com','1-604-881-1447','2014-10-02 06:37:57','1975-05-13 15:30:25'),(297,'Sid','Altenwerth','megane.gutmann@example.net','1-475-413-4084','1979-05-03 15:59:57','2000-09-14 05:34:33'),(298,'Kailyn','Jast','roderick03@example.net','812.242.7445x1814','2005-07-09 02:33:32','1976-11-08 09:54:58'),(299,'Paxton','Wunsch','samantha.mcclure@example.com','1-721-161-7232x3344','2008-10-06 13:52:10','1990-07-12 20:43:14'),(300,'Roberto','Lemke','philll@example.org','00492972164','1970-01-08 04:01:05','1979-05-17 14:50:21'),(301,'Jasmin','Reynolds','teagan.gibson@example.org','(988)915-4947x97116','2000-12-07 10:02:12','1982-12-27 15:05:26'),(302,'Mylene','Zemlak','cremin.ruth@example.net','194-023-1098x268','2000-12-29 13:17:34','1980-01-01 10:07:19'),(303,'Reyna','Boehm','cynthia43@example.net','338-700-8361x70470','2003-02-04 04:51:26','2002-07-13 22:01:01'),(304,'Vergie','Harvey','williamson.letitia@example.org','1-764-113-2369x27498','2005-03-20 15:27:31','1981-10-19 15:54:50'),(305,'Providenci','Kessler','onitzsche@example.net','130.740.2764','2000-01-14 06:20:46','2017-11-03 19:13:56'),(306,'Aditya','Hartmann','nathen94@example.org','1-256-191-4356','1997-05-08 10:56:37','1995-11-14 22:50:37'),(307,'Jessyca','Fahey','penelope10@example.net','860.940.2889x738','1973-02-26 18:12:40','1984-11-12 05:23:02'),(308,'Damien','Klocko','hvolkman@example.com','214-507-6408x75772','1982-08-12 05:53:24','1990-11-13 21:47:22'),(309,'Dina','Jacobi','aschamberger@example.org','+35(9)1758337504','1975-12-15 15:37:52','2017-03-19 05:09:39'),(310,'Carroll','Hackett','kassulke.brycen@example.net','1-088-236-4254x57903','1976-02-08 03:52:06','2018-06-18 22:09:56'),(311,'Alanis','Crooks','arvid.anderson@example.org','539.150.1578x62277','2010-10-17 18:19:20','1972-04-24 12:04:30'),(312,'Linnea','Douglas','rosella94@example.org','+37(7)4798407706','1970-08-09 15:52:55','1992-05-17 05:16:44'),(313,'Adolph','Hauck','lelah.walsh@example.com','932.471.9652x548','1999-11-29 02:29:07','2013-11-04 08:55:00'),(314,'Emelie','Kiehn','kacie60@example.net','1-076-769-6875','1991-03-25 03:13:25','1992-01-26 07:28:45'),(315,'Raven','Torp','cole.crist@example.org','01494718072','1970-10-24 15:56:01','1971-09-24 19:19:47'),(316,'Luella','Lowe','shana.wisoky@example.com','539-236-6903','2012-04-12 22:48:47','2001-02-09 10:58:34'),(317,'Zelma','Smith','kuhlman.marcelo@example.org','08877304900','2010-05-04 06:10:41','1974-03-18 11:22:45'),(318,'Arvel','Brakus','ian22@example.org','(308)888-5561x8960','1994-07-27 22:08:16','2001-06-12 23:26:51'),(319,'Quinn','Lynch','rweber@example.org','+25(3)5181304020','2013-12-22 09:53:49','2017-06-19 01:56:25'),(320,'Frida','Larson','schroeder.leon@example.net','(644)238-1651x881','2002-04-19 12:07:08','1974-10-27 10:21:05'),(321,'Beau','Will','verda37@example.net','1-983-655-7529x834','1986-12-25 18:37:56','1987-05-12 04:52:31'),(322,'Estevan','Funk','jhahn@example.com','289-718-2712','1985-06-08 23:05:25','2008-01-12 03:01:38'),(323,'Waylon','Kemmer','summer.roob@example.org','302.233.7756x844','1992-07-27 18:20:37','1994-01-28 21:59:48'),(324,'Beth','Pollich','arielle46@example.net','1-682-456-4532x523','2012-06-03 11:49:14','1993-12-16 22:22:21'),(325,'Merlin','Kuhlman','schuppe.mertie@example.net','06534506994','1975-07-09 17:03:26','2011-03-06 07:44:39'),(326,'Jimmie','Cole','keira70@example.com','+28(8)3080677645','1990-06-12 07:33:06','1982-12-12 09:50:43'),(327,'Zachery','Roberts','maurice.bosco@example.net','(930)187-2795x5973','2006-05-27 09:20:13','1984-05-19 16:55:33'),(328,'Katlyn','Cassin','maxie17@example.org','04626248083','1990-01-17 20:42:56','2007-07-30 17:21:52'),(329,'Junius','Wolf','wisozk.buddy@example.com','(314)574-0728','1992-08-10 14:42:34','1998-10-20 03:53:51'),(330,'Maddison','Paucek','barrows.ezekiel@example.net','(304)259-8697x1442','2017-03-11 18:05:51','1974-04-08 16:18:45'),(331,'Kaleb','Stiedemann','eboyer@example.net','715.897.0878x0115','2015-03-13 04:13:49','2012-04-11 08:04:56'),(332,'Christy','Purdy','aron75@example.net','496.648.7675','2001-09-18 08:20:42','1985-07-21 14:12:18'),(333,'Tracy','Borer','kertzmann.nona@example.net','01910332046','1978-07-23 06:28:39','1974-07-07 12:29:32'),(334,'Jamel','Skiles','dana31@example.net','057.356.2412','1987-03-28 09:02:14','1999-05-27 11:53:22'),(335,'Zackery','Renner','hilpert.sandra@example.net','(319)443-7726','1988-03-02 06:42:20','2010-11-21 06:32:06'),(336,'Matt','Graham','ktillman@example.net','(921)377-1932','1977-09-27 00:38:36','1989-02-25 07:07:51'),(337,'Francisca','VonRueden','abode@example.org','754-595-2437x8369','2015-01-07 11:54:50','1982-09-15 21:10:36'),(338,'Melvina','Labadie','ansel10@example.com','1-332-531-8337','1982-03-26 20:26:35','2015-07-11 10:55:12'),(339,'Yoshiko','Stokes','jacobson.sasha@example.org','572-003-6171x04611','1996-04-13 08:46:06','2008-11-17 10:33:53'),(340,'Marco','King','burley19@example.org','415.355.6656x122','1994-12-25 11:26:48','1988-09-09 18:02:42'),(341,'Chet','Cremin','mateo.hahn@example.com','+25(2)5913927689','1981-04-10 07:47:40','2014-04-09 14:02:22'),(342,'Ambrose','Hamill','hailie49@example.net','489-899-3520','1975-07-09 14:05:28','2015-09-11 20:32:33'),(343,'Kathryne','Skiles','friesen.effie@example.net','988-027-8919','2002-12-14 17:07:32','1999-12-26 04:13:05'),(344,'Cary','Schimmel','connelly.clifton@example.net','(323)308-9772x50686','2016-11-29 02:54:26','1979-06-30 21:45:52'),(345,'Leo','Steuber','fschuster@example.com','176-760-2231x8772','2013-08-15 21:05:03','1981-07-26 00:52:09'),(346,'Tyrell','Schmidt','hettie.stark@example.org','09124167674','1994-03-08 01:49:26','1998-03-16 19:59:33'),(347,'Clovis','Donnelly','vkunze@example.com','831-361-1862x64108','1984-10-31 07:32:48','2018-10-23 07:37:53'),(348,'Alice','Jones','hettie.yundt@example.net','118.685.4575','1986-04-15 17:57:44','1995-02-06 10:10:14'),(349,'Anna','Schowalter','nkshlerin@example.com','1-015-818-3494','1995-02-19 03:47:09','2007-11-26 05:42:56'),(350,'Grady','Gorczany','fredrick53@example.org','036.258.5141x4726','1996-09-08 20:52:06','2011-07-23 15:43:30'),(351,'Americo','Kuphal','delphia26@example.org','+50(4)2062472164','1986-01-23 07:48:11','1973-12-08 09:28:18'),(352,'Camden','Halvorson','qosinski@example.com','278.853.1299x39153','2010-03-18 15:36:16','1985-11-10 14:20:07'),(353,'Alexander','Hermiston','tavares.schaefer@example.com','(126)296-3915x75390','1998-05-21 07:07:03','1973-08-28 03:50:04'),(354,'Kamren','Skiles','marcelo.ledner@example.org','921.232.9443','2004-11-26 22:54:07','1997-11-27 01:44:24'),(355,'Amira','Schaden','jedidiah.kunde@example.com','(647)211-8745x1632','1995-05-01 16:32:37','1981-08-09 20:39:39'),(356,'Shaniya','Graham','fjakubowski@example.com','(261)135-0533','1993-12-30 04:21:35','1986-12-11 13:49:41'),(357,'Delphine','Gulgowski','bins.myrtle@example.com','1-559-100-9670x42076','2014-05-07 18:31:01','2006-03-08 03:58:47'),(358,'Kayleigh','Swift','willa.terry@example.org','04588414546','1991-11-30 07:38:30','1974-08-25 00:18:32'),(359,'Kane','Hyatt','jcollier@example.net','1-203-019-0237','2002-10-28 22:28:52','2001-03-10 21:16:58'),(360,'Alexandrine','Hegmann','veum.adell@example.com','(834)080-7107x22954','2011-08-10 04:15:46','2017-07-06 19:52:00'),(361,'Kamron','Moore','altenwerth.tad@example.com','(434)777-4828x1199','2015-07-13 07:00:03','2005-05-07 15:05:11'),(362,'Claudie','Bailey','bart.langworth@example.net','723.417.6627','2000-12-28 22:38:48','2002-02-10 02:02:13'),(363,'Novella','Pacocha','monserrat.nienow@example.net','343.085.5552x66694','1985-03-27 09:03:42','1993-08-25 02:06:29'),(364,'Lacy','Lubowitz','weber.clement@example.net','992.646.2183','1976-06-30 23:13:00','1986-09-30 03:59:03'),(365,'Stacey','Grimes','nicolas.labadie@example.org','817.869.3687','2000-08-28 06:39:34','1990-10-15 00:21:20'),(366,'Ella','Hirthe','oryan@example.com','+73(6)2239629054','2010-11-07 02:03:13','2017-10-23 08:21:36'),(367,'Nigel','Bartell','cboyle@example.net','209-683-6277','2017-03-29 17:13:50','1998-05-14 11:02:34'),(368,'Jackeline','Kutch','odessa87@example.net','480-055-1304x46087','2016-08-04 08:44:31','1989-08-20 07:46:56'),(369,'Susana','Rogahn','wilderman.christina@example.org','01260556582','1973-03-14 01:04:22','2004-04-07 18:40:34'),(370,'Roselyn','Champlin','nthiel@example.net','(114)593-6196x086','2003-03-01 12:10:21','1993-07-16 10:22:23'),(371,'Domingo','Cremin','gail.bartoletti@example.net','03351605130','1984-10-19 04:38:54','2006-01-10 16:05:22'),(372,'Brett','Cruickshank','kenny.bechtelar@example.com','1-831-884-6428x800','1973-04-21 20:24:58','2019-07-02 17:40:49'),(373,'Elaina','Price','epfannerstill@example.org','+16(2)3205185089','2018-10-07 02:34:47','2002-12-30 00:45:26'),(374,'Sheridan','Bergstrom','dee68@example.com','926-696-4960x1006','2009-01-13 23:41:16','2018-10-28 21:40:24'),(375,'Estevan','Fisher','brain87@example.com','1-981-306-7128x909','1996-05-18 07:01:24','1997-03-24 10:07:50'),(376,'Graham','Walker','emard.stephen@example.net','05637827900','2008-07-21 10:43:09','1973-12-23 18:01:09'),(377,'Caesar','Ullrich','eshanahan@example.org','750-163-7846','2016-04-28 08:26:28','1993-08-10 08:02:42'),(378,'Julio','Schiller','theron.kessler@example.com','473-621-6626x2782','2014-07-06 12:59:23','2010-08-02 09:51:00'),(379,'Tiana','Aufderhar','asa.sawayn@example.net','518-805-1825x8723','1975-05-01 16:23:37','1977-11-05 13:04:04'),(380,'Gabe','McDermott','devon88@example.org','1-465-612-9354x4955','2016-11-21 12:47:15','2018-04-05 15:01:01'),(381,'Arnaldo','Nitzsche','stanford63@example.net','316-141-1584x76631','1998-11-15 11:42:44','1989-04-25 11:58:19'),(382,'Cullen','Littel','martin.kassulke@example.com','448.023.2754','1992-07-18 04:16:24','1994-02-02 10:41:27'),(383,'Chase','Hettinger','katelynn.moen@example.net','02741140263','2015-02-21 06:45:39','2008-09-03 08:39:51'),(384,'Adam','Bednar','bryce.russel@example.com','1-095-822-0754','2018-07-10 07:14:11','1980-12-20 08:59:47'),(385,'Johathan','Durgan','trudie.botsford@example.com','03457442647','1988-01-22 13:56:30','1971-08-28 22:18:53'),(386,'Ana','Kautzer','carey.little@example.org','(289)101-7295x15351','1979-06-11 01:23:38','1971-02-24 23:47:39'),(387,'Angus','Rosenbaum','hirthe.retta@example.com','(969)630-3603x1521','1995-09-21 20:06:19','1998-12-13 17:13:34'),(388,'Heloise','Jacobs','lia75@example.org','(795)373-6229','1989-04-10 01:29:13','1987-01-25 19:57:49'),(389,'Elenor','Dibbert','edyth52@example.org','1-983-683-4248x822','2017-11-12 01:22:32','2019-12-01 23:21:41'),(390,'Karen','Greenfelder','vdeckow@example.org','1-724-246-5021','1972-09-16 18:34:09','1980-10-28 17:25:03'),(391,'Laurence','Fadel','dashawn41@example.com','04853982488','2017-07-03 03:26:21','1973-01-02 00:51:16'),(392,'Lonzo','Mosciski','oo\'hara@example.com','437.543.9866x82848','2000-11-15 12:43:30','2012-09-29 13:07:07'),(393,'Tressa','Von','wintheiser.elissa@example.com','04903352445','2018-03-13 15:11:11','1990-10-23 17:07:49'),(394,'Robbie','Doyle','towne.lilliana@example.com','097.211.1951x83030','2010-03-08 21:45:21','2015-08-29 12:42:11'),(395,'Vivien','O\'Keefe','beier.verona@example.org','620-813-2353x614','1979-02-22 15:06:22','1989-08-10 18:42:38'),(396,'Charlotte','Gislason','becker.samara@example.com','172-860-4992','1983-10-24 04:11:34','2005-02-12 16:31:04'),(397,'Carolyne','Thiel','elouise.dicki@example.com','+95(6)9329176875','1989-10-05 03:00:41','1999-09-25 01:53:14'),(398,'Winifred','Bode','xpagac@example.net','738.227.5359x74808','2018-01-22 22:25:34','1974-11-19 18:56:05'),(399,'Marcia','Smith','cordell.stanton@example.net','(248)889-4556x7453','2002-07-17 14:16:32','1979-03-01 02:13:11'),(400,'Naomi','Olson','abechtelar@example.com','577.845.2068','2004-04-07 05:13:11','1998-09-14 22:20:56'),(401,'Dahlia','Gusikowski','trisha54@example.org','956.579.3687x15691','1991-03-12 02:31:04','1978-03-29 19:48:55'),(402,'Sam','Bahringer','aubrey56@example.com','999-309-4228','1992-06-03 22:36:18','2018-05-02 05:09:13'),(403,'Sincere','Conn','russel56@example.com','076.600.6033x5684','2013-06-05 02:28:09','2013-05-28 03:11:35'),(404,'Estrella','Simonis','pjast@example.org','707-578-0831x9257','2017-02-09 11:02:37','1983-08-30 05:09:18'),(405,'America','Wilderman','naomi.smith@example.com','993.180.5191x7148','2004-09-16 11:15:26','1991-03-16 04:09:50'),(406,'Verla','Stehr','retta49@example.com','(618)055-2861','2013-09-28 06:46:01','1990-01-31 04:53:14'),(407,'Leon','Brown','lubowitz.zoey@example.net','04149459234','2019-12-22 01:20:15','1978-11-09 23:51:46'),(408,'Adrien','Nolan','zboncak.osvaldo@example.net','(264)157-5459x221','1971-10-03 01:36:55','1973-04-19 01:45:25'),(409,'Tressa','Hyatt','pfahey@example.com','251-016-5671x211','2001-09-06 22:18:02','1970-03-12 21:21:54'),(410,'Reba','Johnston','harmon49@example.com','1-816-705-1142x1490','2012-12-22 10:53:47','2008-03-13 02:27:29'),(411,'Alexandrine','O\'Hara','murphy.hermiston@example.net','1-630-104-6083x886','1978-03-24 19:24:33','2019-04-09 05:06:16'),(412,'Maya','Nienow','miller.vesta@example.org','(351)639-5074x2352','1999-11-29 01:33:05','1982-03-04 19:02:12'),(413,'Israel','Greenfelder','emiliano.rempel@example.net','171-145-5649','2009-08-09 00:00:03','1971-05-23 18:41:24'),(414,'Foster','King','daron.parker@example.com','1-213-053-7211','2001-02-14 02:35:14','1982-08-19 16:31:12'),(415,'Kenny','Hills','cmckenzie@example.org','736-995-3646x9154','2018-08-18 04:32:56','1987-11-16 23:28:39'),(416,'Eloy','Durgan','ruecker.bernardo@example.net','05721385265','1988-11-04 02:12:13','1986-12-01 12:08:30'),(417,'Ernestina','Cole','rkoelpin@example.com','1-941-615-9911','1983-04-16 01:13:27','1988-08-02 10:55:16'),(418,'Boyd','Monahan','mervin.mitchell@example.org','(610)578-0234x30274','1987-02-05 20:33:24','1986-08-21 05:37:01'),(419,'Junior','Aufderhar','uschaden@example.net','03377120882','1997-02-17 08:40:10','2004-05-04 11:32:36'),(420,'Ernestina','Towne','velva.ledner@example.org','1-110-670-5338x16615','2018-02-16 14:08:13','1984-02-02 03:20:55'),(421,'Garland','Gorczany','zheidenreich@example.com','590.702.5691x592','2019-01-03 22:42:26','2018-03-02 04:56:31'),(422,'Alfredo','Koch','myron.stroman@example.net','07373312956','1979-11-24 23:48:55','2005-04-12 18:17:18'),(423,'Eugene','Langworth','rylan93@example.net','498-986-0396x93430','2019-05-13 15:49:17','1989-04-14 15:10:27'),(424,'Travis','Spencer','dave76@example.com','223.904.8531','2011-03-02 05:28:39','1972-03-18 03:52:31'),(425,'Dena','Grant','makenna67@example.com','(567)825-1991x3878','2008-10-21 15:43:26','2017-06-28 03:33:44'),(426,'Luciano','Baumbach','ryan.golda@example.com','(962)907-1920','2006-01-01 07:17:36','1979-05-20 03:56:19'),(427,'Darian','Herzog','wbeatty@example.org','416-203-1606x596','1988-02-09 07:52:15','1987-11-16 11:09:51'),(428,'Brenna','Greenfelder','amos38@example.net','(298)687-9658x114','1984-04-22 23:03:26','2006-12-24 20:05:52'),(429,'Dimitri','O\'Kon','walter.willow@example.net','03026910361','2001-11-18 09:34:27','1972-02-28 02:08:42'),(430,'Alec','Cummerata','kovacek.vaughn@example.com','(632)851-8518','1999-10-18 16:33:24','1984-03-23 10:20:58'),(431,'Kane','Smith','dwillms@example.org','(048)926-7474x139','2001-12-06 15:29:59','2019-03-30 11:01:52'),(432,'Lorenza','Reichel','cummerata.izaiah@example.net','+29(6)3603262614','1993-03-21 22:36:44','1997-03-01 04:16:01'),(433,'Lyda','Johnson','aufderhar.emory@example.org','1-249-397-1652','1995-07-06 18:35:30','1990-10-12 16:49:16'),(434,'Olga','Christiansen','kohler.jaden@example.com','713.032.9893x5898','2012-02-22 07:11:17','2017-11-08 14:04:34'),(435,'Daryl','Sauer','vwunsch@example.com','1-805-873-5178','1976-07-28 06:03:24','1990-12-26 09:42:36'),(436,'Shad','Harvey','manuel02@example.org','(202)283-0428','2008-02-23 08:26:49','2004-01-24 12:46:26'),(437,'Aidan','Larson','grobel@example.com','779-623-7300x9481','1982-01-29 13:53:29','1981-02-14 06:02:56'),(438,'Augusta','Bergnaum','smoen@example.com','(823)644-3372x582','2011-07-23 21:04:29','1990-10-09 13:35:41'),(439,'Maxine','Yundt','jackeline.morar@example.com','(008)943-4833','2003-04-03 13:47:45','1977-05-19 02:53:00'),(440,'D\'angelo','Russel','velva.mckenzie@example.org','526.600.6727x054','1978-05-20 04:47:24','1994-08-02 02:07:55'),(441,'Carter','Howe','jarrod.kohler@example.org','096-838-0283x94664','1993-11-16 03:56:30','1980-08-05 04:04:26'),(442,'Percival','Vandervort','austin94@example.org','(796)026-1276','2005-08-04 06:21:48','2010-04-28 07:18:07'),(443,'Braden','Abbott','rashawn.corkery@example.com','1-199-248-3098x8971','2017-09-17 15:33:21','1997-03-17 13:47:12'),(444,'Crystel','O\'Reilly','arunte@example.com','05563681255','2017-08-25 21:53:19','1993-08-01 08:11:14'),(445,'Al','Koepp','veum.paige@example.com','+14(9)0078546043','1989-07-24 21:57:21','2007-08-28 00:20:24'),(446,'Ariane','Schroeder','morgan.koch@example.net','(463)294-0756x39668','2008-10-13 12:15:24','1970-06-06 21:08:59'),(447,'Tyree','Feest','ivon@example.net','09635718012','2000-04-17 01:23:25','1998-06-12 16:15:18'),(448,'Hoyt','Kunde','hugh18@example.org','(666)723-7425x29604','1977-12-29 01:59:49','1995-09-14 22:29:10'),(449,'Faye','Kiehn','wiza.mohammed@example.net','02583503593','1988-07-24 09:37:04','1988-04-03 10:28:20'),(450,'Winfield','Ankunding','balistreri.sally@example.com','443.330.4425','1971-03-20 02:08:28','1986-08-31 13:04:49'),(451,'Domenick','Jakubowski','laron16@example.org','1-178-855-6220x20232','1996-08-26 04:23:46','2012-11-05 16:50:09'),(452,'Werner','Veum','lea.torphy@example.org','1-774-810-7808x2429','1975-12-07 07:56:02','1982-06-29 04:07:40'),(453,'Louvenia','Welch','lily92@example.com','978.644.5173','2015-01-08 11:43:40','1987-08-26 18:21:31'),(454,'Jay','Dicki','zhills@example.net','(810)792-9132','1977-03-17 02:03:26','1980-10-02 11:23:11'),(455,'Derek','Schroeder','akoss@example.net','(821)952-8096x918','2006-01-26 15:14:44','1988-10-12 02:57:18'),(456,'Terrance','DuBuque','bernhard40@example.com','04026619528','1992-02-17 19:14:41','1992-07-26 03:22:06'),(457,'Shanna','Ebert','avis.goyette@example.net','+11(6)4763818683','2015-01-05 16:36:18','1974-12-30 11:53:07'),(458,'Adrienne','Bauch','ljacobi@example.org','(828)316-3000','1991-08-05 06:37:44','1980-04-29 15:49:38'),(459,'Lukas','Bode','arnaldo.becker@example.com','(814)008-1062','1996-06-22 01:40:31','1983-03-25 12:38:53'),(460,'Samantha','Cruickshank','cheidenreich@example.org','862.696.3962x6451','1981-10-23 01:22:41','2007-12-15 13:35:38'),(461,'Kaylah','Schroeder','manley.raynor@example.net','1-064-236-3188','1994-01-24 17:26:48','2016-07-23 13:17:13'),(462,'Minerva','Ortiz','feeney.lucile@example.org','1-893-742-6078','2011-02-09 19:12:51','1986-10-17 12:00:39'),(463,'Vilma','Feest','leilani79@example.com','787.736.2214x0750','1974-02-27 14:45:39','2015-12-24 07:16:04'),(464,'Thora','Sipes','sdavis@example.net','790.217.0059x7365','2002-04-17 11:59:18','1982-09-13 04:38:26'),(465,'Jalyn','Feest','hartmann.raegan@example.com','1-781-772-8044','2013-02-20 06:18:03','1984-10-04 16:02:46'),(466,'Aracely','Ondricka','herzog.keenan@example.net','422.333.6934x695','2004-01-27 17:19:57','2009-12-01 20:46:12'),(467,'Kyla','Schaden','zeichmann@example.net','441.806.3969x8200','1989-01-03 23:29:57','1987-05-31 22:51:30'),(468,'Maude','Barrows','barton.cary@example.net','(772)861-7586','2003-07-22 05:51:06','1990-12-07 23:55:56'),(469,'Priscilla','Carroll','viola45@example.com','1-003-962-9900x64287','2009-09-14 05:20:46','1984-10-25 16:19:21'),(470,'Gwen','Kautzer','lmacejkovic@example.com','1-613-433-4333','2008-07-05 19:42:49','2010-05-09 02:16:40'),(471,'Fritz','Mosciski','mara.christiansen@example.net','(170)716-3342','1998-12-06 13:00:28','2014-06-27 08:17:31'),(472,'Jackeline','Conroy','beier.rossie@example.org','1-993-909-3179x6773','2002-02-02 22:12:23','2016-04-07 00:50:47'),(473,'Shaina','O\'Keefe','kgoldner@example.com','686-309-1734x7446','2015-04-05 13:26:20','1975-07-06 17:36:26'),(474,'Antonio','Blanda','margarette.schultz@example.com','(787)131-8182x395','1984-07-01 01:59:06','2001-12-18 11:41:33'),(475,'Lottie','Schimmel','johnathan01@example.org','402-137-2253x153','1984-02-12 02:30:12','1971-09-13 13:03:06'),(476,'Monserrat','Powlowski','bernhard.davonte@example.com','1-333-131-5141x4525','2003-10-03 16:08:07','1980-10-08 00:56:40'),(477,'Krystal','Hilpert','paucek.olaf@example.com','1-478-003-7324x85291','2014-05-24 11:30:38','1980-07-09 09:52:30'),(478,'Alexzander','Von','lacey67@example.org','03018748177','2001-10-07 08:53:58','1989-05-16 12:22:09'),(479,'August','Tremblay','larkin.kristina@example.net','1-075-975-4708','2014-01-14 18:51:10','2010-04-22 21:19:23'),(480,'Alessandro','Hilll','ullrich.karson@example.com','(209)828-8575x076','1971-12-09 05:09:10','2004-03-25 15:56:20'),(481,'Malvina','McDermott','ole71@example.com','1-970-829-8979','1991-10-30 00:25:25','2001-10-22 07:59:24'),(482,'Emely','O\'Hara','raphael15@example.net','276.033.3321x7826','1992-06-15 04:01:30','2011-06-07 03:56:26'),(483,'Jarred','Schinner','rromaguera@example.com','1-972-599-0824x66207','1983-08-21 23:29:24','1990-01-11 01:07:23'),(484,'Kadin','Macejkovic','nikolaus.adriel@example.com','1-012-842-6234x568','2001-02-23 10:43:46','1975-01-10 23:13:53'),(485,'Johann','Lueilwitz','little.marques@example.net','1-388-931-2221','2011-12-25 08:19:05','1970-08-30 07:19:59'),(486,'Jillian','Bogan','rowena.keeling@example.org','(752)884-7394x327','1999-02-02 23:17:39','2012-07-15 10:32:04'),(487,'Caterina','Fay','schroeder.maribel@example.com','01782761713','1973-04-12 23:45:47','1989-03-10 20:05:55'),(488,'Layne','Kirlin','mazie.buckridge@example.net','1-734-088-1238x268','2004-09-13 19:13:36','1989-06-07 15:15:56'),(489,'Emmie','Bednar','friesen.aiyana@example.org','085.869.0620x754','2003-12-13 02:40:16','2009-12-27 05:26:25'),(490,'Kelvin','Langworth','pat17@example.com','02726936810','1993-03-11 00:15:04','1977-04-20 14:09:27'),(491,'Jaron','Gibson','lue.rohan@example.org','+63(4)2837108642','2019-12-01 17:36:58','2019-08-13 18:34:37'),(492,'Kathlyn','Cremin','osinski.marisol@example.org','(891)708-4389x41559','1981-03-22 21:32:15','1975-01-09 13:13:16'),(493,'Hazel','Hudson','nona.sawayn@example.net','733-973-5640','1998-05-22 07:30:02','1976-08-25 02:00:35'),(494,'Marcelino','Macejkovic','franecki.vincent@example.com','(721)724-9048','1984-02-17 06:43:47','1990-08-20 10:30:41'),(495,'Damion','Gusikowski','jluettgen@example.net','052-706-1201x3007','1992-12-31 01:50:48','1999-10-18 18:08:19'),(496,'Bret','Schamberger','iva07@example.com','930.862.8498x90113','1984-03-07 19:40:51','2013-04-24 22:38:36'),(497,'Vernie','Hirthe','kaden.hickle@example.net','(236)427-0919x556','2014-04-02 11:19:04','1988-02-27 02:28:20'),(498,'Erna','Armstrong','stanford.vonrueden@example.com','1-356-869-1890x964','1995-01-14 16:42:28','2006-07-04 13:35:17'),(499,'Kamille','Cummerata','jebert@example.net','+61(1)5987973432','1977-09-24 20:54:15','1980-02-27 11:37:22'),(500,'Lew','Mosciski','abartell@example.com','197-112-4753x5901','2009-03-11 18:17:52','1977-01-12 01:31:51');
/*!40000 ALTER TABLE `users` ENABLE KEYS */;
UNLOCK TABLES;
/*!40103 SET TIME_ZONE=@OLD_TIME_ZONE */;

/*!40101 SET SQL_MODE=@OLD_SQL_MODE */;
/*!40014 SET FOREIGN_KEY_CHECKS=@OLD_FOREIGN_KEY_CHECKS */;
/*!40014 SET UNIQUE_CHECKS=@OLD_UNIQUE_CHECKS */;
/*!40101 SET CHARACTER_SET_CLIENT=@OLD_CHARACTER_SET_CLIENT */;
/*!40101 SET CHARACTER_SET_RESULTS=@OLD_CHARACTER_SET_RESULTS */;
/*!40101 SET COLLATION_CONNECTION=@OLD_COLLATION_CONNECTION */;
/*!40111 SET SQL_NOTES=@OLD_SQL_NOTES */;

-- Dump completed on 2020-02-12 15:15:41
